ticker,check,statistic,observed,lower,upper,inside
A,prior,mean_pct,0.09701229020606661,-0.42011757146774187,0.45522948165096727,True
A,prior,volatility_pct,2.0485302759956343,0.2123767568325391,3.757111591216392,True
A,prior,q01_pct,-3.53931225836277,-9.347358371131122,-0.4511408458347419,True
A,prior,q99_pct,4.734145030379295,0.48219812195748046,9.325640810653544,True
A,prior,max_drawdown_pct,-29.74744112608979,-70.82048945093555,-1.2993932314906609,True
A,posterior,mean_pct,0.09701229020606661,-0.37157049893481364,0.3744906375055272,True
A,posterior,volatility_pct,2.0485302759956343,1.503315026412498,4.564685147186363,True
A,posterior,q01_pct,-3.53931225836277,-9.42833614628762,-3.416796396300197,True
A,posterior,q99_pct,4.734145030379295,3.3388669935986384,9.017043860815457,True
A,posterior,max_drawdown_pct,-29.74744112608979,-71.70500891331763,-11.165682603529445,True
AAPL,prior,mean_pct,0.13869539898081484,-0.42011757146774187,0.45522948165096727,True
AAPL,prior,volatility_pct,1.5837021748898783,0.2123767568325391,3.757111591216392,True
AAPL,prior,q01_pct,-4.253724310547113,-9.347358371131122,-0.4511408458347419,True
AAPL,prior,q99_pct,4.034123066812753,0.48219812195748046,9.325640810653544,True
AAPL,prior,max_drawdown_pct,-13.79852383839577,-70.82048945093555,-1.2993932314906609,True
AAPL,posterior,mean_pct,0.13869539898081484,-0.2761681997286587,0.46498937430656895,True
AAPL,posterior,volatility_pct,1.5837021748898783,1.260829459232493,4.018559832982338,True
AAPL,posterior,q01_pct,-4.253724310547113,-7.923943086341023,-2.701502497587353,True
AAPL,posterior,q99_pct,4.034123066812753,2.8703450446017067,8.77810533158478,True
AAPL,posterior,max_drawdown_pct,-13.79852383839577,-65.60751792806609,-6.976118724785263,True
ABBV,prior,mean_pct,0.10757649288279936,-0.42011757146774187,0.45522948165096727,True
ABBV,prior,volatility_pct,1.6584802255759339,0.2123767568325391,3.757111591216392,True
ABBV,prior,q01_pct,-3.9806561730802064,-9.347358371131122,-0.4511408458347419,True
ABBV,prior,q99_pct,4.223242197185755,0.48219812195748046,9.325640810653544,True
ABBV,prior,max_drawdown_pct,-17.315232372385825,-70.82048945093555,-1.2993932314906609,True
ABBV,posterior,mean_pct,0.10757649288279936,-0.3401615629366006,0.37403090529844224,True
ABBV,posterior,volatility_pct,1.6584802255759339,1.2513148936519594,2.776017884129848,True
ABBV,posterior,q01_pct,-3.9806561730802064,-8.083540087379514,-2.7800884983502345,True
ABBV,posterior,q99_pct,4.223242197185755,2.792496857559306,8.272074354346799,True
ABBV,posterior,max_drawdown_pct,-17.315232372385825,-63.572466144499465,-9.572970509079278,True
ABNB,prior,mean_pct,0.15262717465702735,-0.42011757146774187,0.45522948165096727,True
ABNB,prior,volatility_pct,2.1577199796316635,0.2123767568325391,3.757111591216392,True
ABNB,prior,q01_pct,-4.684963971376418,-9.347358371131122,-0.4511408458347419,True
ABNB,prior,q99_pct,5.055019669234753,0.48219812195748046,9.325640810653544,True
ABNB,prior,max_drawdown_pct,-17.212827387572172,-70.82048945093555,-1.2993932314906609,True
ABNB,posterior,mean_pct,0.15262717465702735,-0.43754293437359415,0.4095024678020991,True
ABNB,posterior,volatility_pct,2.1577199796316635,1.6328806309316088,3.1708217367583473,True
ABNB,posterior,q01_pct,-4.684963971376418,-8.642005943506955,-3.3298383828252565,True
ABNB,posterior,q99_pct,5.055019669234753,3.177329802419989,8.803429442644116,True
ABNB,posterior,max_drawdown_pct,-17.212827387572172,-73.85675510462332,-10.994958672663994,True
ABT,prior,mean_pct,-0.0523410449147832,-0.42011757146774187,0.45522948165096727,True
ABT,prior,volatility_pct,1.6788401184581307,0.2123767568325391,3.757111591216392,True
ABT,prior,q01_pct,-3.418085537850857,-9.347358371131122,-0.4511408458347419,True
ABT,prior,q99_pct,3.753846175968641,0.48219812195748046,9.325640810653544,True
ABT,prior,max_drawdown_pct,-38.61067681598998,-70.82048945093555,-1.2993932314906609,True
ABT,posterior,mean_pct,-0.0523410449147832,-0.44227857948486893,0.28456047667846085,True
ABT,posterior,volatility_pct,1.6788401184581307,1.2427581374482572,2.4489364685361017,True
ABT,posterior,q01_pct,-3.418085537850857,-7.349955176562071,-2.7899701751768595,True
ABT,posterior,q99_pct,3.753846175968641,2.476818506885319,7.581893642619235,True
ABT,posterior,max_drawdown_pct,-38.61067681598998,-70.33780331168897,-10.915538815174617,True
ACGL,prior,mean_pct,0.03725469738924403,-0.42011757146774187,0.45522948165096727,True
ACGL,prior,volatility_pct,1.324079541355038,0.2123767568325391,3.757111591216392,True
ACGL,prior,q01_pct,-3.9241388998925686,-9.347358371131122,-0.4511408458347419,True
ACGL,prior,q99_pct,3.3225356601178633,0.48219812195748046,9.325640810653544,True
ACGL,prior,max_drawdown_pct,-14.08119293319472,-70.82048945093555,-1.2993932314906609,True
ACGL,posterior,mean_pct,0.03725469738924403,-0.19340959853856177,0.35422561449685114,True
ACGL,posterior,volatility_pct,1.324079541355038,1.0877811585242727,1.921992184061949,True
ACGL,posterior,q01_pct,-3.9241388998925686,-5.720891562849284,-2.2349698239937426,True
ACGL,posterior,q99_pct,3.3225356601178633,2.434349207533523,5.718683167546985,True
ACGL,posterior,max_drawdown_pct,-14.08119293319472,-48.19954715109368,-6.430466365290034,True
ACN,prior,mean_pct,-0.0765502206832025,-0.42011757146774187,0.45522948165096727,True
ACN,prior,volatility_pct,2.7653314514828655,0.2123767568325391,3.757111591216392,True
ACN,prior,q01_pct,-6.380775813013314,-9.347358371131122,-0.4511408458347419,True
ACN,prior,q99_pct,6.366704124957312,0.48219812195748046,9.325640810653544,True
ACN,prior,max_drawdown_pct,-56.506796907748445,-70.82048945093555,-1.2993932314906609,True
ACN,posterior,mean_pct,-0.0765502206832025,-0.5257564848529839,0.45653339861190984,True
ACN,posterior,volatility_pct,2.7653314514828655,2.0571487079523956,3.0177051095555645,True
ACN,posterior,q01_pct,-6.380775813013314,-9.776620275247842,-4.277508650533855,True
ACN,posterior,q99_pct,6.366704124957312,4.1118201358243756,9.241382763907295,True
ACN,posterior,max_drawdown_pct,-56.506796907748445,-77.38295993295657,-13.376685078591,True
ADBE,prior,mean_pct,-0.07924579705758106,-0.42011757146774187,0.45522948165096727,True
ADBE,prior,volatility_pct,2.512115760688758,0.2123767568325391,3.757111591216392,True
ADBE,prior,q01_pct,-6.742997281253338,-9.347358371131122,-0.4511408458347419,True
ADBE,prior,q99_pct,5.898041613399978,0.48219812195748046,9.325640810653544,True
ADBE,prior,max_drawdown_pct,-47.365697396608155,-70.82048945093555,-1.2993932314906609,True
ADBE,posterior,mean_pct,-0.07924579705758106,-0.461123403365292,0.4107820239593565,True
ADBE,posterior,volatility_pct,2.512115760688758,1.9294037731402507,2.938715162578694,True
ADBE,posterior,q01_pct,-6.742997281253338,-8.771087497845292,-4.36745359422639,True
ADBE,posterior,q99_pct,5.898041613399978,3.9855704607442,8.535782863758492,True
ADBE,posterior,max_drawdown_pct,-47.365697396608155,-74.11302603305704,-14.35133126988151,True
ADI,prior,mean_pct,0.1692325077641499,-0.42011757146774187,0.45522948165096727,True
ADI,prior,volatility_pct,2.2144489469817543,0.2123767568325391,3.757111591216392,True
ADI,prior,q01_pct,-5.7765697687864295,-9.347358371131122,-0.4511408458347419,True
ADI,prior,q99_pct,5.688055716454982,0.48219812195748046,9.325640810653544,True
ADI,prior,max_drawdown_pct,-20.67657696812568,-70.82048945093555,-1.2993932314906609,True
ADI,posterior,mean_pct,0.1692325077641499,-0.3604433509768512,0.5413262949646142,True
ADI,posterior,volatility_pct,2.2144489469817543,1.7918017093649705,2.9415522114095896,True
ADI,posterior,q01_pct,-5.7765697687864295,-9.467126106098295,-3.7254622597247375,True
ADI,posterior,q99_pct,5.688055716454982,4.048243391141294,9.268121270649129,True
ADI,posterior,max_drawdown_pct,-20.67657696812568,-70.21302042517755,-10.580002187266416,True
ADM,prior,mean_pct,0.14316471059032665,-0.42011757146774187,0.45522948165096727,True
ADM,prior,volatility_pct,1.7082601687284327,0.2123767568325391,3.757111591216392,True
ADM,prior,q01_pct,-3.638636618852616,-9.347358371131122,-0.4511408458347419,True
ADM,prior,q99_pct,4.258830193430179,0.48219812195748046,9.325640810653544,True
ADM,prior,max_drawdown_pct,-12.28813893381535,-70.82048945093555,-1.2993932314906609,True
ADM,posterior,mean_pct,0.14316471059032665,-0.34357518656018726,0.3766248894788475,True
ADM,posterior,volatility_pct,1.7082601687284327,1.4355049000620397,2.4651253491914433,True
ADM,posterior,q01_pct,-3.638636618852616,-6.683377800695599,-3.0015669663436713,True
ADM,posterior,q99_pct,4.258830193430179,3.0273452217690635,6.449970930255939,True
ADM,posterior,max_drawdown_pct,-12.28813893381535,-61.73365579467402,-9.875540975013875,True
ADP,prior,mean_pct,-0.010517904217977048,-0.42011757146774187,0.45522948165096727,True
ADP,prior,volatility_pct,1.7014228040910957,0.2123767568325391,3.757111591216392,True
ADP,prior,q01_pct,-3.8624472357332706,-9.347358371131122,-0.4511408458347419,True
ADP,prior,q99_pct,4.658710211515414,0.48219812195748046,9.325640810653544,True
ADP,prior,max_drawdown_pct,-36.673664545582355,-70.82048945093555,-1.2993932314906609,True
ADP,posterior,mean_pct,-0.010517904217977048,-0.3716674837720131,0.3194197449233939,True
ADP,posterior,volatility_pct,1.7014228040910957,1.3579612322676586,2.945879625877127,True
ADP,posterior,q01_pct,-3.8624472357332706,-8.05274646934122,-3.0916812821291386,True
ADP,posterior,q99_pct,4.658710211515414,2.9608301648870086,8.352976704761375,True
ADP,posterior,max_drawdown_pct,-36.673664545582355,-68.34732038000706,-9.061235396617212,True
ADSK,prior,mean_pct,-0.08138043581311649,-0.42011757146774187,0.45522948165096727,True
ADSK,prior,volatility_pct,2.375892437471084,0.2123767568325391,3.757111591216392,True
ADSK,prior,q01_pct,-6.365605555474758,-9.347358371131122,-0.4511408458347419,True
ADSK,prior,q99_pct,6.691143997013557,0.48219812195748046,9.325640810653544,True
ADSK,prior,max_drawdown_pct,-42.556383297307946,-70.82048945093555,-1.2993932314906609,True
ADSK,posterior,mean_pct,-0.08138043581311649,-0.36419646988613863,0.4870124957671004,True
ADSK,posterior,volatility_pct,2.375892437471084,1.8869459549820435,3.269253707263381,True
ADSK,posterior,q01_pct,-6.365605555474758,-9.906901047937572,-4.087966981623322,True
ADSK,posterior,q99_pct,6.691143997013557,4.169631362427025,9.88180111553518,True
ADSK,posterior,max_drawdown_pct,-42.556383297307946,-69.19749499622985,-12.486992009853054,True
AEE,prior,mean_pct,0.042221179404577924,-0.42011757146774187,0.45522948165096727,True
AEE,prior,volatility_pct,1.0722472279863016,0.2123767568325391,3.757111591216392,True
AEE,prior,q01_pct,-3.0433954391628504,-9.347358371131122,-0.4511408458347419,True
AEE,prior,q99_pct,2.5793659687042236,0.48219812195748046,9.325640810653544,True
AEE,prior,max_drawdown_pct,-10.505409111979091,-70.82048945093555,-1.2993932314906609,True
AEE,posterior,mean_pct,0.042221179404577924,-0.14497688484878068,0.26653426018699594,True
AEE,posterior,volatility_pct,1.0722472279863016,0.9023497551938868,1.4126951987603327,True
AEE,posterior,q01_pct,-3.0433954391628504,-4.506373719498515,-1.8751328424084934,True
AEE,posterior,q99_pct,2.5793659687042236,1.9730920079164196,4.197190328221758,True
AEE,posterior,max_drawdown_pct,-10.505409111979091,-39.945922837266345,-5.227797287273643,True
AEP,prior,mean_pct,0.06115079423523184,-0.42011757146774187,0.45522948165096727,True
AEP,prior,volatility_pct,1.1959392640467723,0.2123767568325391,3.757111591216392,True
AEP,prior,q01_pct,-2.857619198039174,-9.347358371131122,-0.4511408458347419,True
AEP,prior,q99_pct,2.72438796237111,0.48219812195748046,9.325640810653544,True
AEP,prior,max_drawdown_pct,-12.134423405369754,-70.82048945093555,-1.2993932314906609,True
AEP,posterior,mean_pct,0.06115079423523184,-0.19826842733895944,0.3112541118494344,True
AEP,posterior,volatility_pct,1.1959392640467723,0.9544372877686015,1.9665980468944861,True
AEP,posterior,q01_pct,-2.857619198039174,-6.194874503929168,-1.883714051824063,True
AEP,posterior,q99_pct,2.72438796237111,2.0428427309263477,5.8277854686602835,True
AEP,posterior,max_drawdown_pct,-12.134423405369754,-45.2310653109397,-5.992283806947828,True
AES,prior,mean_pct,0.07703885454475312,-0.42011757146774187,0.45522948165096727,True
AES,prior,volatility_pct,2.0834163261296443,0.2123767568325391,3.757111591216392,True
AES,prior,q01_pct,-3.290296513587236,-9.347358371131122,-0.4511408458347419,True
AES,prior,q99_pct,6.044278535991901,0.48219812195748046,9.325640810653544,True
AES,prior,max_drawdown_pct,-18.98149292497804,-70.82048945093555,-1.2993932314906609,True
AES,posterior,mean_pct,0.07703885454475312,-0.28343561099655545,0.4498755083685775,True
AES,posterior,volatility_pct,2.0834163261296443,1.19171406367799,5.703217272954601,True
AES,posterior,q01_pct,-3.290296513587236,-10.493091212399303,-2.6474619886837902,True
AES,posterior,q99_pct,6.044278535991901,2.748559079086407,10.962966202944434,True
AES,posterior,max_drawdown_pct,-18.98149292497804,-62.632854554814465,-7.860330532519353,True
AFL,prior,mean_pct,0.052779690454940464,-0.42011757146774187,0.45522948165096727,True
AFL,prior,volatility_pct,1.0774840490041826,0.2123767568325391,3.757111591216392,True
AFL,prior,q01_pct,-2.65763983130455,-9.347358371131122,-0.4511408458347419,True
AFL,prior,q99_pct,2.364758290350437,0.48219812195748046,9.325640810653544,True
AFL,prior,max_drawdown_pct,-10.12469884659436,-70.82048945093555,-1.2993932314906609,True
AFL,posterior,mean_pct,0.052779690454940464,-0.21928256412548564,0.2667641786714777,True
AFL,posterior,volatility_pct,1.0774840490041826,0.9348782527265761,1.5628705575981428,True
AFL,posterior,q01_pct,-2.65763983130455,-4.581784571241587,-1.8260891929734502,True
AFL,posterior,q99_pct,2.364758290350437,1.9847524685319493,4.4681778432801345,True
AFL,posterior,max_drawdown_pct,-10.12469884659436,-45.239236921954145,-6.108310455514015,True
AIG,prior,mean_pct,-0.005986486996789608,-0.42011757146774187,0.45522948165096727,True
AIG,prior,volatility_pct,1.5165781869585548,0.2123767568325391,3.757111591216392,True
AIG,prior,q01_pct,-4.091925583779811,-9.347358371131122,-0.4511408458347419,True
AIG,prior,q99_pct,4.074710309505452,0.48219812195748046,9.325640810653544,True
AIG,prior,max_drawdown_pct,-16.976556889359617,-70.82048945093555,-1.2993932314906609,True
AIG,posterior,mean_pct,-0.005986486996789608,-0.3232960624170289,0.33687021156676705,True
AIG,posterior,volatility_pct,1.5165781869585548,1.194768775042297,3.0556081655179033,True
AIG,posterior,q01_pct,-4.091925583779811,-7.651096572540699,-2.6203251016791915,True
AIG,posterior,q99_pct,4.074710309505452,2.541873714420941,6.986921932920769,True
AIG,posterior,max_drawdown_pct,-16.976556889359617,-63.96843033842763,-8.731572031976004,True
AIZ,prior,mean_pct,0.121384394176971,-0.42011757146774187,0.45522948165096727,True
AIZ,prior,volatility_pct,1.3975277114605758,0.2123767568325391,3.757111591216392,True
AIZ,prior,q01_pct,-3.203540742397308,-9.347358371131122,-0.4511408458347419,True
AIZ,prior,q99_pct,3.480284363031387,0.48219812195748046,9.325640810653544,True
AIZ,prior,max_drawdown_pct,-12.572133596410207,-70.82048945093555,-1.2993932314906609,True
AIZ,posterior,mean_pct,0.121384394176971,-0.18145514748323066,0.43021051304495417,True
AIZ,posterior,volatility_pct,1.3975277114605758,1.0608096898337729,3.553015167023419,True
AIZ,posterior,q01_pct,-3.203540742397308,-5.67738420413807,-2.075203037261964,True
AIZ,posterior,q99_pct,3.480284363031387,2.370286257984116,6.400785296130914,True
AIZ,posterior,max_drawdown_pct,-12.572133596410207,-51.8133711866111,-4.839219139123565,True
AJG,prior,mean_pct,-0.028591164080182807,-0.42011757146774187,0.45522948165096727,True
AJG,prior,volatility_pct,1.9157099884611613,0.2123767568325391,3.757111591216392,True
AJG,prior,q01_pct,-4.936673417687416,-9.347358371131122,-0.4511408458347419,True
AJG,prior,q99_pct,4.3300982750952235,0.48219812195748046,9.325640810653544,True
AJG,prior,max_drawdown_pct,-37.806466359225354,-70.82048945093555,-1.2993932314906609,True
AJG,posterior,mean_pct,-0.028591164080182807,-0.3732476075284268,0.3939673395383636,True
AJG,posterior,volatility_pct,1.9157099884611613,1.5188578572468892,3.020489273773697,True
AJG,posterior,q01_pct,-4.936673417687416,-8.623370773904025,-3.2560374845750633,True
AJG,posterior,q99_pct,4.3300982750952235,3.1955048887990385,8.87013657614586,True
AJG,posterior,max_drawdown_pct,-37.806466359225354,-68.59807221552303,-11.424288479598257,True
AKAM,prior,mean_pct,0.18012943467056175,-0.42011757146774187,0.45522948165096727,True
AKAM,prior,volatility_pct,3.660923522749362,0.2123767568325391,3.757111591216392,True
AKAM,prior,q01_pct,-6.574304439127446,-9.347358371131122,-0.4511408458347419,True
AKAM,prior,q99_pct,11.039923876523963,0.48219812195748046,9.325640810653544,False
AKAM,prior,max_drawdown_pct,-34.78342025281852,-70.82048945093555,-1.2993932314906609,True
AKAM,posterior,mean_pct,0.18012943467056175,-0.4100619355791082,0.4866826515516392,True
AKAM,posterior,volatility_pct,3.660923522749362,2.090955751954337,3.0123048836156427,False
AKAM,posterior,q01_pct,-6.574304439127446,-9.37897896785289,-4.2326179322786635,True
AKAM,posterior,q99_pct,11.039923876523963,4.404862032551315,9.761674396693655,False
AKAM,posterior,max_drawdown_pct,-34.78342025281852,-71.19823806497803,-13.746956615002988,True
ALB,prior,mean_pct,0.22792452724189616,-0.42011757146774187,0.45522948165096727,True
ALB,prior,volatility_pct,3.6865471655107047,0.2123767568325391,3.757111591216392,True
ALB,prior,q01_pct,-8.612172417342663,-9.347358371131122,-0.4511408458347419,True
ALB,prior,q99_pct,8.153515011072157,0.48219812195748046,9.325640810653544,True
ALB,prior,max_drawdown_pct,-47.38481184311733,-70.82048945093555,-1.2993932314906609,True
ALB,posterior,mean_pct,0.22792452724189616,-0.4653677467141435,0.5772226105729166,True
ALB,posterior,volatility_pct,3.6865471655107047,2.172672935436715,2.9283104904972292,False
ALB,posterior,q01_pct,-8.612172417342663,-8.281119833886624,-4.285003394633532,False
ALB,posterior,q99_pct,8.153515011072157,4.532472783979026,9.2910453075543,True
ALB,posterior,max_drawdown_pct,-47.38481184311733,-74.3808783545188,-12.037381615232391,True
ALGN,prior,mean_pct,0.076053904436435,-0.42011757146774187,0.45522948165096727,True
ALGN,prior,volatility_pct,2.475109133190863,0.2123767568325391,3.757111591216392,True
ALGN,prior,q01_pct,-5.639719571918249,-9.347358371131122,-0.4511408458347419,True
ALGN,prior,q99_pct,7.055445648729795,0.48219812195748046,9.325640810653544,True
ALGN,prior,max_drawdown_pct,-21.54320700350215,-70.82048945093555,-1.2993932314906609,True
ALGN,posterior,mean_pct,0.076053904436435,-0.5232766239242386,0.49380297163871467,True
ALGN,posterior,volatility_pct,2.475109133190863,1.9968649013904032,2.80355627238447,True
ALGN,posterior,q01_pct,-5.639719571918249,-8.339001419954002,-4.4285012278705835,True
ALGN,posterior,q99_pct,7.055445648729795,4.367099430505182,8.438556804694214,True
ALGN,posterior,max_drawdown_pct,-21.54320700350215,-75.76630067132434,-13.2618158376631,True
ALL,prior,mean_pct,0.11614458901192393,-0.42011757146774187,0.45522948165096727,True
ALL,prior,volatility_pct,1.5591660970534047,0.2123767568325391,3.757111591216392,True
ALL,prior,q01_pct,-3.970490880310535,-9.347358371131122,-0.4511408458347419,True
ALL,prior,q99_pct,4.142076559364793,0.48219812195748046,9.325640810653544,True
ALL,prior,max_drawdown_pct,-11.483810233051827,-70.82048945093555,-1.2993932314906609,True
ALL,posterior,mean_pct,0.11614458901192393,-0.2175950599462917,0.43373480378912666,True
ALL,posterior,volatility_pct,1.5591660970534047,1.3112344373628382,2.379278507329549,True
ALL,posterior,q01_pct,-3.970490880310535,-6.736246916372328,-2.725388449896128,True
ALL,posterior,q99_pct,4.142076559364793,2.8379457639530283,6.675330642703907,True
ALL,posterior,max_drawdown_pct,-11.483810233051827,-50.32285210025708,-6.893549736226947,True
ALLE,prior,mean_pct,-0.015203331160762446,-0.42011757146774187,0.45522948165096727,True
ALLE,prior,volatility_pct,1.7182144051335078,0.2123767568325391,3.757111591216392,True
ALLE,prior,q01_pct,-3.896514568477869,-9.347358371131122,-0.4511408458347419,True
ALLE,prior,q99_pct,3.7905115447938407,0.48219812195748046,9.325640810653544,True
ALLE,prior,max_drawdown_pct,-29.840559003462264,-70.82048945093555,-1.2993932314906609,True
ALLE,posterior,mean_pct,-0.015203331160762446,-0.40243357739160857,0.3087698339629554,True
ALLE,posterior,volatility_pct,1.7182144051335078,1.3106349356290923,3.834755010414507,True
ALLE,posterior,q01_pct,-3.896514568477869,-9.289777008630335,-2.700285635376349,True
ALLE,posterior,q99_pct,3.7905115447938407,2.844612104818223,8.591789456829392,True
ALLE,posterior,max_drawdown_pct,-29.840559003462264,-68.45702534795284,-9.814008356080206,True
AMAT,prior,mean_pct,0.4666622052468483,-0.42011757146774187,0.45522948165096727,False
AMAT,prior,volatility_pct,3.718548692841454,0.2123767568325391,3.757111591216392,True
AMAT,prior,q01_pct,-8.435431681573391,-9.347358371131122,-0.4511408458347419,True
AMAT,prior,q99_pct,10.985700637102124,0.48219812195748046,9.325640810653544,False
AMAT,prior,max_drawdown_pct,-39.64368913974926,-70.82048945093555,-1.2993932314906609,True
AMAT,posterior,mean_pct,0.4666622052468483,-0.24877168848079023,0.762831430974685,True
AMAT,posterior,volatility_pct,3.718548692841454,2.0735450085528755,2.856400383245779,False
AMAT,posterior,q01_pct,-8.435431681573391,-8.775068245083094,-4.189705952163787,True
AMAT,posterior,q99_pct,10.985700637102124,4.666879213042556,9.140275201201426,False
AMAT,posterior,max_drawdown_pct,-39.64368913974926,-59.982488771147175,-10.41945572986587,True
AMCR,prior,mean_pct,0.05725596817001133,-0.42011757146774187,0.45522948165096727,True
AMCR,prior,volatility_pct,1.9483872303882772,0.2123767568325391,3.757111591216392,True
AMCR,prior,q01_pct,-5.005604904145002,-9.347358371131122,-0.4511408458347419,True
AMCR,prior,q99_pct,5.594143383204911,0.48219812195748046,9.325640810653544,True
AMCR,prior,max_drawdown_pct,-26.509509249097174,-70.82048945093555,-1.2993932314906609,True
AMCR,posterior,mean_pct,0.05725596817001133,-0.38398150439180156,0.38243767082909114,True
AMCR,posterior,volatility_pct,1.9483872303882772,1.5554087876787022,2.9254827414144233,True
AMCR,posterior,q01_pct,-5.005604904145002,-8.282672600634395,-3.287369375955314,True
AMCR,posterior,q99_pct,5.594143383204911,3.3283005973324165,8.55014319270848,True
AMCR,posterior,max_drawdown_pct,-26.509509249097174,-67.1994480841395,-11.398322672127064,True
AMD,prior,mean_pct,0.5059283507691248,-0.42011757146774187,0.45522948165096727,False
AMD,prior,volatility_pct,4.494153199677947,0.2123767568325391,3.757111591216392,False
AMD,prior,q01_pct,-7.979640476405621,-9.347358371131122,-0.4511408458347419,True
AMD,prior,q99_pct,13.40913176536559,0.48219812195748046,9.325640810653544,False
AMD,prior,max_drawdown_pct,-27.760750910310115,-70.82048945093555,-1.2993932314906609,True
AMD,posterior,mean_pct,0.5059283507691248,-0.35056126668308707,0.5313566071664013,True
AMD,posterior,volatility_pct,4.494153199677947,2.0176579749921197,3.0647051583342475,False
AMD,posterior,q01_pct,-7.979640476405621,-10.110302549228072,-4.173782384488733,True
AMD,posterior,q99_pct,13.40913176536559,4.039971723593771,10.799666605517256,False
AMD,posterior,max_drawdown_pct,-27.760750910310115,-66.31636306923583,-12.511757882492345,True
AME,prior,mean_pct,0.10734318441620871,-0.42011757146774187,0.45522948165096727,True
AME,prior,volatility_pct,1.4597711982833297,0.2123767568325391,3.757111591216392,True
AME,prior,q01_pct,-3.2171865459531546,-9.347358371131122,-0.4511408458347419,True
AME,prior,q99_pct,3.776268884539595,0.48219812195748046,9.325640810653544,True
AME,prior,max_drawdown_pct,-13.567127363886211,-70.82048945093555,-1.2993932314906609,True
AME,posterior,mean_pct,0.10734318441620871,-0.29652276852767834,0.3676085346424216,True
AME,posterior,volatility_pct,1.4597711982833297,1.1783760469612325,1.9725931243928616,True
AME,posterior,q01_pct,-3.2171865459531546,-5.962181486003101,-2.4174724156036973,True
AME,posterior,q99_pct,3.776268884539595,2.48602014100179,6.384670129418359,True
AME,posterior,max_drawdown_pct,-13.567127363886211,-57.49378792251905,-7.5732410484949035,True
AMGN,prior,mean_pct,0.19190817211551803,-0.42011757146774187,0.45522948165096727,True
AMGN,prior,volatility_pct,1.7303946665220455,0.2123767568325391,3.757111591216392,True
AMGN,prior,q01_pct,-3.0451624281704426,-9.347358371131122,-0.4511408458347419,True
AMGN,prior,q99_pct,5.258592255413522,0.48219812195748046,9.325640810653544,True
AMGN,prior,max_drawdown_pct,-16.567908999232262,-70.82048945093555,-1.2993932314906609,True
AMGN,posterior,mean_pct,0.19190817211551803,-0.32393489395635555,0.3859753644686349,True
AMGN,posterior,volatility_pct,1.7303946665220455,1.3723046279572073,3.0634543527841034,True
AMGN,posterior,q01_pct,-3.0451624281704426,-9.177182530798017,-3.017002983205021,True
AMGN,posterior,q99_pct,5.258592255413522,2.89366725394502,8.085598850995295,True
AMGN,posterior,max_drawdown_pct,-16.567908999232262,-63.33709595468843,-8.923249518208726,True
AMP,prior,mean_pct,0.04988458390045025,-0.42011757146774187,0.45522948165096727,True
AMP,prior,volatility_pct,1.6028615690447487,0.2123767568325391,3.757111591216392,True
AMP,prior,q01_pct,-4.129128679633141,-9.347358371131122,-0.4511408458347419,True
AMP,prior,q99_pct,4.144367910921569,0.48219812195748046,9.325640810653544,True
AMP,prior,max_drawdown_pct,-20.866731330594778,-70.82048945093555,-1.2993932314906609,True
AMP,posterior,mean_pct,0.04988458390045025,-0.2897940901396381,0.3912750663752007,True
AMP,posterior,volatility_pct,1.6028615690447487,1.2792595781045255,2.3730544296967238,True
AMP,posterior,q01_pct,-4.129128679633141,-7.179776154924184,-2.731692211003974,True
AMP,posterior,q99_pct,4.144367910921569,3.0293460015207523,7.471949010156069,True
AMP,posterior,max_drawdown_pct,-20.866731330594778,-55.98228438519875,-8.671962760526386,True
AMT,prior,mean_pct,-0.026985887923558494,-0.42011757146774187,0.45522948165096727,True
AMT,prior,volatility_pct,1.6425619197711787,0.2123767568325391,3.757111591216392,True
AMT,prior,q01_pct,-3.8625180162489414,-9.347358371131122,-0.4511408458347419,True
AMT,prior,q99_pct,4.161879196763037,0.48219812195748046,9.325640810653544,True
AMT,prior,max_drawdown_pct,-17.403838333762454,-70.82048945093555,-1.2993932314906609,True
AMT,posterior,mean_pct,-0.026985887923558494,-0.33118609647065966,0.332180401594678,True
AMT,posterior,volatility_pct,1.6425619197711787,1.3499267483760486,2.4767671233184783,True
AMT,posterior,q01_pct,-3.8625180162489414,-6.399443098995834,-2.809866870427505,True
AMT,posterior,q99_pct,4.161879196763037,2.8112590250559135,6.752268896065649,True
AMT,posterior,max_drawdown_pct,-17.403838333762454,-63.55752754326587,-9.658605454429816,True
AMZN,prior,mean_pct,0.06591858480931023,-0.42011757146774187,0.45522948165096727,True
AMZN,prior,volatility_pct,2.1703821538514,0.2123767568325391,3.757111591216392,True
AMZN,prior,q01_pct,-4.649511631578207,-9.347358371131122,-0.4511408458347419,True
AMZN,prior,q99_pct,5.0413646362721805,0.48219812195748046,9.325640810653544,True
AMZN,prior,max_drawdown_pct,-21.736223702282963,-70.82048945093555,-1.2993932314906609,True
AMZN,posterior,mean_pct,0.06591858480931023,-0.44663987248786263,0.4786779465923273,True
AMZN,posterior,volatility_pct,2.1703821538514,1.6987159888480288,2.923099944152948,True
AMZN,posterior,q01_pct,-4.649511631578207,-8.334928146004676,-3.4930054441094414,True
AMZN,posterior,q99_pct,5.0413646362721805,3.81788606289774,8.482085626013566,True
AMZN,posterior,max_drawdown_pct,-21.736223702282963,-72.58181811978294,-11.047570472724233,True
ANET,prior,mean_pct,0.1965029749698033,-0.42011757146774187,0.45522948165096727,True
ANET,prior,volatility_pct,3.427118077851618,0.2123767568325391,3.757111591216392,True
ANET,prior,q01_pct,-8.716684840619564,-9.347358371131122,-0.4511408458347419,True
ANET,prior,q99_pct,8.417916148900984,0.48219812195748046,9.325640810653544,True
ANET,prior,max_drawdown_pct,-28.32808964270902,-70.82048945093555,-1.2993932314906609,True
ANET,posterior,mean_pct,0.1965029749698033,-0.4138082045470881,0.6114407654420546,True
ANET,posterior,volatility_pct,3.427118077851618,2.1613776824322026,2.8914700707824696,False
ANET,posterior,q01_pct,-8.716684840619564,-8.183725438080728,-4.396855296380818,False
ANET,posterior,q99_pct,8.417916148900984,4.526140242628751,8.751179456897079,True
ANET,posterior,max_drawdown_pct,-28.32808964270902,-69.34926459874487,-12.916304989931355,True
AON,prior,mean_pct,-0.03278143473721684,-0.42011757146774187,0.45522948165096727,True
AON,prior,volatility_pct,1.6989892192487648,0.2123767568325391,3.757111591216392,True
AON,prior,q01_pct,-3.737382534891367,-9.347358371131122,-0.4511408458347419,True
AON,prior,q99_pct,3.92513047903776,0.48219812195748046,9.325640810653544,True
AON,prior,max_drawdown_pct,-17.357420043344675,-70.82048945093555,-1.2993932314906609,True
AON,posterior,mean_pct,-0.03278143473721684,-0.35308040805580276,0.29299790515671015,True
AON,posterior,volatility_pct,1.6989892192487648,1.3659031775273869,3.0539369719460536,True
AON,posterior,q01_pct,-3.737382534891367,-7.073593005537987,-2.926972172688693,True
AON,posterior,q99_pct,3.92513047903776,2.8519174851477143,8.06427863314747,True
AON,posterior,max_drawdown_pct,-17.357420043344675,-64.37673907545718,-9.961407625149448,True
AOS,prior,mean_pct,-0.04320446903420816,-0.42011757146774187,0.45522948165096727,True
AOS,prior,volatility_pct,1.690365130906811,0.2123767568325391,3.757111591216392,True
AOS,prior,q01_pct,-3.739902731031179,-9.347358371131122,-0.4511408458347419,True
AOS,prior,q99_pct,4.79744704440236,0.48219812195748046,9.325640810653544,True
AOS,prior,max_drawdown_pct,-30.28814699267448,-70.82048945093555,-1.2993932314906609,True
AOS,posterior,mean_pct,-0.04320446903420816,-0.39109280160670323,0.34669633254243587,True
AOS,posterior,volatility_pct,1.690365130906811,1.4238413501217606,2.368405714214587,True
AOS,posterior,q01_pct,-3.739902731031179,-7.187634419836105,-3.001082798512653,True
AOS,posterior,q99_pct,4.79744704440236,3.0324474094435563,6.822549966350168,True
AOS,posterior,max_drawdown_pct,-30.28814699267448,-66.91723451904615,-9.022534931189046,True
APA,prior,mean_pct,0.2986631693261188,-0.42011757146774187,0.45522948165096727,True
APA,prior,volatility_pct,2.916940784568076,0.2123767568325391,3.757111591216392,True
APA,prior,q01_pct,-6.697532944381236,-9.347358371131122,-0.4511408458347419,True
APA,prior,q99_pct,7.966162674128999,0.48219812195748046,9.325640810653544,True
APA,prior,max_drawdown_pct,-27.723987733855935,-70.82048945093555,-1.2993932314906609,True
APA,posterior,mean_pct,0.2986631693261188,-0.38082897753923106,0.6171153782737305,True
APA,posterior,volatility_pct,2.916940784568076,2.1181325263364688,2.841299780978379,False
APA,posterior,q01_pct,-6.697532944381236,-8.15683304965496,-4.246866886783392,True
APA,posterior,q99_pct,7.966162674128999,4.460450592543926,7.88812791146337,False
APA,posterior,max_drawdown_pct,-27.723987733855935,-70.2036847857551,-11.664279760580687,True
APD,prior,mean_pct,0.03238863171191042,-0.42011757146774187,0.45522948165096727,True
APD,prior,volatility_pct,1.6765905016899694,0.2123767568325391,3.757111591216392,True
APD,prior,q01_pct,-3.6299340240657325,-9.347358371131122,-0.4511408458347419,True
APD,prior,q99_pct,5.733769796788677,0.48219812195748046,9.325640810653544,True
APD,prior,max_drawdown_pct,-21.264795846174,-70.82048945093555,-1.2993932314906609,True
APD,posterior,mean_pct,0.03238863171191042,-0.40346597327567846,0.29794202078110743,True
APD,posterior,volatility_pct,1.6765905016899694,1.259969464725813,3.257131091764133,True
APD,posterior,q01_pct,-3.6299340240657325,-9.661013650894164,-2.7031465204432608,True
APD,posterior,q99_pct,5.733769796788677,2.361868612468241,8.162886062078172,True
APD,posterior,max_drawdown_pct,-21.264795846174,-69.26552466798938,-9.459100502855483,True
APH,prior,mean_pct,0.195899039977121,-0.42011757146774187,0.45522948165096727,True
APH,prior,volatility_pct,2.8283900736803815,0.2123767568325391,3.757111591216392,True
APH,prior,q01_pct,-7.253163456916808,-9.347358371131122,-0.4511408458347419,True
APH,prior,q99_pct,6.512014456093307,0.48219812195748046,9.325640810653544,True
APH,prior,max_drawdown_pct,-28.18917721914762,-70.82048945093555,-1.2993932314906609,True
APH,posterior,mean_pct,0.195899039977121,-0.4115688404586848,0.5801547246156397,True
APH,posterior,volatility_pct,2.8283900736803815,2.1087397313217386,2.855489808241811,True
APH,posterior,q01_pct,-7.253163456916808,-8.822619779966772,-4.27303332388401,True
APH,posterior,q99_pct,6.512014456093307,4.405178459081797,8.93039894718676,True
APH,posterior,max_drawdown_pct,-28.18917721914762,-70.7498359101871,-13.157621235820246,True
APO,prior,mean_pct,0.025520013849700263,-0.42011757146774187,0.45522948165096727,True
APO,prior,volatility_pct,2.3227896285302916,0.2123767568325391,3.757111591216392,True
APO,prior,q01_pct,-5.487940069288015,-9.347358371131122,-0.4511408458347419,True
APO,prior,q99_pct,5.357618294656275,0.48219812195748046,9.325640810653544,True
APO,prior,max_drawdown_pct,-34.0473431005953,-70.82048945093555,-1.2993932314906609,True
APO,posterior,mean_pct,0.025520013849700263,-0.5164276516823199,0.47187565402757053,True
APO,posterior,volatility_pct,2.3227896285302916,1.882822055863893,2.772158043158844,True
APO,posterior,q01_pct,-5.487940069288015,-8.68695951551199,-3.9372172381728885,True
APO,posterior,q99_pct,5.357618294656275,3.929946744814513,8.75374109223483,True
APO,posterior,max_drawdown_pct,-34.0473431005953,-76.25447922810282,-11.452386112749174,True
APP,prior,mean_pct,-0.05021177429966883,-0.42011757146774187,0.45522948165096727,True
APP,prior,volatility_pct,4.630551604750982,0.2123767568325391,3.757111591216392,False
APP,prior,q01_pct,-16.46647021174431,-9.347358371131122,-0.4511408458347419,False
APP,prior,q99_pct,10.193426758050913,0.48219812195748046,9.325640810653544,False
APP,prior,max_drawdown_pct,-59.297981539757295,-70.82048945093555,-1.2993932314906609,True
APP,posterior,mean_pct,-0.05021177429966883,-0.44912469718715187,0.5851867024509765,True
APP,posterior,volatility_pct,4.630551604750982,2.115598265605503,2.8625321560272017,False
APP,posterior,q01_pct,-16.46647021174431,-8.766384179331363,-4.254151013772935,False
APP,posterior,q99_pct,10.193426758050913,4.340696757379916,9.124160907603796,False
APP,posterior,max_drawdown_pct,-59.297981539757295,-71.97205744453919,-11.21424827787002,True
APTV,prior,mean_pct,-0.16445255994028685,-0.42011757146774187,0.45522948165096727,True
APTV,prior,volatility_pct,2.687378988208232,0.2123767568325391,3.757111591216392,True
APTV,prior,q01_pct,-6.868408694863319,-9.347358371131122,-0.4511408458347419,True
APTV,prior,q99_pct,6.4167296327650485,0.48219812195748046,9.325640810653544,True
APTV,prior,max_drawdown_pct,-49.52069534322824,-70.82048945093555,-1.2993932314906609,True
APTV,posterior,mean_pct,-0.16445255994028685,-0.555418006019039,0.41186442735845213,True
APTV,posterior,volatility_pct,2.687378988208232,2.0433118947612248,2.8768942124226564,True
APTV,posterior,q01_pct,-6.868408694863319,-9.219911258667707,-4.259733577445149,True
APTV,posterior,q99_pct,6.4167296327650485,4.245351278595624,9.155039043910785,True
APTV,posterior,max_drawdown_pct,-49.52069534322824,-79.53303948116012,-14.070135942086742,True
ARE,prior,mean_pct,-0.10514299664237114,-0.42011757146774187,0.45522948165096727,True
ARE,prior,volatility_pct,2.924128790725246,0.2123767568325391,3.757111591216392,True
ARE,prior,q01_pct,-8.837110921740532,-9.347358371131122,-0.4511408458347419,True
ARE,prior,q99_pct,6.062584277242414,0.48219812195748046,9.325640810653544,True
ARE,prior,max_drawdown_pct,-51.61076045711969,-70.82048945093555,-1.2993932314906609,True
ARE,posterior,mean_pct,-0.10514299664237114,-0.43760540892843736,0.5608264204151964,True
ARE,posterior,volatility_pct,2.924128790725246,1.9946318890024302,3.1502213896245377,True
ARE,posterior,q01_pct,-8.837110921740532,-8.454200966097414,-4.174803572427482,False
ARE,posterior,q99_pct,6.062584277242414,4.255228700023142,8.920678819529689,True
ARE,posterior,max_drawdown_pct,-51.61076045711969,-75.61974175703291,-12.531854827560297,True
ARES,prior,mean_pct,-0.04561897114854219,-0.42011757146774187,0.45522948165096727,True
ARES,prior,volatility_pct,2.77120742283143,0.2123767568325391,3.757111591216392,True
ARES,prior,q01_pct,-7.045560739934445,-9.347358371131122,-0.4511408458347419,True
ARES,prior,q99_pct,6.782651729881758,0.48219812195748046,9.325640810653544,True
ARES,prior,max_drawdown_pct,-47.08733562385466,-70.82048945093555,-1.2993932314906609,True
ARES,posterior,mean_pct,-0.04561897114854219,-0.574251098523419,0.46662886489053057,True
ARES,posterior,volatility_pct,2.77120742283143,1.9609302111753555,3.1160379169636396,True
ARES,posterior,q01_pct,-7.045560739934445,-9.157927360385655,-4.260423640348018,True
ARES,posterior,q99_pct,6.782651729881758,4.15293358676135,8.497702050581568,True
ARES,posterior,max_drawdown_pct,-47.08733562385466,-80.03598374670976,-13.788558592306547,True
ATO,prior,mean_pct,0.018761618149198966,-0.42011757146774187,0.45522948165096727,True
ATO,prior,volatility_pct,0.98235828533776,0.2123767568325391,3.757111591216392,True
ATO,prior,q01_pct,-2.404005602002144,-9.347358371131122,-0.4511408458347419,True
ATO,prior,q99_pct,2.18517480418086,0.48219812195748046,9.325640810653544,True
ATO,prior,max_drawdown_pct,-12.739255311357455,-70.82048945093555,-1.2993932314906609,True
ATO,posterior,mean_pct,0.018761618149198966,-0.17975138023420456,0.23952750429309327,True
ATO,posterior,volatility_pct,0.98235828533776,0.8373207838133404,1.3583978730851987,True
ATO,posterior,q01_pct,-2.404005602002144,-3.952193312440067,-1.694896874576807,True
ATO,posterior,q99_pct,2.18517480418086,1.752122642565518,3.766356137674299,True
ATO,posterior,max_drawdown_pct,-12.739255311357455,-40.198063154915296,-5.164071540115147,True
AVGO,prior,mean_pct,0.1062380867608681,-0.42011757146774187,0.45522948165096727,True
AVGO,prior,volatility_pct,3.022987498670713,0.2123767568325391,3.757111591216392,True
AVGO,prior,q01_pct,-6.832764372229576,-9.347358371131122,-0.4511408458347419,True
AVGO,prior,q99_pct,9.5704585686326,0.48219812195748046,9.325640810653544,False
AVGO,prior,max_drawdown_pct,-28.665988231035833,-70.82048945093555,-1.2993932314906609,True
AVGO,posterior,mean_pct,0.1062380867608681,-0.40644811036054307,0.5728499097869023,True
AVGO,posterior,volatility_pct,3.022987498670713,2.0944775183107844,2.9443414860939323,False
AVGO,posterior,q01_pct,-6.832764372229576,-8.61191140357405,-4.306024458911271,True
AVGO,posterior,q99_pct,9.5704585686326,4.276156392227856,8.866253955569077,False
AVGO,posterior,max_drawdown_pct,-28.665988231035833,-70.71541806129478,-13.525848381494018,True
AVY,prior,mean_pct,0.0324816931396299,-0.42011757146774187,0.45522948165096727,True
AVY,prior,volatility_pct,1.5941404954573846,0.2123767568325391,3.757111591216392,True
AVY,prior,q01_pct,-3.137538935989141,-9.347358371131122,-0.4511408458347419,True
AVY,prior,q99_pct,4.346669428050513,0.48219812195748046,9.325640810653544,True
AVY,prior,max_drawdown_pct,-21.623886008109928,-70.82048945093555,-1.2993932314906609,True
AVY,posterior,mean_pct,0.0324816931396299,-0.4028643400311118,0.24106346929178102,True
AVY,posterior,volatility_pct,1.5941404954573846,1.214390119433742,2.659526581336231,True
AVY,posterior,q01_pct,-3.137538935989141,-8.260355459153653,-2.6823393917176874,True
AVY,posterior,q99_pct,4.346669428050513,2.678081142110749,7.280446862243105,True
AVY,posterior,max_drawdown_pct,-21.623886008109928,-70.49309132703947,-9.502571282517954,True
AWK,prior,mean_pct,0.014321064895739255,-0.42011757146774187,0.45522948165096727,True
AWK,prior,volatility_pct,1.4149077553076845,0.2123767568325391,3.757111591216392,True
AWK,prior,q01_pct,-2.7190949488431215,-9.347358371131122,-0.4511408458347419,True
AWK,prior,q99_pct,3.8121750950813285,0.48219812195748046,9.325640810653544,True
AWK,prior,max_drawdown_pct,-15.002168758470491,-70.82048945093555,-1.2993932314906609,True
AWK,posterior,mean_pct,0.014321064895739255,-0.33899693033610134,0.26583656526357646,True
AWK,posterior,volatility_pct,1.4149077553076845,1.1986746227704406,1.8859011006844657,True
AWK,posterior,q01_pct,-2.7190949488431215,-5.466665602475405,-2.5306260099168867,True
AWK,posterior,q99_pct,3.8121750950813285,2.629569374676787,5.875359478779132,True
AWK,posterior,max_drawdown_pct,-15.002168758470491,-60.534247518390906,-7.901530376420259,True
AXON,prior,mean_pct,-0.08788818237803753,-0.42011757146774187,0.45522948165096727,True
AXON,prior,volatility_pct,3.870887276360947,0.2123767568325391,3.757111591216392,False
AXON,prior,q01_pct,-10.099079720675945,-9.347358371131122,-0.4511408458347419,False
AXON,prior,q99_pct,10.200667642056933,0.48219812195748046,9.325640810653544,False
AXON,prior,max_drawdown_pct,-55.75649103532545,-70.82048945093555,-1.2993932314906609,True
AXON,posterior,mean_pct,-0.08788818237803753,-0.538038996901637,0.5158803588496598,True
AXON,posterior,volatility_pct,3.870887276360947,2.110146063428382,2.9302851885422365,False
AXON,posterior,q01_pct,-10.099079720675945,-9.380936208181083,-4.555482498928905,False
AXON,posterior,q99_pct,10.200667642056933,4.373575904779134,9.827785312943144,False
AXON,posterior,max_drawdown_pct,-55.75649103532545,-79.45726237230316,-13.419724177034452,True
AXP,prior,mean_pct,0.01730605768059945,-0.42011757146774187,0.45522948165096727,True
AXP,prior,volatility_pct,1.6794311371145336,0.2123767568325391,3.757111591216392,True
AXP,prior,q01_pct,-4.377800915390253,-9.347358371131122,-0.4511408458347419,True
AXP,prior,q99_pct,3.2435896061360827,0.48219812195748046,9.325640810653544,True
AXP,prior,max_drawdown_pct,-23.89533047956556,-70.82048945093555,-1.2993932314906609,True
AXP,posterior,mean_pct,0.01730605768059945,-0.3249028214075249,0.40931184176451996,True
AXP,posterior,volatility_pct,1.6794311371145336,1.3491048844725857,2.8753703988375725,True
AXP,posterior,q01_pct,-4.377800915390253,-7.589479303453117,-3.066325846547261,True
AXP,posterior,q99_pct,3.2435896061360827,2.959157356340436,8.257517185062154,True
AXP,posterior,max_drawdown_pct,-23.89533047956556,-64.36271445652014,-9.326976449375673,True
AZO,prior,mean_pct,-0.11650962099452045,-0.42011757146774187,0.45522948165096727,True
AZO,prior,volatility_pct,1.8226820023016097,0.2123767568325391,3.757111591216392,True
AZO,prior,q01_pct,-6.346093453466891,-9.347358371131122,-0.4511408458347419,True
AZO,prior,q99_pct,3.640664536505931,0.48219812195748046,9.325640810653544,True
AZO,prior,max_drawdown_pct,-32.86317251280193,-70.82048945093555,-1.2993932314906609,True
AZO,posterior,mean_pct,-0.11650962099452045,-0.41818067275884374,0.3166350435741094,True
AZO,posterior,volatility_pct,1.8226820023016097,1.423911701760544,2.6833995622653264,True
AZO,posterior,q01_pct,-6.346093453466891,-7.546094732545316,-3.0776464915834367,True
AZO,posterior,q99_pct,3.640664536505931,3.1441812119446686,8.356047770008441,True
AZO,posterior,max_drawdown_pct,-32.86317251280193,-69.10558781410897,-11.571072620722191,True
BA,prior,mean_pct,-0.01998496272506145,-0.42011757146774187,0.45522948165096727,True
BA,prior,volatility_pct,2.097091808100841,0.2123767568325391,3.757111591216392,True
BA,prior,q01_pct,-4.363930504769087,-9.347358371131122,-0.4511408458347419,True
BA,prior,q99_pct,5.760991200804705,0.48219812195748046,9.325640810653544,True
BA,prior,max_drawdown_pct,-24.96132822191418,-70.82048945093555,-1.2993932314906609,True
BA,posterior,mean_pct,-0.01998496272506145,-0.5054830416938785,0.3518015466795069,True
BA,posterior,volatility_pct,2.097091808100841,1.7347051769936608,3.058187388162022,True
BA,posterior,q01_pct,-4.363930504769087,-9.826700670272112,-3.834405345190316,True
BA,posterior,q99_pct,5.760991200804705,3.718340699374673,9.484164753369965,True
BA,posterior,max_drawdown_pct,-24.96132822191418,-76.96506755215138,-12.233758160429792,True
BAC,prior,mean_pct,0.10379586598787682,-0.42011757146774187,0.45522948165096727,True
BAC,prior,volatility_pct,1.332328243792736,0.2123767568325391,3.757111591216392,True
BAC,prior,q01_pct,-3.623445443809033,-9.347358371131122,-0.4511408458347419,True
BAC,prior,q99_pct,3.1984337605535975,0.48219812195748046,9.325640810653544,True
BAC,prior,max_drawdown_pct,-17.931673589478393,-70.82048945093555,-1.2993932314906609,True
BAC,posterior,mean_pct,0.10379586598787682,-0.13523862394943542,0.3932210345934024,True
BAC,posterior,volatility_pct,1.332328243792736,1.0857853973850993,1.759904864528626,True
BAC,posterior,q01_pct,-3.623445443809033,-4.904879463464022,-2.179698334541172,True
BAC,posterior,q99_pct,3.1984337605535975,2.466458185808732,5.318568287137886,True
BAC,posterior,max_drawdown_pct,-17.931673589478393,-38.729078966694736,-5.774464675551733,True
BALL,prior,mean_pct,0.09226407358788602,-0.42011757146774187,0.45522948165096727,True
BALL,prior,volatility_pct,1.6173822517079182,0.2123767568325391,3.757111591216392,True
BALL,prior,q01_pct,-3.5015035234391685,-9.347358371131122,-0.4511408458347419,True
BALL,prior,q99_pct,4.406639970839016,0.48219812195748046,9.325640810653544,True
BALL,prior,max_drawdown_pct,-21.82552987768762,-70.82048945093555,-1.2993932314906609,True
BALL,posterior,mean_pct,0.09226407358788602,-0.31633180452278964,0.3700353446457001,True
BALL,posterior,volatility_pct,1.6173822517079182,1.2689207832483382,3.2819787475502187,True
BALL,posterior,q01_pct,-3.5015035234391685,-8.12274605166167,-2.7727173950057478,True
BALL,posterior,q99_pct,4.406639970839016,2.72470976593904,8.55218118000775,True
BALL,posterior,max_drawdown_pct,-21.82552987768762,-61.83542751530932,-8.480858881681781,True
BAX,prior,mean_pct,0.06347059675135824,-0.42011757146774187,0.45522948165096727,True
BAX,prior,volatility_pct,2.7212014772592803,0.2123767568325391,3.757111591216392,True
BAX,prior,q01_pct,-5.485039837658405,-9.347358371131122,-0.4511408458347419,True
BAX,prior,q99_pct,6.022880543023342,0.48219812195748046,9.325640810653544,True
BAX,prior,max_drawdown_pct,-35.941161963984506,-70.82048945093555,-1.2993932314906609,True
BAX,posterior,mean_pct,0.06347059675135824,-0.4376554043861862,0.5186274849633943,True
BAX,posterior,volatility_pct,2.7212014772592803,2.015384474665127,2.8452428426265772,True
BAX,posterior,q01_pct,-5.485039837658405,-8.969757442362605,-4.219880713801832,True
BAX,posterior,q99_pct,6.022880543023342,4.121782257873561,8.255612808279682,True
BAX,posterior,max_drawdown_pct,-35.941161963984506,-73.60713884441822,-14.095465644411268,True
BBY,prior,mean_pct,0.13411554674007675,-0.42011757146774187,0.45522948165096727,True
BBY,prior,volatility_pct,2.397578299564644,0.2123767568325391,3.757111591216392,True
BBY,prior,q01_pct,-4.793524593114853,-9.347358371131122,-0.4511408458347419,True
BBY,prior,q99_pct,6.123950742185096,0.48219812195748046,9.325640810653544,True
BBY,prior,max_drawdown_pct,-32.01228203434655,-70.82048945093555,-1.2993932314906609,True
BBY,posterior,mean_pct,0.13411554674007675,-0.42401422158399615,0.4540507105236173,True
BBY,posterior,volatility_pct,2.397578299564644,1.909569659035775,2.77132819446383,True
BBY,posterior,q01_pct,-4.793524593114853,-7.79566476866603,-4.28423357764259,True
BBY,posterior,q99_pct,6.123950742185096,3.920207093656059,8.31403086595235,True
BBY,posterior,max_drawdown_pct,-32.01228203434655,-72.00178808415016,-12.955619451635219,True
BDX,prior,mean_pct,0.10266912733669642,-0.42011757146774187,0.45522948165096727,True
BDX,prior,volatility_pct,1.6041410777336014,0.2123767568325391,3.757111591216392,True
BDX,prior,q01_pct,-2.869237307459116,-9.347358371131122,-0.4511408458347419,True
BDX,prior,q99_pct,5.133802592754363,0.48219812195748046,9.325640810653544,True
BDX,prior,max_drawdown_pct,-23.077326022909794,-70.82048945093555,-1.2993932314906609,True
BDX,posterior,mean_pct,0.10266912733669642,-0.38869792140000214,0.28110737022356375,True
BDX,posterior,volatility_pct,1.6041410777336014,1.3069734204402197,2.506706956438621,True
BDX,posterior,q01_pct,-2.869237307459116,-7.77922464814037,-2.8667100855149332,True
BDX,posterior,q99_pct,5.133802592754363,2.4255137883126725,7.2870088076218815,True
BDX,posterior,max_drawdown_pct,-23.077326022909794,-66.2302533077159,-10.49054589064684,True
BEN,prior,mean_pct,0.15596860721416306,-0.42011757146774187,0.45522948165096727,True
BEN,prior,volatility_pct,1.766186713108623,0.2123767568325391,3.757111591216392,True
BEN,prior,q01_pct,-4.208642803132534,-9.347358371131122,-0.4511408458347419,True
BEN,prior,q99_pct,4.614790398627519,0.48219812195748046,9.325640810653544,True
BEN,prior,max_drawdown_pct,-19.2116455868794,-70.82048945093555,-1.2993932314906609,True
BEN,posterior,mean_pct,0.15596860721416306,-0.20707582974011984,0.5212466276830057,True
BEN,posterior,volatility_pct,1.766186713108623,1.4990267296377315,2.521976610174567,True
BEN,posterior,q01_pct,-4.208642803132534,-6.9111976942047475,-2.9515725523233423,True
BEN,posterior,q99_pct,4.614790398627519,3.275219723675393,8.514532473869615,True
BEN,posterior,max_drawdown_pct,-19.2116455868794,-50.965661789191245,-8.132538764998305,True
BF-B,prior,mean_pct,0.014516144619847182,-0.42011757146774187,0.45522948165096727,True
BF-B,prior,volatility_pct,2.4413669021428186,0.2123767568325391,3.757111591216392,True
BF-B,prior,q01_pct,-5.849121306091547,-9.347358371131122,-0.4511408458347419,True
BF-B,prior,q99_pct,6.0180038772523305,0.48219812195748046,9.325640810653544,True
BF-B,prior,max_drawdown_pct,-25.484366677800008,-70.82048945093555,-1.2993932314906609,True
BF-B,posterior,mean_pct,0.014516144619847182,-0.506220874669653,0.4623485484212784,True
BF-B,posterior,volatility_pct,2.4413669021428186,1.905603283245495,3.169939943823971,True
BF-B,posterior,q01_pct,-5.849121306091547,-9.625774301774799,-4.105626143794508,True
BF-B,posterior,q99_pct,6.0180038772523305,3.889364025462418,9.506426090374573,True
BF-B,posterior,max_drawdown_pct,-25.484366677800008,-75.95339039646363,-13.145057984969066,True
BG,prior,mean_pct,0.16178459321736227,-0.42011757146774187,0.45522948165096727,True
BG,prior,volatility_pct,1.9956142288043524,0.2123767568325391,3.757111591216392,True
BG,prior,q01_pct,-3.3226732350885873,-9.347358371131122,-0.4511408458347419,True
BG,prior,q99_pct,4.7131047584116335,0.48219812195748046,9.325640810653544,True
BG,prior,max_drawdown_pct,-20.18112038805112,-70.82048945093555,-1.2993932314906609,True
BG,posterior,mean_pct,0.16178459321736227,-0.37881771417820254,0.456958068868623,True
BG,posterior,volatility_pct,1.9956142288043524,1.6107754069106603,3.4096808369159937,True
BG,posterior,q01_pct,-3.3226732350885873,-8.31193837467581,-3.1974036221392454,True
BG,posterior,q99_pct,4.7131047584116335,3.321018468216058,8.992760511115184,True
BG,posterior,max_drawdown_pct,-20.18112038805112,-69.7837004707371,-10.640427891821824,True
BIIB,prior,mean_pct,0.22366475948274456,-0.42011757146774187,0.45522948165096727,True
BIIB,prior,volatility_pct,2.221578171379072,0.2123767568325391,3.757111591216392,True
BIIB,prior,q01_pct,-4.440723899751902,-9.347358371131122,-0.4511408458347419,True
BIIB,prior,q99_pct,6.434184983372678,0.48219812195748046,9.325640810653544,True
BIIB,prior,max_drawdown_pct,-14.33542023863894,-70.82048945093555,-1.2993932314906609,True
BIIB,posterior,mean_pct,0.22366475948274456,-0.3294647975553553,0.4843740523887411,True
BIIB,posterior,volatility_pct,2.221578171379072,1.8037314379489369,3.034888579897293,True
BIIB,posterior,q01_pct,-4.440723899751902,-9.283013694360852,-3.7525737217627464,True
BIIB,posterior,q99_pct,6.434184983372678,3.9294036534614842,8.282176477275781,True
BIIB,posterior,max_drawdown_pct,-14.33542023863894,-64.88500636295367,-11.991724608893108,True
BKNG,prior,mean_pct,-0.03178831002514926,-0.42011757146774187,0.45522948165096727,True
BKNG,prior,volatility_pct,2.2915236084776307,0.2123767568325391,3.757111591216392,True
BKNG,prior,q01_pct,-5.480590388178825,-9.347358371131122,-0.4511408458347419,True
BKNG,prior,q99_pct,6.625889502465723,0.48219812195748046,9.325640810653544,True
BKNG,prior,max_drawdown_pct,-31.42077360084835,-70.82048945093555,-1.2993932314906609,True
BKNG,posterior,mean_pct,-0.03178831002514926,-0.4499770437310531,0.4406270896650778,True
BKNG,posterior,volatility_pct,2.2915236084776307,1.8928734344215552,2.8505885462388174,True
BKNG,posterior,q01_pct,-5.480590388178825,-8.33844759762287,-4.075268521439284,True
BKNG,posterior,q99_pct,6.625889502465723,3.9455795856192704,9.061012680456033,True
BKNG,posterior,max_drawdown_pct,-31.42077360084835,-73.03600679698712,-12.552762483692758,True
BKR,prior,mean_pct,0.15644886731251972,-0.42011757146774187,0.45522948165096727,True
BKR,prior,volatility_pct,2.0390483641407435,0.2123767568325391,3.757111591216392,True
BKR,prior,q01_pct,-5.243804398924112,-9.347358371131122,-0.4511408458347419,True
BKR,prior,q99_pct,5.659941881895064,0.48219812195748046,9.325640810653544,True
BKR,prior,max_drawdown_pct,-23.98952843852218,-70.82048945093555,-1.2993932314906609,True
BKR,posterior,mean_pct,0.15644886731251972,-0.3373133911715307,0.5160628956609797,True
BKR,posterior,volatility_pct,2.0390483641407435,1.6729745100902047,2.929913811504218,True
BKR,posterior,q01_pct,-5.243804398924112,-8.419676597975194,-3.5699464686214926,True
BKR,posterior,q99_pct,5.659941881895064,3.8202141285873936,8.548891139030445,True
BKR,posterior,max_drawdown_pct,-23.98952843852218,-64.54108667951621,-10.079878151141127,True
BLDR,prior,mean_pct,-0.24601669726962427,-0.42011757146774187,0.45522948165096727,True
BLDR,prior,volatility_pct,3.1537458236626654,0.2123767568325391,3.757111591216392,True
BLDR,prior,q01_pct,-5.602504517883062,-9.347358371131122,-0.4511408458347419,True
BLDR,prior,q99_pct,8.708438090980044,0.48219812195748046,9.325640810653544,True
BLDR,prior,max_drawdown_pct,-57.91837200596621,-70.82048945093555,-1.2993932314906609,True
BLDR,posterior,mean_pct,-0.24601669726962427,-0.7469764618255255,0.3442042045924965,True
BLDR,posterior,volatility_pct,3.1537458236626654,2.1671097833772834,2.952152351562398,False
BLDR,posterior,q01_pct,-5.602504517883062,-9.030424490757285,-4.681449675559998,True
BLDR,posterior,q99_pct,8.708438090980044,4.098626264464106,8.88437763582913,True
BLDR,posterior,max_drawdown_pct,-57.91837200596621,-87.15694931448084,-17.94790031210058,True
BLK,prior,mean_pct,0.01961351516008847,-0.42011757146774187,0.45522948165096727,True
BLK,prior,volatility_pct,1.6971171065044435,0.2123767568325391,3.757111591216392,True
BLK,prior,q01_pct,-4.490119852125645,-9.347358371131122,-0.4511408458347419,True
BLK,prior,q99_pct,4.2070172913372454,0.48219812195748046,9.325640810653544,True
BLK,prior,max_drawdown_pct,-22.454445370576426,-70.82048945093555,-1.2993932314906609,True
BLK,posterior,mean_pct,0.01961351516008847,-0.3447635144660013,0.2959733595217955,True
BLK,posterior,volatility_pct,1.6971171065044435,1.403250484435658,2.8357918792708556,True
BLK,posterior,q01_pct,-4.490119852125645,-8.299300252832472,-3.0541052696295083,True
BLK,posterior,q99_pct,4.2070172913372454,2.9958412190433554,7.7113636195659545,True
BLK,posterior,max_drawdown_pct,-22.454445370576426,-65.15907408367497,-10.73565752579774,True
BMY,prior,mean_pct,0.17154468598050698,-0.42011757146774187,0.45522948165096727,True
BMY,prior,volatility_pct,1.721844890383353,0.2123767568325391,3.757111591216392,True
BMY,prior,q01_pct,-3.9051716402173047,-9.347358371131122,-0.4511408458347419,True
BMY,prior,q99_pct,5.185621920973062,0.48219812195748046,9.325640810653544,True
BMY,prior,max_drawdown_pct,-12.52718821667661,-70.82048945093555,-1.2993932314906609,True
BMY,posterior,mean_pct,0.17154468598050698,-0.26558244626629346,0.40249149705499576,True
BMY,posterior,volatility_pct,1.721844890383353,1.4096170814101971,2.6742678490089378,True
BMY,posterior,q01_pct,-3.9051716402173047,-7.2817441993393,-2.8800202959217134,True
BMY,posterior,q99_pct,5.185621920973062,3.020422958023844,7.902522458694842,True
BMY,posterior,max_drawdown_pct,-12.52718821667661,-60.792719583634074,-9.163645037732017,True
BNY,prior,mean_pct,0.1878926629359512,-0.42011757146774187,0.45522948165096727,True
BNY,prior,volatility_pct,1.3346340648325465,0.2123767568325391,3.757111591216392,True
BNY,prior,q01_pct,-2.913461960852146,-9.347358371131122,-0.4511408458347419,True
BNY,prior,q99_pct,3.1905907951295367,0.48219812195748046,9.325640810653544,True
BNY,prior,max_drawdown_pct,-10.148109100994985,-70.82048945093555,-1.2993932314906609,True
BNY,posterior,mean_pct,0.1878926629359512,-0.14008946286221402,0.4425580536493871,True
BNY,posterior,volatility_pct,1.3346340648325465,1.08407882578065,1.6595438413858408,True
BNY,posterior,q01_pct,-2.913461960852146,-4.944984285999089,-2.152874416438863,True
BNY,posterior,q99_pct,3.1905907951295367,2.4681113716680545,5.1208658710122075,True
BNY,posterior,max_drawdown_pct,-10.148109100994985,-36.51024857494684,-5.522495789325191,True
BR,prior,mean_pct,-0.12845362666382698,-0.42011757146774187,0.45522948165096727,True
BR,prior,volatility_pct,1.7935341014909911,0.2123767568325391,3.757111591216392,True
BR,prior,q01_pct,-4.519755262881517,-9.347358371131122,-0.4511408458347419,True
BR,prior,q99_pct,4.090754408389329,0.48219812195748046,9.325640810653544,True
BR,prior,max_drawdown_pct,-46.23014748614064,-70.82048945093555,-1.2993932314906609,True
BR,posterior,mean_pct,-0.12845362666382698,-0.4196377598948686,0.2819710942587149,True
BR,posterior,volatility_pct,1.7935341014909911,1.4930294451385655,2.5432921418582515,True
BR,posterior,q01_pct,-4.519755262881517,-8.795438965782523,-3.4016463908366865,True
BR,posterior,q99_pct,4.090754408389329,3.179208349576217,7.747266479022764,True
BR,posterior,max_drawdown_pct,-46.23014748614064,-69.52915551759185,-11.029020160525613,True
BRK-B,prior,mean_pct,0.008969093348554225,-0.42011757146774187,0.45522948165096727,True
BRK-B,prior,volatility_pct,0.9148911613505675,0.2123767568325391,3.757111591216392,True
BRK-B,prior,q01_pct,-1.8916150368750095,-9.347358371131122,-0.4511408458347419,True
BRK-B,prior,q99_pct,2.356651397421953,0.48219812195748046,9.325640810653544,True
BRK-B,prior,max_drawdown_pct,-9.421771498132115,-70.82048945093555,-1.2993932314906609,True
BRK-B,posterior,mean_pct,0.008969093348554225,-0.2043394138919119,0.21723141528618922,True
BRK-B,posterior,volatility_pct,0.9148911613505675,0.72662438039953,1.3289995796636755,True
BRK-B,posterior,q01_pct,-1.8916150368750095,-3.571196333039552,-1.542845020676032,True
BRK-B,posterior,q99_pct,2.356651397421953,1.5316869133617723,3.961859053838984,True
BRK-B,posterior,max_drawdown_pct,-9.421771498132115,-42.59548458304678,-5.030184215966027,True
BRO,prior,mean_pct,-0.09423136249893105,-0.42011757146774187,0.45522948165096727,True
BRO,prior,volatility_pct,1.915715218268824,0.2123767568325391,3.757111591216392,True
BRO,prior,q01_pct,-6.480209939181804,-9.347358371131122,-0.4511408458347419,True
BRO,prior,q99_pct,4.60694056004285,0.48219812195748046,9.325640810653544,True
BRO,prior,max_drawdown_pct,-43.497489994254565,-70.82048945093555,-1.2993932314906609,True
BRO,posterior,mean_pct,-0.09423136249893105,-0.4547428531536326,0.3308752757700723,True
BRO,posterior,volatility_pct,1.915715218268824,1.524943990329603,2.764301245416242,True
BRO,posterior,q01_pct,-6.480209939181804,-7.7606693878769875,-3.2732466267421843,True
BRO,posterior,q99_pct,4.60694056004285,3.376335313543677,8.028553356043986,True
BRO,posterior,max_drawdown_pct,-43.497489994254565,-73.01154773491999,-10.641503753891941,True
BSX,prior,mean_pct,-0.2813970749116379,-0.42011757146774187,0.45522948165096727,True
BSX,prior,volatility_pct,2.3370899172952284,0.2123767568325391,3.757111591216392,True
BSX,prior,q01_pct,-7.090467177331447,-9.347358371131122,-0.4511408458347419,True
BSX,prior,q99_pct,4.34838192537426,0.48219812195748046,9.325640810653544,True
BSX,prior,max_drawdown_pct,-60.57887770226373,-70.82048945093555,-1.2993932314906609,True
BSX,posterior,mean_pct,-0.2813970749116379,-0.5140189939767512,0.31768313052196356,True
BSX,posterior,volatility_pct,2.3370899172952284,1.6202131240072493,3.4743965750405037,True
BSX,posterior,q01_pct,-7.090467177331447,-10.6959553046152,-3.478990260045975,True
BSX,posterior,q99_pct,4.34838192537426,3.524634794890878,9.655980960279678,True
BSX,posterior,max_drawdown_pct,-60.57887770226373,-77.62503846925406,-12.632468536563481,True
BX,prior,mean_pct,-0.049692179965177274,-0.42011757146774187,0.45522948165096727,True
BX,prior,volatility_pct,2.2866528161760717,0.2123767568325391,3.757111591216392,True
BX,prior,q01_pct,-5.791294984519482,-9.347358371131122,-0.4511408458347419,True
BX,prior,q99_pct,5.677356608211985,0.48219812195748046,9.325640810653544,True
BX,prior,max_drawdown_pct,-44.76163500565213,-70.82048945093555,-1.2993932314906609,True
BX,posterior,mean_pct,-0.049692179965177274,-0.475782951164998,0.37423362325540305,True
BX,posterior,volatility_pct,2.2866528161760717,1.9357401745469356,2.7687633087008328,True
BX,posterior,q01_pct,-5.791294984519482,-8.62919275481254,-4.185964596178383,True
BX,posterior,q99_pct,5.677356608211985,4.030302372574802,9.006794688850615,True
BX,posterior,max_drawdown_pct,-44.76163500565213,-75.84058742087838,-14.742572423532234,True
BXP,prior,mean_pct,0.010013092958160996,-0.42011757146774187,0.45522948165096727,True
BXP,prior,volatility_pct,1.7481948092796986,0.2123767568325391,3.757111591216392,True
BXP,prior,q01_pct,-4.774051681160927,-9.347358371131122,-0.4511408458347419,True
BXP,prior,q99_pct,3.5230355523526664,0.48219812195748046,9.325640810653544,True
BXP,prior,max_drawdown_pct,-33.55875119789583,-70.82048945093555,-1.2993932314906609,True
BXP,posterior,mean_pct,0.010013092958160996,-0.36142345831099476,0.37480042359649784,True
BXP,posterior,volatility_pct,1.7481948092796986,1.4667590801726087,2.309099630904333,True
BXP,posterior,q01_pct,-4.774051681160927,-6.999095588922501,-3.1678960741031914,True
BXP,posterior,q99_pct,3.5230355523526664,3.267824296560136,6.724557638913387,True
BXP,posterior,max_drawdown_pct,-33.55875119789583,-64.4960757090454,-9.395599507239663,True
C,prior,mean_pct,0.16267171229173982,-0.42011757146774187,0.45522948165096727,True
C,prior,volatility_pct,1.8331769322684766,0.2123767568325391,3.757111591216392,True
C,prior,q01_pct,-4.812998995184898,-9.347358371131122,-0.4511408458347419,True
C,prior,q99_pct,4.914304614067067,0.48219812195748046,9.325640810653544,True
C,prior,max_drawdown_pct,-14.761254207934682,-70.82048945093555,-1.2993932314906609,True
C,posterior,mean_pct,0.16267171229173982,-0.19978714186841984,0.522720573352636,True
C,posterior,volatility_pct,1.8331769322684766,1.5233381261618733,2.6120829580222202,True
C,posterior,q01_pct,-4.812998995184898,-7.919103384763002,-3.1431110520847145,True
C,posterior,q99_pct,4.914304614067067,3.3219587699510136,8.226458853483189,True
C,posterior,max_drawdown_pct,-14.761254207934682,-57.05508619710198,-8.20168642147415,True
CAH,prior,mean_pct,0.21741149458591735,-0.42011757146774187,0.45522948165096727,True
CAH,prior,volatility_pct,1.8628631407878045,0.2123767568325391,3.757111591216392,True
CAH,prior,q01_pct,-3.8437540270388126,-9.347358371131122,-0.4511408458347419,True
CAH,prior,q99_pct,4.551800657063716,0.48219812195748046,9.325640810653544,True
CAH,prior,max_drawdown_pct,-20.41830895759399,-70.82048945093555,-1.2993932314906609,True
CAH,posterior,mean_pct,0.21741149458591735,-0.22540452867382665,0.4524593458510626,True
CAH,posterior,volatility_pct,1.8628631407878045,1.3437922321631115,3.413984145830889,True
CAH,posterior,q01_pct,-3.8437540270388126,-8.522285803034901,-2.736210337514058,True
CAH,posterior,q99_pct,4.551800657063716,2.7833902967162425,8.55049610938874,True
CAH,posterior,max_drawdown_pct,-20.41830895759399,-58.82315387687234,-7.598877468452321,True
CARR,prior,mean_pct,-0.009261734322763004,-0.42011757146774187,0.45522948165096727,True
CARR,prior,volatility_pct,2.230546703762887,0.2123767568325391,3.757111591216392,True
CARR,prior,q01_pct,-6.310309246182441,-9.347358371131122,-0.4511408458347419,True
CARR,prior,q99_pct,5.590187329798933,0.48219812195748046,9.325640810653544,True
CARR,prior,max_drawdown_pct,-24.400170173683854,-70.82048945093555,-1.2993932314906609,True
CARR,posterior,mean_pct,-0.009261734322763004,-0.47316796034678354,0.42001182624240097,True
CARR,posterior,volatility_pct,2.230546703762887,1.8226919829151362,3.0004858194282615,True
CARR,posterior,q01_pct,-6.310309246182441,-9.158731549605728,-3.8090471674688167,True
CARR,posterior,q99_pct,5.590187329798933,3.56049515577033,9.536908080987624,True
CARR,posterior,max_drawdown_pct,-24.400170173683854,-76.11552928160154,-12.889880171374717,True
CASY,prior,mean_pct,0.1880048707619153,-0.42011757146774187,0.45522948165096727,True
CASY,prior,volatility_pct,2.13783695055728,0.2123767568325391,3.757111591216392,True
CASY,prior,q01_pct,-4.074759427458048,-9.347358371131122,-0.4511408458347419,True
CASY,prior,q99_pct,4.941208567470308,0.48219812195748046,9.325640810653544,True
CASY,prior,max_drawdown_pct,-17.84453811722041,-70.82048945093555,-1.2993932314906609,True
CASY,posterior,mean_pct,0.1880048707619153,-0.35129072276638595,0.4321319281644661,True
CASY,posterior,volatility_pct,2.13783695055728,1.5564465033145454,3.2893946711562565,True
CASY,posterior,q01_pct,-4.074759427458048,-8.626220079138875,-3.1374981579370793,True
CASY,posterior,q99_pct,4.941208567470308,3.3690938745625254,8.295560774207093,True
CASY,posterior,max_drawdown_pct,-17.84453811722041,-65.50083957575873,-10.04300537789078,True
CAT,prior,mean_pct,0.2792721261357656,-0.42011757146774187,0.45522948165096727,True
CAT,prior,volatility_pct,2.4908328570877014,0.2123767568325391,3.757111591216392,True
CAT,prior,q01_pct,-5.9780410304665565,-9.347358371131122,-0.4511408458347419,True
CAT,prior,q99_pct,6.75599176436662,0.48219812195748046,9.325640810653544,True
CAT,prior,max_drawdown_pct,-26.696840487439065,-70.82048945093555,-1.2993932314906609,True
CAT,posterior,mean_pct,0.2792721261357656,-0.251572068951063,0.6065281174513472,True
CAT,posterior,volatility_pct,2.4908328570877014,1.9431701962624262,2.883520597886642,True
CAT,posterior,q01_pct,-5.9780410304665565,-9.179558321274817,-3.932501384336502,True
CAT,posterior,q99_pct,6.75599176436662,4.229234975483265,9.44964505732058,True
CAT,posterior,max_drawdown_pct,-26.696840487439065,-59.361453334511395,-11.817027328403093,True
CB,prior,mean_pct,0.09707951247150959,-0.42011757146774187,0.45522948165096727,True
CB,prior,volatility_pct,1.2270801622272363,0.2123767568325391,3.757111591216392,True
CB,prior,q01_pct,-2.8558167163282633,-9.347358371131122,-0.4511408458347419,True
CB,prior,q99_pct,3.2170144841074944,0.48219812195748046,9.325640810653544,True
CB,prior,max_drawdown_pct,-9.355095407515757,-70.82048945093555,-1.2993932314906609,True
CB,posterior,mean_pct,0.09707951247150959,-0.15075263722914656,0.2989464123080481,True
CB,posterior,volatility_pct,1.2270801622272363,1.014631982405486,1.9369112036741967,True
CB,posterior,q01_pct,-2.8558167163282633,-5.482537204027176,-2.0161219788249585,True
CB,posterior,q99_pct,3.2170144841074944,2.2025455969385783,5.761658810544758,True
CB,posterior,max_drawdown_pct,-9.355095407515757,-45.906153243629554,-6.177546754453608,True
CBOE,prior,mean_pct,0.11752635193715832,-0.42011757146774187,0.45522948165096727,True
CBOE,prior,volatility_pct,2.0805849728926358,0.2123767568325391,3.757111591216392,True
CBOE,prior,q01_pct,-6.312174610793589,-9.347358371131122,-0.4511408458347419,True
CBOE,prior,q99_pct,4.786514509469271,0.48219812195748046,9.325640810653544,True
CBOE,prior,max_drawdown_pct,-36.7343241875542,-70.82048945093555,-1.2993932314906609,True
CBOE,posterior,mean_pct,0.11752635193715832,-0.2902389544173829,0.5294894727745109,True
CBOE,posterior,volatility_pct,2.0805849728926358,1.5787597168150682,2.897104387942947,True
CBOE,posterior,q01_pct,-6.312174610793589,-8.585796885006129,-3.428253976814449,True
CBOE,posterior,q99_pct,4.786514509469271,3.5572380270808917,8.981005565635847,True
CBOE,posterior,max_drawdown_pct,-36.7343241875542,-60.37152122779614,-8.887297918431674,True
CBRE,prior,mean_pct,-0.014868917966737172,-0.42011757146774187,0.45522948165096727,True
CBRE,prior,volatility_pct,2.0307597450280404,0.2123767568325391,3.757111591216392,True
CBRE,prior,q01_pct,-4.945094231516122,-9.347358371131122,-0.4511408458347419,True
CBRE,prior,q99_pct,4.959962703287595,0.48219812195748046,9.325640810653544,True
CBRE,prior,max_drawdown_pct,-27.370199851705912,-70.82048945093555,-1.2993932314906609,True
CBRE,posterior,mean_pct,-0.014868917966737172,-0.39903966414509995,0.33087623779407227,True
CBRE,posterior,volatility_pct,2.0307597450280404,1.530821101268628,2.9254691823055308,True
CBRE,posterior,q01_pct,-4.945094231516122,-10.04665209967643,-3.302216315362603,True
CBRE,posterior,q99_pct,4.959962703287595,3.211255316901952,8.793643798865345,True
CBRE,posterior,max_drawdown_pct,-27.370199851705912,-68.9291444133577,-10.22641548432995,True
CCI,prior,mean_pct,-0.06342391637588207,-0.42011757146774187,0.45522948165096727,True
CCI,prior,volatility_pct,1.8591819772493186,0.2123767568325391,3.757111591216392,True
CCI,prior,q01_pct,-4.825614169239998,-9.347358371131122,-0.4511408458347419,True
CCI,prior,q99_pct,4.121613018214696,0.48219812195748046,9.325640810653544,True
CCI,prior,max_drawdown_pct,-22.836752652939996,-70.82048945093555,-1.2993932314906609,True
CCI,posterior,mean_pct,-0.06342391637588207,-0.33421915425097026,0.37915243283317657,True
CCI,posterior,volatility_pct,1.8591819772493186,1.53302025020732,2.440638861106601,True
CCI,posterior,q01_pct,-4.825614169239998,-7.687165910564362,-3.327310142107309,True
CCI,posterior,q99_pct,4.121613018214696,3.2471378572285166,7.547249932587133,True
CCI,posterior,max_drawdown_pct,-22.836752652939996,-61.49384577050244,-9.471950203771248,True
CCL,prior,mean_pct,-0.07604395382259099,-0.42011757146774187,0.45522948165096727,True
CCL,prior,volatility_pct,2.9874712786344313,0.2123767568325391,3.757111591216392,True
CCL,prior,q01_pct,-7.16480292379856,-9.347358371131122,-0.4511408458347419,True
CCL,prior,q99_pct,8.684533908963198,0.48219812195748046,9.325640810653544,True
CCL,prior,max_drawdown_pct,-30.558118454387984,-70.82048945093555,-1.2993932314906609,True
CCL,posterior,mean_pct,-0.07604395382259099,-0.6227576450338717,0.3498080589914698,True
CCL,posterior,volatility_pct,2.9874712786344313,2.039979071086432,2.887876474410822,False
CCL,posterior,q01_pct,-7.16480292379856,-8.788742509111762,-4.496376818697899,True
CCL,posterior,q99_pct,8.684533908963198,4.0737304927781155,8.57385540418326,False
CCL,posterior,max_drawdown_pct,-30.558118454387984,-82.84209606216437,-16.826755675315784,True
CDNS,prior,mean_pct,-0.04205064617224252,-0.42011757146774187,0.45522948165096727,True
CDNS,prior,volatility_pct,2.5533912680001656,0.2123767568325391,3.757111591216392,True
CDNS,prior,q01_pct,-7.35398843884468,-9.347358371131122,-0.4511408458347419,True
CDNS,prior,q99_pct,6.668668147176485,0.48219812195748046,9.325640810653544,True
CDNS,prior,max_drawdown_pct,-29.70532366515467,-70.82048945093555,-1.2993932314906609,True
CDNS,posterior,mean_pct,-0.04205064617224252,-0.5661500441325131,0.4127374654260477,True
CDNS,posterior,volatility_pct,2.5533912680001656,1.957537869270012,3.1935299547501343,True
CDNS,posterior,q01_pct,-7.35398843884468,-9.639849330112337,-4.233632929623127,True
CDNS,posterior,q99_pct,6.668668147176485,4.041880538500842,9.283883268944894,True
CDNS,posterior,max_drawdown_pct,-29.70532366515467,-78.75395290603721,-14.870690963835775,True
CDW,prior,mean_pct,0.01543525014824354,-0.42011757146774187,0.45522948165096727,True
CDW,prior,volatility_pct,2.820087757755071,0.2123767568325391,3.757111591216392,True
CDW,prior,q01_pct,-7.189785055816173,-9.347358371131122,-0.4511408458347419,True
CDW,prior,q99_pct,7.856954075396058,0.48219812195748046,9.325640810653544,True
CDW,prior,max_drawdown_pct,-41.29772634009814,-70.82048945093555,-1.2993932314906609,True
CDW,posterior,mean_pct,0.01543525014824354,-0.38601496482949216,0.5110274755146766,True
CDW,posterior,volatility_pct,2.820087757755071,1.9409276910147446,3.3104911474546745,True
CDW,posterior,q01_pct,-7.189785055816173,-10.421597787551582,-4.207039193995297,True
CDW,posterior,q99_pct,7.856954075396058,4.073586385510859,10.532075528614213,True
CDW,posterior,max_drawdown_pct,-41.29772634009814,-67.7287810143134,-14.405482007044071,True
CEG,prior,mean_pct,0.020313937648097635,-0.42011757146774187,0.45522948165096727,True
CEG,prior,volatility_pct,2.969463800930123,0.2123767568325391,3.757111591216392,True
CEG,prior,q01_pct,-7.315443865954875,-9.347358371131122,-0.4511408458347419,True
CEG,prior,q99_pct,6.512129418551919,0.48219812195748046,9.325640810653544,True
CEG,prior,max_drawdown_pct,-41.21623074348724,-70.82048945093555,-1.2993932314906609,True
CEG,posterior,mean_pct,0.020313937648097635,-0.4752742886388691,0.5562316725250298,True
CEG,posterior,volatility_pct,2.969463800930123,1.9925066209856852,2.874584431868822,False
CEG,posterior,q01_pct,-7.315443865954875,-8.907141024060545,-4.508584568370134,True
CEG,posterior,q99_pct,6.512129418551919,3.9599670993164158,8.815564833208908,True
CEG,posterior,max_drawdown_pct,-41.21623074348724,-75.08760169495511,-14.526781105389443,True
CF,prior,mean_pct,0.20906086600973595,-0.42011757146774187,0.45522948165096727,True
CF,prior,volatility_pct,2.6779757636167436,0.2123767568325391,3.757111591216392,True
CF,prior,q01_pct,-5.664907656610012,-9.347358371131122,-0.4511408458347419,True
CF,prior,q99_pct,7.130484953522659,0.48219812195748046,9.325640810653544,True
CF,prior,max_drawdown_pct,-25.445403063323667,-70.82048945093555,-1.2993932314906609,True
CF,posterior,mean_pct,0.20906086600973595,-0.3565121335479091,0.58358315541534,True
CF,posterior,volatility_pct,2.6779757636167436,2.0638975757083027,2.944151420928305,True
CF,posterior,q01_pct,-5.664907656610012,-8.92180558256805,-4.209175307862462,True
CF,posterior,q99_pct,7.130484953522659,4.561070282198481,9.05589262228456,True
CF,posterior,max_drawdown_pct,-25.445403063323667,-69.31049827127856,-13.100404512224918,True
CFG,prior,mean_pct,0.1446271872282523,-0.42011757146774187,0.45522948165096727,True
CFG,prior,volatility_pct,1.6585635553594429,0.2123767568325391,3.757111591216392,True
CFG,prior,q01_pct,-4.723767265677452,-9.347358371131122,-0.4511408458347419,True
CFG,prior,q99_pct,4.4397086650133115,0.48219812195748046,9.325640810653544,True
CFG,prior,max_drawdown_pct,-18.320616276584868,-70.82048945093555,-1.2993932314906609,True
CFG,posterior,mean_pct,0.1446271872282523,-0.24525119994809508,0.4730962323608273,True
CFG,posterior,volatility_pct,1.6585635553594429,1.375023654433626,3.994327452252363,True
CFG,posterior,q01_pct,-4.723767265677452,-8.273676549363879,-2.8736205452587456,True
CFG,posterior,q99_pct,4.4397086650133115,3.010107802692798,7.349784309416996,True
CFG,posterior,max_drawdown_pct,-18.320616276584868,-64.40595081016149,-7.019218159781927,True
CHD,prior,mean_pct,0.04203969746470193,-0.42011757146774187,0.45522948165096727,True
CHD,prior,volatility_pct,1.456517445191733,0.2123767568325391,3.757111591216392,True
CHD,prior,q01_pct,-3.4139263071119785,-9.347358371131122,-0.4511408458347419,True
CHD,prior,q99_pct,3.390353675931684,0.48219812195748046,9.325640810653544,True
CHD,prior,max_drawdown_pct,-14.613772126222347,-70.82048945093555,-1.2993932314906609,True
CHD,posterior,mean_pct,0.04203969746470193,-0.29650604828209737,0.3153579685021837,True
CHD,posterior,volatility_pct,1.456517445191733,1.1887139227319425,2.0498553971130495,True
CHD,posterior,q01_pct,-3.4139263071119785,-6.087619948852807,-2.5841832607053226,True
CHD,posterior,q99_pct,3.390353675931684,2.4756780732888712,6.31567654795944,True
CHD,posterior,max_drawdown_pct,-14.613772126222347,-60.74179757847208,-8.375012510363835,True
CHRW,prior,mean_pct,0.09810764958047002,-0.42011757146774187,0.45522948165096727,True
CHRW,prior,volatility_pct,2.768158670166452,0.2123767568325391,3.757111591216392,True
CHRW,prior,q01_pct,-9.142331667244434,-9.347358371131122,-0.4511408458347419,True
CHRW,prior,q99_pct,5.427504684776064,0.48219812195748046,9.325640810653544,True
CHRW,prior,max_drawdown_pct,-32.370348602743704,-70.82048945093555,-1.2993932314906609,True
CHRW,posterior,mean_pct,0.09810764958047002,-0.40753580452120053,0.5243957381798692,True
CHRW,posterior,volatility_pct,2.768158670166452,1.5623454080887678,3.9640456763492193,True
CHRW,posterior,q01_pct,-9.142331667244434,-11.205151972174644,-3.6600630396045757,True
CHRW,posterior,q99_pct,5.427504684776064,3.7219008991494764,10.06466740071772,True
CHRW,posterior,max_drawdown_pct,-32.370348602743704,-73.68625534142774,-11.14810419943049,True
CHTR,prior,mean_pct,-0.16274258836688205,-0.42011757146774187,0.45522948165096727,True
CHTR,prior,volatility_pct,3.1554445621840115,0.2123767568325391,3.757111591216392,True
CHTR,prior,q01_pct,-7.406227774918079,-9.347358371131122,-0.4511408458347419,True
CHTR,prior,q99_pct,7.345290221273894,0.48219812195748046,9.325640810653544,True
CHTR,prior,max_drawdown_pct,-56.38749259534013,-70.82048945093555,-1.2993932314906609,True
CHTR,posterior,mean_pct,-0.16274258836688205,-0.5929539722371224,0.4192033772556129,True
CHTR,posterior,volatility_pct,3.1554445621840115,2.019917649457984,2.9599643332724312,False
CHTR,posterior,q01_pct,-7.406227774918079,-9.446638739667833,-4.505069285724314,True
CHTR,posterior,q99_pct,7.345290221273894,4.467536498792465,9.047766023501746,True
CHTR,posterior,max_drawdown_pct,-56.38749259534013,-81.8760428682951,-13.933605610862148,True
CI,prior,mean_pct,0.0077919199782172655,-0.42011757146774187,0.45522948165096727,True
CI,prior,volatility_pct,2.036202443995904,0.2123767568325391,3.757111591216392,True
CI,prior,q01_pct,-3.6979487724602222,-9.347358371131122,-0.4511408458347419,True
CI,prior,q99_pct,4.475075323134655,0.48219812195748046,9.325640810653544,True
CI,prior,max_drawdown_pct,-21.411566822371764,-70.82048945093555,-1.2993932314906609,True
CI,posterior,mean_pct,0.0077919199782172655,-0.30292063554399107,0.40221578516263,True
CI,posterior,volatility_pct,2.036202443995904,1.5551211981598854,2.5036842323023643,True
CI,posterior,q01_pct,-3.6979487724602222,-7.198499453626573,-3.2549543425906453,True
CI,posterior,q99_pct,4.475075323134655,3.268874460132789,7.94043199010193,True
CI,posterior,max_drawdown_pct,-21.411566822371764,-60.834901782328245,-10.13252736116056,True
CIEN,prior,mean_pct,0.5745106562471847,-0.42011757146774187,0.45522948165096727,False
CIEN,prior,volatility_pct,4.699768573168786,0.2123767568325391,3.757111591216392,False
CIEN,prior,q01_pct,-12.04250380396843,-9.347358371131122,-0.4511408458347419,False
CIEN,prior,q99_pct,11.207758150994772,0.48219812195748046,9.325640810653544,False
CIEN,prior,max_drawdown_pct,-49.368422863023476,-70.82048945093555,-1.2993932314906609,True
CIEN,posterior,mean_pct,0.5745106562471847,-0.33374432317772573,0.6770405918707921,True
CIEN,posterior,volatility_pct,4.699768573168786,2.04474786948836,3.090806041525343,False
CIEN,posterior,q01_pct,-12.04250380396843,-9.504449593834579,-4.274672888126225,False
CIEN,posterior,q99_pct,11.207758150994772,4.713345891609783,10.836651149578364,False
CIEN,posterior,max_drawdown_pct,-49.368422863023476,-67.6260369760647,-9.983375206270232,True
CINF,prior,mean_pct,0.05989892637785488,-0.42011757146774187,0.45522948165096727,True
CINF,prior,volatility_pct,1.3104680057961198,0.2123767568325391,3.757111591216392,True
CINF,prior,q01_pct,-3.6832370981574063,-9.347358371131122,-0.4511408458347419,True
CINF,prior,q99_pct,3.0104183498769976,0.48219812195748046,9.325640810653544,True
CINF,prior,max_drawdown_pct,-12.414724916294517,-70.82048945093555,-1.2993932314906609,True
CINF,posterior,mean_pct,0.05989892637785488,-0.238270487662275,0.34949705806972264,True
CINF,posterior,volatility_pct,1.3104680057961198,1.0996838343812827,1.7868012863567793,True
CINF,posterior,q01_pct,-3.6832370981574063,-5.434586464148015,-2.138510226551444,True
CINF,posterior,q99_pct,3.0104183498769976,2.4610386978834864,5.220842618308957,True
CINF,posterior,max_drawdown_pct,-12.414724916294517,-52.276796366906346,-6.501178333038681,True
CL,prior,mean_pct,0.043907714109536755,-0.42011757146774187,0.45522948165096727,True
CL,prior,volatility_pct,1.4174707630688093,0.2123767568325391,3.757111591216392,True
CL,prior,q01_pct,-2.7817328833043575,-9.347358371131122,-0.4511408458347419,True
CL,prior,q99_pct,3.552157338708628,0.48219812195748046,9.325640810653544,True
CL,prior,max_drawdown_pct,-16.96748713065086,-70.82048945093555,-1.2993932314906609,True
CL,posterior,mean_pct,0.043907714109536755,-0.29782547162411177,0.30496648327525117,True
CL,posterior,volatility_pct,1.4174707630688093,1.1646270352295756,1.8838637310401236,True
CL,posterior,q01_pct,-2.7817328833043575,-5.185277890414,-2.4041578486096116,True
CL,posterior,q99_pct,3.552157338708628,2.5241481368895595,5.0041504705324735,True
CL,posterior,max_drawdown_pct,-16.96748713065086,-57.85977127454965,-7.0163063356545265,True
CLX,prior,mean_pct,-0.056200474071488316,-0.42011757146774187,0.45522948165096727,True
CLX,prior,volatility_pct,1.9208551924877255,0.2123767568325391,3.757111591216392,True
CLX,prior,q01_pct,-5.04426883533597,-9.347358371131122,-0.4511408458347419,True
CLX,prior,q99_pct,4.148643929511301,0.48219812195748046,9.325640810653544,True
CLX,prior,max_drawdown_pct,-31.42058056445197,-70.82048945093555,-1.2993932314906609,True
CLX,posterior,mean_pct,-0.056200474071488316,-0.3572661509529098,0.37715769755391904,True
CLX,posterior,volatility_pct,1.9208551924877255,1.5605301135599565,2.9689316973213344,True
CLX,posterior,q01_pct,-5.04426883533597,-7.928717700578272,-3.337333976943046,True
CLX,posterior,q99_pct,4.148643929511301,3.2577668111771314,8.591422225907442,True
CLX,posterior,max_drawdown_pct,-31.42058056445197,-65.51190047181309,-11.39652809712599,True
CMCSA,prior,mean_pct,-0.029711490572026378,-0.42011757146774187,0.45522948165096727,True
CMCSA,prior,volatility_pct,1.9376727438087684,0.2123767568325391,3.757111591216392,True
CMCSA,prior,q01_pct,-5.169422533363104,-9.347358371131122,-0.4511408458347419,True
CMCSA,prior,q99_pct,4.917115028947582,0.48219812195748046,9.325640810653544,True
CMCSA,prior,max_drawdown_pct,-30.797351851766695,-70.82048945093555,-1.2993932314906609,True
CMCSA,posterior,mean_pct,-0.029711490572026378,-0.3316612620131001,0.43924207260345394,True
CMCSA,posterior,volatility_pct,1.9376727438087684,1.4513193070261488,3.1735279253424853,True
CMCSA,posterior,q01_pct,-5.169422533363104,-9.135582576319575,-3.127573279617354,True
CMCSA,posterior,q99_pct,4.917115028947582,3.0979371997527765,9.139508858881873,True
CMCSA,posterior,max_drawdown_pct,-30.797351851766695,-65.68740564769905,-9.403355374023887,True
CME,prior,mean_pct,0.046593455405741224,-0.42011757146774187,0.45522948165096727,True
CME,prior,volatility_pct,1.4824305720867115,0.2123767568325391,3.757111591216392,True
CME,prior,q01_pct,-3.834985271096229,-9.347358371131122,-0.4511408458347419,True
CME,prior,q99_pct,3.4811935946345227,0.48219812195748046,9.325640810653544,True
CME,prior,max_drawdown_pct,-31.0893440827276,-70.82048945093555,-1.2993932314906609,True
CME,posterior,mean_pct,0.046593455405741224,-0.1954982573587536,0.38566080247399975,True
CME,posterior,volatility_pct,1.4824305720867115,1.222590939032246,2.066986744170013,True
CME,posterior,q01_pct,-3.834985271096229,-6.191961855906992,-2.3383733324706557,True
CME,posterior,q99_pct,3.4811935946345227,2.5958509692456557,6.132753048185252,True
CME,posterior,max_drawdown_pct,-31.0893440827276,-48.27398659944321,-6.788560423697048,True
CMG,prior,mean_pct,-0.018816276372035645,-0.42011757146774187,0.45522948165096727,True
CMG,prior,volatility_pct,2.6177002331330192,0.2123767568325391,3.757111591216392,True
CMG,prior,q01_pct,-5.529952049255371,-9.347358371131122,-0.4511408458347419,True
CMG,prior,q99_pct,4.917815495282409,0.48219812195748046,9.325640810653544,True
CMG,prior,max_drawdown_pct,-33.55340756740118,-70.82048945093555,-1.2993932314906609,True
CMG,posterior,mean_pct,-0.018816276372035645,-0.46368278949153297,0.4219884706219616,True
CMG,posterior,volatility_pct,2.6177002331330192,1.9664757051285195,2.972282786555014,True
CMG,posterior,q01_pct,-5.529952049255371,-8.85173783712089,-4.119322528783232,True
CMG,posterior,q99_pct,4.917815495282409,4.062012117635454,8.657004509121153,True
CMG,posterior,max_drawdown_pct,-33.55340756740118,-73.15211301011351,-14.211971991417501,True
CMI,prior,mean_pct,0.1621743755961802,-0.42011757146774187,0.45522948165096727,True
CMI,prior,volatility_pct,2.2962321876264893,0.2123767568325391,3.757111591216392,True
CMI,prior,q01_pct,-5.632048137485981,-9.347358371131122,-0.4511408458347419,True
CMI,prior,q99_pct,6.259865276515479,0.48219812195748046,9.325640810653544,True
CMI,prior,max_drawdown_pct,-24.747394615857445,-70.82048945093555,-1.2993932314906609,True
CMI,posterior,mean_pct,0.1621743755961802,-0.4306927493224091,0.5143211568503537,True
CMI,posterior,volatility_pct,2.2962321876264893,1.888693005606557,2.8339854676114897,True
CMI,posterior,q01_pct,-5.632048137485981,-8.7412578959018,-3.988060648459942,True
CMI,posterior,q99_pct,6.259865276515479,3.78232873342931,8.855822154134497,True
CMI,posterior,max_drawdown_pct,-24.747394615857445,-75.60425917616216,-12.107251541936279,True
CMS,prior,mean_pct,0.002354477203425631,-0.42011757146774187,0.45522948165096727,True
CMS,prior,volatility_pct,1.070548794310354,0.2123767568325391,3.757111591216392,True
CMS,prior,q01_pct,-2.7962542604655027,-9.347358371131122,-0.4511408458347419,True
CMS,prior,q99_pct,2.404770944267511,0.48219812195748046,9.325640810653544,True
CMS,prior,max_drawdown_pct,-13.634558754626102,-70.82048945093555,-1.2993932314906609,True
CMS,posterior,mean_pct,0.002354477203425631,-0.18948460498610586,0.31577591119165754,True
CMS,posterior,volatility_pct,1.070548794310354,0.9120031734698962,1.493838282904239,True
CMS,posterior,q01_pct,-2.7962542604655027,-4.466355309076607,-1.888955211825669,True
CMS,posterior,q99_pct,2.404770944267511,2.0307977629825458,4.4007802134379705,True
CMS,posterior,max_drawdown_pct,-13.634558754626102,-42.13180224997446,-5.526733676883044,True
CNC,prior,mean_pct,0.38346272256717384,-0.42011757146774187,0.45522948165096727,True
CNC,prior,volatility_pct,3.0740317926680722,0.2123767568325391,3.757111591216392,True
CNC,prior,q01_pct,-7.382902950048447,-9.347358371131122,-0.4511408458347419,True
CNC,prior,q99_pct,8.936894237995146,0.48219812195748046,9.325640810653544,True
CNC,prior,max_drawdown_pct,-32.72688973254838,-70.82048945093555,-1.2993932314906609,True
CNC,posterior,mean_pct,0.38346272256717384,-0.4168999666855875,0.5643198451838173,True
CNC,posterior,volatility_pct,3.0740317926680722,2.044914836753649,3.0042859845472276,False
CNC,posterior,q01_pct,-7.382902950048447,-9.367628415860235,-4.000222280994058,True
CNC,posterior,q99_pct,8.936894237995146,4.4030408314429215,9.522528953663995,True
CNC,posterior,max_drawdown_pct,-32.72688973254838,-70.71378219576171,-10.554209541019128,True
CNP,prior,mean_pct,0.0367506292377584,-0.42011757146774187,0.45522948165096727,True
CNP,prior,volatility_pct,1.0757036765894148,0.2123767568325391,3.757111591216392,True
CNP,prior,q01_pct,-2.6997039653360844,-9.347358371131122,-0.4511408458347419,True
CNP,prior,q99_pct,2.1466181706637126,0.48219812195748046,9.325640810653544,True
CNP,prior,max_drawdown_pct,-13.406538783116428,-70.82048945093555,-1.2993932314906609,True
CNP,posterior,mean_pct,0.0367506292377584,-0.1638812342844993,0.3238873117704939,True
CNP,posterior,volatility_pct,1.0757036765894148,0.8957657306153871,1.3838250845223623,True
CNP,posterior,q01_pct,-2.6997039653360844,-4.075428443867713,-1.8035496952012182,True
CNP,posterior,q99_pct,2.1466181706637126,1.9588337391149235,4.0411899879574715,True
CNP,posterior,max_drawdown_pct,-13.406538783116428,-41.96987701255724,-4.77184369266831,True
COF,prior,mean_pct,0.013121635669222087,-0.42011757146774187,0.45522948165096727,True
COF,prior,volatility_pct,2.006921092510135,0.2123767568325391,3.757111591216392,True
COF,prior,q01_pct,-6.274144686758517,-9.347358371131122,-0.4511408458347419,True
COF,prior,q99_pct,4.448334705084557,0.48219812195748046,9.325640810653544,True
COF,prior,max_drawdown_pct,-31.467083591822707,-70.82048945093555,-1.2993932314906609,True
COF,posterior,mean_pct,0.013121635669222087,-0.34802750624382384,0.5141308901259686,True
COF,posterior,volatility_pct,2.006921092510135,1.585282494772097,3.6655342873344123,True
COF,posterior,q01_pct,-6.274144686758517,-10.455268417298793,-3.4683570197783413,True
COF,posterior,q99_pct,4.448334705084557,3.375996258854865,9.291296231746665,True
COF,posterior,max_drawdown_pct,-31.467083591822707,-65.05732067119675,-10.39719273020093,True
COHR,prior,mean_pct,0.5638310741801433,-0.42011757146774187,0.45522948165096727,False
COHR,prior,volatility_pct,5.292670987929449,0.2123767568325391,3.757111591216392,False
COHR,prior,q01_pct,-11.011670231819153,-9.347358371131122,-0.4511408458347419,False
COHR,prior,q99_pct,14.338703900575615,0.48219812195748046,9.325640810653544,False
COHR,prior,max_drawdown_pct,-47.98425893826065,-70.82048945093555,-1.2993932314906609,True
COHR,posterior,mean_pct,0.5638310741801433,-0.28568087287149524,0.6002791158109629,True
COHR,posterior,volatility_pct,5.292670987929449,1.9503471715696958,3.047088933039221,False
COHR,posterior,q01_pct,-11.011670231819153,-9.594555958732963,-3.6123281837441037,False
COHR,posterior,q99_pct,14.338703900575615,4.517249374091623,10.672627567686131,False
COHR,posterior,max_drawdown_pct,-47.98425893826065,-62.03587739236168,-10.72519455924496,True
COIN,prior,mean_pct,-0.10367309370451494,-0.42011757146774187,0.45522948165096727,True
COIN,prior,volatility_pct,4.429390396609372,0.2123767568325391,3.757111591216392,False
COIN,prior,q01_pct,-8.739470690488815,-9.347358371131122,-0.4511408458347419,True
COIN,prior,q99_pct,13.236641511321062,0.48219812195748046,9.325640810653544,False
COIN,prior,max_drawdown_pct,-63.56805291872863,-70.82048945093555,-1.2993932314906609,True
COIN,posterior,mean_pct,-0.10367309370451494,-0.6501458881891686,0.45812343386724275,True
COIN,posterior,volatility_pct,4.429390396609372,1.8454173841322465,2.8998133247064377,False
COIN,posterior,q01_pct,-8.739470690488815,-8.707748485356568,-4.2722026231698695,False
COIN,posterior,q99_pct,13.236641511321062,4.02865541381761,9.338305698335162,False
COIN,posterior,max_drawdown_pct,-63.56805291872863,-83.34940335917048,-14.883234003692102,True
COO,prior,mean_pct,0.04479281757312492,-0.42011757146774187,0.45522948165096727,True
COO,prior,volatility_pct,1.7776084192407073,0.2123767568325391,3.757111591216392,True
COO,prior,q01_pct,-3.775633424520493,-9.347358371131122,-0.4511408458347419,True
COO,prior,q99_pct,5.032692905515419,0.48219812195748046,9.325640810653544,True
COO,prior,max_drawdown_pct,-30.052183027140323,-70.82048945093555,-1.2993932314906609,True
COO,posterior,mean_pct,0.04479281757312492,-0.42640126336346285,0.28217622449191987,True
COO,posterior,volatility_pct,1.7776084192407073,1.478226842580805,2.7156527615554635,True
COO,posterior,q01_pct,-3.775633424520493,-7.543695851042866,-3.0072991710621864,True
COO,posterior,q99_pct,5.032692905515419,2.99303471446037,7.879809501487729,True
COO,posterior,max_drawdown_pct,-30.052183027140323,-69.11600444996635,-11.661593986287889,True
COP,prior,mean_pct,0.15185447610974734,-0.42011757146774187,0.45522948165096727,True
COP,prior,volatility_pct,1.9244373401981107,0.2123767568325391,3.757111591216392,True
COP,prior,q01_pct,-4.458320531994104,-9.347358371131122,-0.4511408458347419,True
COP,prior,q99_pct,4.611876402050257,0.48219812195748046,9.325640810653544,True
COP,prior,max_drawdown_pct,-22.281694782090543,-70.82048945093555,-1.2993932314906609,True
COP,posterior,mean_pct,0.15185447610974734,-0.24253790149973753,0.4890049220022092,True
COP,posterior,volatility_pct,1.9244373401981107,1.728735135102869,2.577264742836754,True
COP,posterior,q01_pct,-4.458320531994104,-7.125452427752316,-3.3813122852705426,True
COP,posterior,q99_pct,4.611876402050257,3.620705212373283,7.987675965949875,True
COP,posterior,max_drawdown_pct,-22.281694782090543,-60.12275757282616,-10.408553070404432,True
COR,prior,mean_pct,0.07490359393216295,-0.42011757146774187,0.45522948165096727,True
COR,prior,volatility_pct,1.96922851146051,0.2123767568325391,3.757111591216392,True
COR,prior,q01_pct,-5.064333975315093,-9.347358371131122,-0.4511408458347419,True
COR,prior,q99_pct,3.7237440235912773,0.48219812195748046,9.325640810653544,True
COR,prior,max_drawdown_pct,-32.44224767355392,-70.82048945093555,-1.2993932314906609,True
COR,posterior,mean_pct,0.07490359393216295,-0.24792294942315518,0.4952593669084582,True
COR,posterior,volatility_pct,1.96922851146051,1.3725367164182751,3.953776029352956,True
COR,posterior,q01_pct,-5.064333975315093,-8.91184118427336,-2.825543607492,True
COR,posterior,q99_pct,3.7237440235912773,3.101805875869467,8.800774972513306,True
COR,posterior,max_drawdown_pct,-32.44224767355392,-55.64675879325289,-7.892284205949364,True
COST,prior,mean_pct,-0.0022060234925902478,-0.42011757146774187,0.45522948165096727,True
COST,prior,volatility_pct,1.2495670605248654,0.2123767568325391,3.757111591216392,True
COST,prior,q01_pct,-3.154816245660186,-9.347358371131122,-0.4511408458347419,True
COST,prior,q99_pct,3.0260712187737218,0.48219812195748046,9.325640810653544,True
COST,prior,max_drawdown_pct,-16.571935616111354,-70.82048945093555,-1.2993932314906609,True
COST,posterior,mean_pct,-0.0022060234925902478,-0.2888098049628627,0.25793591282960904,True
COST,posterior,volatility_pct,1.2495670605248654,1.0396773260551955,1.7813613733501994,True
COST,posterior,q01_pct,-3.154816245660186,-5.0430521065369245,-2.2465908745769414,True
COST,posterior,q99_pct,3.0260712187737218,2.116157311340793,5.354841791372739,True
COST,posterior,max_drawdown_pct,-16.571935616111354,-55.994857212233974,-7.586603471609933,True
CPAY,prior,mean_pct,0.1231739505215046,-0.42011757146774187,0.45522948165096727,True
CPAY,prior,volatility_pct,2.323417532221887,0.2123767568325391,3.757111591216392,True
CPAY,prior,q01_pct,-5.515959281474352,-9.347358371131122,-0.4511408458347419,True
CPAY,prior,q99_pct,6.201203130185603,0.48219812195748046,9.325640810653544,True
CPAY,prior,max_drawdown_pct,-21.69988354391571,-70.82048945093555,-1.2993932314906609,True
CPAY,posterior,mean_pct,0.1231739505215046,-0.40525672002635105,0.4820625290938023,True
CPAY,posterior,volatility_pct,2.323417532221887,1.8597262163627997,2.9379390044034577,True
CPAY,posterior,q01_pct,-5.515959281474352,-9.740808734670281,-3.767750856559724,True
CPAY,posterior,q99_pct,6.201203130185603,3.7827159577049283,9.177904229052343,True
CPAY,posterior,max_drawdown_pct,-21.69988354391571,-70.30288309966785,-10.980994149293386,True
CPRT,prior,mean_pct,-0.1262073763598437,-0.42011757146774187,0.45522948165096727,True
CPRT,prior,volatility_pct,1.8838524503349374,0.2123767568325391,3.757111591216392,True
CPRT,prior,q01_pct,-4.577302616089582,-9.347358371131122,-0.4511408458347419,True
CPRT,prior,q99_pct,5.408085566014027,0.48219812195748046,9.325640810653544,True
CPRT,prior,max_drawdown_pct,-45.627377669708515,-70.82048945093555,-1.2993932314906609,True
CPRT,posterior,mean_pct,-0.1262073763598437,-0.43760829273540125,0.4058399337192497,True
CPRT,posterior,volatility_pct,1.8838524503349374,1.490391563886433,4.116424770873477,True
CPRT,posterior,q01_pct,-4.577302616089582,-9.34857522342354,-3.3741872995160525,True
CPRT,posterior,q99_pct,5.408085566014027,3.0767377393785837,10.420092189498233,True
CPRT,posterior,max_drawdown_pct,-45.627377669708515,-72.16436004441921,-12.067052068251732,True
CPT,prior,mean_pct,0.005097356765304539,-0.42011757146774187,0.45522948165096727,True
CPT,prior,volatility_pct,1.2459192227332683,0.2123767568325391,3.757111591216392,True
CPT,prior,q01_pct,-2.9950644448399544,-9.347358371131122,-0.4511408458347419,True
CPT,prior,q99_pct,3.0420711357146466,0.48219812195748046,9.325640810653544,True
CPT,prior,max_drawdown_pct,-12.938854293582413,-70.82048945093555,-1.2993932314906609,True
CPT,posterior,mean_pct,0.005097356765304539,-0.25060329945468673,0.2976753216377073,True
CPT,posterior,volatility_pct,1.2459192227332683,1.0362653115567435,1.767467698869748,True
CPT,posterior,q01_pct,-2.9950644448399544,-4.971549632679671,-2.1750073413830253,True
CPT,posterior,q99_pct,3.0420711357146466,2.150922723207622,4.850985246151678,True
CPT,posterior,max_drawdown_pct,-12.938854293582413,-52.06462013919488,-5.831190006257293,True
CRH,prior,mean_pct,-0.047373368860803566,-0.42011757146774187,0.45522948165096727,True
CRH,prior,volatility_pct,1.9941665266671837,0.2123767568325391,3.757111591216392,True
CRH,prior,q01_pct,-4.197643846273422,-9.347358371131122,-0.4511408458347419,True
CRH,prior,q99_pct,5.097641702741378,0.48219812195748046,9.325640810653544,True
CRH,prior,max_drawdown_pct,-29.80496859238684,-70.82048945093555,-1.2993932314906609,True
CRH,posterior,mean_pct,-0.047373368860803566,-0.4898156789049324,0.3347960517404117,True
CRH,posterior,volatility_pct,1.9941665266671837,1.7067950024610763,2.583356303250172,True
CRH,posterior,q01_pct,-4.197643846273422,-7.820400452055037,-3.6671864496544004,True
CRH,posterior,q99_pct,5.097641702741378,3.5725933793000864,7.224837239831682,True
CRH,posterior,max_drawdown_pct,-29.80496859238684,-74.53887262369807,-12.234751124703056,True
CRL,prior,mean_pct,0.2635092866285049,-0.42011757146774187,0.45522948165096727,True
CRL,prior,volatility_pct,2.867823601610771,0.2123767568325391,3.757111591216392,True
CRL,prior,q01_pct,-8.630481623113155,-9.347358371131122,-0.4511408458347419,True
CRL,prior,q99_pct,8.600932806730263,0.48219812195748046,9.325640810653544,True
CRL,prior,max_drawdown_pct,-33.88455673354437,-70.82048945093555,-1.2993932314906609,True
CRL,posterior,mean_pct,0.2635092866285049,-0.3674178554619516,0.5028002775258571,True
CRL,posterior,volatility_pct,2.867823601610771,2.005254252269675,3.0195409155258175,True
CRL,posterior,q01_pct,-8.630481623113155,-9.062773906625807,-4.238148542493582,True
CRL,posterior,q99_pct,8.600932806730263,4.431536161433901,9.396631280705325,True
CRL,posterior,max_drawdown_pct,-33.88455673354437,-67.54929425362636,-13.241088157536257,True
CRM,prior,mean_pct,0.05299908561369193,-0.42011757146774187,0.45522948165096727,True
CRM,prior,volatility_pct,2.965836885072232,0.2123767568325391,3.757111591216392,True
CRM,prior,q01_pct,-6.506834644824266,-9.347358371131122,-0.4511408458347419,True
CRM,prior,q99_pct,7.154110204428407,0.48219812195748046,9.325640810653544,True
CRM,prior,max_drawdown_pct,-43.325746599224615,-70.82048945093555,-1.2993932314906609,True
CRM,posterior,mean_pct,0.05299908561369193,-0.5021663691276759,0.5110389224386294,True
CRM,posterior,volatility_pct,2.965836885072232,2.0504476488374266,2.8676673198021403,False
CRM,posterior,q01_pct,-6.506834644824266,-9.15244625620544,-4.363533482234925,True
CRM,posterior,q99_pct,7.154110204428407,4.277707365155217,8.909262762404968,True
CRM,posterior,max_drawdown_pct,-43.325746599224615,-76.84326801613169,-13.196415482474682,True
CRWD,prior,mean_pct,0.31303249912184583,-0.42011757146774187,0.45522948165096727,True
CRWD,prior,volatility_pct,3.3929655019720366,0.2123767568325391,3.757111591216392,True
CRWD,prior,q01_pct,-7.679949849843978,-9.347358371131122,-0.4511408458347419,True
CRWD,prior,q99_pct,10.382881015539134,0.48219812195748046,9.325640810653544,False
CRWD,prior,max_drawdown_pct,-37.1782710832124,-70.82048945093555,-1.2993932314906609,True
CRWD,posterior,mean_pct,0.31303249912184583,-0.4143765613608821,0.5486056258025512,True
CRWD,posterior,volatility_pct,3.3929655019720366,2.121161779601078,2.929721292327493,False
CRWD,posterior,q01_pct,-7.679949849843978,-8.77632510252297,-4.3046796800568705,True
CRWD,posterior,q99_pct,10.382881015539134,4.325776356831192,8.98759222216903,False
CRWD,posterior,max_drawdown_pct,-37.1782710832124,-69.03091469358799,-13.337096169401047,True
CSCO,prior,mean_pct,0.20744009413533604,-0.42011757146774187,0.45522948165096727,True
CSCO,prior,volatility_pct,2.1156617077773356,0.2123767568325391,3.757111591216392,True
CSCO,prior,q01_pct,-5.3927784226834765,-9.347358371131122,-0.4511408458347419,True
CSCO,prior,q99_pct,4.915624577552077,0.48219812195748046,9.325640810653544,True
CSCO,prior,max_drawdown_pct,-16.141302986513672,-70.82048945093555,-1.2993932314906609,True
CSCO,posterior,mean_pct,0.20744009413533604,-0.2831507964667619,0.5478481365114634,True
CSCO,posterior,volatility_pct,2.1156617077773356,1.5372662045718979,2.8297786233434223,True
CSCO,posterior,q01_pct,-5.3927784226834765,-8.96603312883526,-3.3154369154013694,True
CSCO,posterior,q99_pct,4.915624577552077,3.6438725049607426,9.30964927393942,True
CSCO,posterior,max_drawdown_pct,-16.141302986513672,-65.46072360465634,-8.844287465949689,True
CSGP,prior,mean_pct,-0.3796623287712464,-0.42011757146774187,0.45522948165096727,True
CSGP,prior,volatility_pct,2.748845266894358,0.2123767568325391,3.757111591216392,True
CSGP,prior,q01_pct,-8.535243645310402,-9.347358371131122,-0.4511408458347419,True
CSGP,prior,q99_pct,6.777571626007553,0.48219812195748046,9.325640810653544,True
CSGP,prior,max_drawdown_pct,-69.95461210935667,-70.82048945093555,-1.2993932314906609,True
CSGP,posterior,mean_pct,-0.3796623287712464,-0.5582731537252048,0.30856216874050796,True
CSGP,posterior,volatility_pct,2.748845266894358,2.045550383634932,3.209017979685667,True
CSGP,posterior,q01_pct,-8.535243645310402,-9.68621797338128,-4.192210203316063,True
CSGP,posterior,q99_pct,6.777571626007553,4.134856604412194,9.063017514906804,True
CSGP,posterior,max_drawdown_pct,-69.95461210935667,-80.4272311483636,-18.897771560127765,True
CSX,prior,mean_pct,0.17801859509063434,-0.42011757146774187,0.45522948165096727,True
CSX,prior,volatility_pct,1.3941418756077317,0.2123767568325391,3.757111591216392,True
CSX,prior,q01_pct,-2.9078777972608805,-9.347358371131122,-0.4511408458347419,True
CSX,prior,q99_pct,4.291009139269568,0.48219812195748046,9.325640810653544,True
CSX,prior,max_drawdown_pct,-11.582119704871074,-70.82048945093555,-1.2993932314906609,True
CSX,posterior,mean_pct,0.17801859509063434,-0.18064327276439407,0.44188799791544026,True
CSX,posterior,volatility_pct,1.3941418756077317,1.1220261250320849,2.6418101898625252,True
CSX,posterior,q01_pct,-2.9078777972608805,-6.876083219796418,-2.291902439063415,True
CSX,posterior,q99_pct,4.291009139269568,2.4892576461192215,7.780055078677799,True
CSX,posterior,max_drawdown_pct,-11.582119704871074,-47.931850432042296,-6.027679262409946,True
CTAS,prior,mean_pct,-0.0006415745218646407,-0.42011757146774187,0.45522948165096727,True
CTAS,prior,volatility_pct,1.4505492500992254,0.2123767568325391,3.757111591216392,True
CTAS,prior,q01_pct,-3.910963758826256,-9.347358371131122,-0.4511408458347419,True
CTAS,prior,q99_pct,3.8701326958835076,0.48219812195748046,9.325640810653544,True
CTAS,prior,max_drawdown_pct,-21.763721246619948,-70.82048945093555,-1.2993932314906609,True
CTAS,posterior,mean_pct,-0.0006415745218646407,-0.303065788089512,0.26369497548151877,True
CTAS,posterior,volatility_pct,1.4505492500992254,1.15817571248465,2.0681350762105666,True
CTAS,posterior,q01_pct,-3.910963758826256,-5.904120131675154,-2.5168690331745895,True
CTAS,posterior,q99_pct,3.8701326958835076,2.439474369818343,6.090337833669029,True
CTAS,posterior,max_drawdown_pct,-21.763721246619948,-58.19036193435498,-7.929670705245597,True
CTSH,prior,mean_pct,-0.014484070209164202,-0.42011757146774187,0.45522948165096727,True
CTSH,prior,volatility_pct,2.522746002505845,0.2123767568325391,3.757111591216392,True
CTSH,prior,q01_pct,-6.693456321954727,-9.347358371131122,-0.4511408458347419,True
CTSH,prior,q99_pct,6.534688714891663,0.48219812195748046,9.325640810653544,True
CTSH,prior,max_drawdown_pct,-54.784808915580484,-70.82048945093555,-1.2993932314906609,True
CTSH,posterior,mean_pct,-0.014484070209164202,-0.4542456263630186,0.46574016058575296,True
CTSH,posterior,volatility_pct,2.522746002505845,1.7813870018032743,3.277386540734882,True
CTSH,posterior,q01_pct,-6.693456321954727,-11.35464865770191,-3.789168316498401,True
CTSH,posterior,q99_pct,6.534688714891663,3.7643165122251876,10.082067326642541,True
CTSH,posterior,max_drawdown_pct,-54.784808915580484,-72.58802838661235,-13.425305511518244,True
CTVA,prior,mean_pct,0.0851701958367812,-0.42011757146774187,0.45522948165096727,True
CTVA,prior,volatility_pct,1.7240052264503904,0.2123767568325391,3.757111591216392,True
CTVA,prior,q01_pct,-4.651918597519397,-9.347358371131122,-0.4511408458347419,True
CTVA,prior,q99_pct,3.43933135271072,0.48219812195748046,9.325640810653544,True
CTVA,prior,max_drawdown_pct,-17.889357895257984,-70.82048945093555,-1.2993932314906609,True
CTVA,posterior,mean_pct,0.0851701958367812,-0.18769328082889558,0.47545790331142235,True
CTVA,posterior,volatility_pct,1.7240052264503904,1.279788825426301,2.81652281734574,True
CTVA,posterior,q01_pct,-4.651918597519397,-7.404500513151287,-2.442096584197135,True
CTVA,posterior,q99_pct,3.43933135271072,3.0622707983013226,6.678061634767779,True
CTVA,posterior,max_drawdown_pct,-17.889357895257984,-50.82380836051121,-7.502742654982192,True
CVNA,prior,mean_pct,0.07089343325787922,-0.42011757146774187,0.45522948165096727,True
CVNA,prior,volatility_pct,3.874665315054103,0.2123767568325391,3.757111591216392,False
CVNA,prior,q01_pct,-9.316712282598019,-9.347358371131122,-0.4511408458347419,True
CVNA,prior,q99_pct,8.327626176178454,0.48219812195748046,9.325640810653544,True
CVNA,prior,max_drawdown_pct,-41.21015833071483,-70.82048945093555,-1.2993932314906609,True
CVNA,posterior,mean_pct,0.07089343325787922,-0.3782292679210464,0.5766418554579783,True
CVNA,posterior,volatility_pct,3.874665315054103,2.154440702864767,2.867101787943193,False
CVNA,posterior,q01_pct,-9.316712282598019,-8.303942183218897,-4.384763846267015,False
CVNA,posterior,q99_pct,8.327626176178454,4.590204022359099,8.54902226366102,True
CVNA,posterior,max_drawdown_pct,-41.21015833071483,-68.07519043475601,-13.611070705607847,True
CVS,prior,mean_pct,0.14632766327622448,-0.42011757146774187,0.45522948165096727,True
CVS,prior,volatility_pct,1.9569793078794226,0.2123767568325391,3.757111591216392,True
CVS,prior,q01_pct,-4.8070029355585575,-9.347358371131122,-0.4511408458347419,True
CVS,prior,q99_pct,3.999359179288147,0.48219812195748046,9.325640810653544,True
CVS,prior,max_drawdown_pct,-16.442113141880732,-70.82048945093555,-1.2993932314906609,True
CVS,posterior,mean_pct,0.14632766327622448,-0.22405843682404125,0.5899876248941335,True
CVS,posterior,volatility_pct,1.9569793078794226,1.496232688355607,3.086200709709009,True
CVS,posterior,q01_pct,-4.8070029355585575,-8.212289189174772,-3.1108637335244573,True
CVS,posterior,q99_pct,3.999359179288147,3.389252047706393,9.605049365572604,True
CVS,posterior,max_drawdown_pct,-16.442113141880732,-55.28063914011306,-8.22777271886739,True
CVX,prior,mean_pct,0.13138159015397832,-0.42011757146774187,0.45522948165096727,True
CVX,prior,volatility_pct,1.480935570435845,0.2123767568325391,3.757111591216392,True
CVX,prior,q01_pct,-4.066964965313673,-9.347358371131122,-0.4511408458347419,True
CVX,prior,q99_pct,3.4165976382791974,0.48219812195748046,9.325640810653544,True
CVX,prior,max_drawdown_pct,-20.810995761071148,-70.82048945093555,-1.2993932314906609,True
CVX,posterior,mean_pct,0.13138159015397832,-0.14919054881661964,0.4742488098666299,True
CVX,posterior,volatility_pct,1.480935570435845,1.2432750110287358,1.9636679347957815,True
CVX,posterior,q01_pct,-4.066964965313673,-5.467047669366002,-2.473435013089329,True
CVX,posterior,q99_pct,3.4165976382791974,2.820594070525839,6.425038217846286,True
CVX,posterior,max_drawdown_pct,-20.810995761071148,-47.07223324228473,-6.12644100959252,True
D,prior,mean_pct,0.0662718198498169,-0.42011757146774187,0.45522948165096727,True
D,prior,volatility_pct,1.2682905928193484,0.2123767568325391,3.757111591216392,True
D,prior,q01_pct,-2.948409030213952,-9.347358371131122,-0.4511408458347419,True
D,prior,q99_pct,2.8844269644469023,0.48219812195748046,9.325640810653544,True
D,prior,max_drawdown_pct,-9.768742885078307,-70.82048945093555,-1.2993932314906609,True
D,posterior,mean_pct,0.0662718198498169,-0.22295140301164107,0.32645462088251154,True
D,posterior,volatility_pct,1.2682905928193484,0.967158849915302,2.1502960832994686,True
D,posterior,q01_pct,-2.948409030213952,-6.234786969330162,-2.0439540423452853,True
D,posterior,q99_pct,2.8844269644469023,2.1451374401338374,5.576994017232198,True
D,posterior,max_drawdown_pct,-9.768742885078307,-50.243650756977324,-5.866621350018041,True
DAL,prior,mean_pct,0.1343790790969024,-0.42011757146774187,0.45522948165096727,True
DAL,prior,volatility_pct,2.4437138722940475,0.2123767568325391,3.757111591216392,True
DAL,prior,q01_pct,-5.00194052234292,-9.347358371131122,-0.4511408458347419,True
DAL,prior,q99_pct,6.96848765015602,0.48219812195748046,9.325640810653544,True
DAL,prior,max_drawdown_pct,-22.896577321451495,-70.82048945093555,-1.2993932314906609,True
DAL,posterior,mean_pct,0.1343790790969024,-0.5470632028676334,0.5291687773119658,True
DAL,posterior,volatility_pct,2.4437138722940475,2.0502051428119166,2.865430884497783,True
DAL,posterior,q01_pct,-5.00194052234292,-8.831195663288236,-4.239264809712767,True
DAL,posterior,q99_pct,6.96848765015602,4.158237247448413,8.433742543309902,True
DAL,posterior,max_drawdown_pct,-22.896577321451495,-78.84962198999482,-12.749209104522887,True
DASH,prior,mean_pct,-0.016511503588390042,-0.42011757146774187,0.45522948165096727,True
DASH,prior,volatility_pct,2.9578122181706736,0.2123767568325391,3.757111591216392,True
DASH,prior,q01_pct,-6.872469373047352,-9.347358371131122,-0.4511408458347419,True
DASH,prior,q99_pct,6.705492585897444,0.48219812195748046,9.325640810653544,True
DASH,prior,max_drawdown_pct,-47.966206591150076,-70.82048945093555,-1.2993932314906609,True
DASH,posterior,mean_pct,-0.016511503588390042,-0.4714024246960733,0.5491639842513933,True
DASH,posterior,volatility_pct,2.9578122181706736,2.0666025032834288,2.8951134303533284,False
DASH,posterior,q01_pct,-6.872469373047352,-8.711204208433628,-4.253498894255609,True
DASH,posterior,q99_pct,6.705492585897444,4.44803159981966,8.07786173820495,True
DASH,posterior,max_drawdown_pct,-47.966206591150076,-76.2013534668429,-12.144144942264477,True
DD,prior,mean_pct,0.14473291670356048,-0.42011757146774187,0.45522948165096727,True
DD,prior,volatility_pct,1.9324109935175546,0.2123767568325391,3.757111591216392,True
DD,prior,q01_pct,-4.261789042502642,-9.347358371131122,-0.4511408458347419,True
DD,prior,q99_pct,5.3158039599657005,0.48219812195748046,9.325640810653544,True
DD,prior,max_drawdown_pct,-17.309710259909604,-70.82048945093555,-1.2993932314906609,True
DD,posterior,mean_pct,0.14473291670356048,-0.36775967540264,0.4063774073281232,True
DD,posterior,volatility_pct,1.9324109935175546,1.569752500164309,2.6800616991159654,True
DD,posterior,q01_pct,-4.261789042502642,-7.633988562319428,-3.267644370393828,True
DD,posterior,q99_pct,5.3158039599657005,3.360430944943796,7.913560361973928,True
DD,posterior,max_drawdown_pct,-17.309710259909604,-67.11530062152912,-10.33258704540333,True
DDOG,prior,mean_pct,0.2510817296069945,-0.42011757146774187,0.45522948165096727,True
DDOG,prior,volatility_pct,4.337323186098343,0.2123767568325391,3.757111591216392,False
DDOG,prior,q01_pct,-9.116782173514366,-9.347358371131122,-0.4511408458347419,True
DDOG,prior,q99_pct,12.882871329784376,0.48219812195748046,9.325640810653544,False
DDOG,prior,max_drawdown_pct,-48.62056981764835,-70.82048945093555,-1.2993932314906609,True
DDOG,posterior,mean_pct,0.2510817296069945,-0.5406961160525725,0.46167801783538187,True
DDOG,posterior,volatility_pct,4.337323186098343,2.1041329756516527,3.0497752744772146,False
DDOG,posterior,q01_pct,-9.116782173514366,-8.900453410111366,-4.689695234317333,False
DDOG,posterior,q99_pct,12.882871329784376,4.523973018955431,9.180223104730228,False
DDOG,posterior,max_drawdown_pct,-48.62056981764835,-81.50167677876561,-13.681098004800683,True
DE,prior,mean_pct,0.15938113547449007,-0.42011757146774187,0.45522948165096727,True
DE,prior,volatility_pct,2.011021108169286,0.2123767568325391,3.757111591216392,True
DE,prior,q01_pct,-4.9639336206018925,-9.347358371131122,-0.4511408458347419,True
DE,prior,q99_pct,6.236179973930109,0.48219812195748046,9.325640810653544,True
DE,prior,max_drawdown_pct,-19.898027030404375,-70.82048945093555,-1.2993932314906609,True
DE,posterior,mean_pct,0.15938113547449007,-0.45783392140436163,0.35528875566357937,True
DE,posterior,volatility_pct,2.011021108169286,1.5154948846300722,3.7260199188326095,True
DE,posterior,q01_pct,-4.9639336206018925,-8.363724327553063,-3.3526706878095864,True
DE,posterior,q99_pct,6.236179973930109,3.2412645531352586,9.358313168212705,True
DE,posterior,max_drawdown_pct,-19.898027030404375,-73.38076219460898,-12.602413096511487,True
DECK,prior,mean_pct,-0.08581909139024901,-0.42011757146774187,0.45522948165096727,True
DECK,prior,volatility_pct,2.8115938709490496,0.2123767568325391,3.757111591216392,True
DECK,prior,q01_pct,-5.410456787794828,-9.347358371131122,-0.4511408458347419,True
DECK,prior,q99_pct,5.736231431365006,0.48219812195748046,9.325640810653544,True
DECK,prior,max_drawdown_pct,-35.8082486816268,-70.82048945093555,-1.2993932314906609,True
DECK,posterior,mean_pct,-0.08581909139024901,-0.6331283566895838,0.35044283981399355,True
DECK,posterior,volatility_pct,2.8115938709490496,2.1056295856801563,2.8433274833395576,True
DECK,posterior,q01_pct,-5.410456787794828,-8.575559976696969,-4.448259576037526,True
DECK,posterior,q99_pct,5.736231431365006,4.175065398775039,8.173976944945743,True
DECK,posterior,max_drawdown_pct,-35.8082486816268,-82.26578553739037,-16.654198054680236,True
DELL,prior,mean_pct,0.6405936240753363,-0.42011757146774187,0.45522948165096727,False
DELL,prior,volatility_pct,4.643850660205559,0.2123767568325391,3.757111591216392,False
DELL,prior,q01_pct,-8.632934540510178,-9.347358371131122,-0.4511408458347419,True
DELL,prior,q99_pct,16.242158114910115,0.48219812195748046,9.325640810653544,False
DELL,prior,max_drawdown_pct,-32.34115313088136,-70.82048945093555,-1.2993932314906609,True
DELL,posterior,mean_pct,0.6405936240753363,-0.31983435915009295,0.568019912487827,False
DELL,posterior,volatility_pct,4.643850660205559,1.2043012301568135,2.9572540629534085,False
DELL,posterior,q01_pct,-8.632934540510178,-9.28692052680999,-3.4141711515840183,True
DELL,posterior,q99_pct,16.242158114910115,2.787568963086226,10.771230536885552,False
DELL,posterior,max_drawdown_pct,-32.34115313088136,-66.21412539301588,-10.424251528774489,True
DG,prior,mean_pct,0.10345024105617995,-0.42011757146774187,0.45522948165096727,True
DG,prior,volatility_pct,2.3311365059119633,0.2123767568325391,3.757111591216392,True
DG,prior,q01_pct,-5.9320493042469025,-9.347358371131122,-0.4511408458347419,True
DG,prior,q99_pct,5.363478548824786,0.48219812195748046,9.325640810653544,True
DG,prior,max_drawdown_pct,-34.567015414692015,-70.82048945093555,-1.2993932314906609,True
DG,posterior,mean_pct,0.10345024105617995,-0.39367096727792017,0.4884008109621333,True
DG,posterior,volatility_pct,2.3311365059119633,1.8750556449479052,3.236178122855741,True
DG,posterior,q01_pct,-5.9320493042469025,-7.938842668570578,-3.8340743886306887,True
DG,posterior,q99_pct,5.363478548824786,4.00391315352171,9.237743174098423,True
DG,posterior,max_drawdown_pct,-34.567015414692015,-66.86513054033212,-12.545403688172723,True
DGX,prior,mean_pct,0.12720879473420155,-0.42011757146774187,0.45522948165096727,True
DGX,prior,volatility_pct,1.4899494630174581,0.2123767568325391,3.757111591216392,True
DGX,prior,q01_pct,-2.9917418118566275,-9.347358371131122,-0.4511408458347419,True
DGX,prior,q99_pct,4.210811369121069,0.48219812195748046,9.325640810653544,True
DGX,prior,max_drawdown_pct,-11.554916367074764,-70.82048945093555,-1.2993932314906609,True
DGX,posterior,mean_pct,0.12720879473420155,-0.36777342599442076,0.3033525947612005,True
DGX,posterior,volatility_pct,1.4899494630174581,1.1686822913523867,2.6593611622072095,True
DGX,posterior,q01_pct,-2.9917418118566275,-7.933667690306901,-2.4605619708541786,True
DGX,posterior,q99_pct,4.210811369121069,2.4540369295515094,7.475338111817825,True
DGX,posterior,max_drawdown_pct,-11.554916367074764,-63.000124712381094,-8.471882273194744,True
DHI,prior,mean_pct,-0.03640592847204971,-0.42011757146774187,0.45522948165096727,True
DHI,prior,volatility_pct,2.232379477881648,0.2123767568325391,3.757111591216392,True
DHI,prior,q01_pct,-4.427272491157055,-9.347358371131122,-0.4511408458347419,True
DHI,prior,q99_pct,6.1885826475918195,0.48219812195748046,9.325640810653544,True
DHI,prior,max_drawdown_pct,-27.55985385670857,-70.82048945093555,-1.2993932314906609,True
DHI,posterior,mean_pct,-0.03640592847204971,-0.5484951264867846,0.3945696789780298,True
DHI,posterior,volatility_pct,2.232379477881648,1.876229030473608,2.892317094275221,True
DHI,posterior,q01_pct,-4.427272491157055,-8.450697678886353,-4.156779970787466,True
DHI,posterior,q99_pct,6.1885826475918195,3.784560418408359,9.226445071399166,True
DHI,posterior,max_drawdown_pct,-27.55985385670857,-77.79564625226509,-16.618506343917286,True
DHR,prior,mean_pct,0.026682492872964758,-0.42011757146774187,0.45522948165096727,True
DHR,prior,volatility_pct,1.9693412409757571,0.2123767568325391,3.757111591216392,True
DHR,prior,q01_pct,-4.62105855345726,-9.347358371131122,-0.4511408458347419,True
DHR,prior,q99_pct,6.23555907979607,0.48219812195748046,9.325640810653544,True
DHR,prior,max_drawdown_pct,-32.9662763752433,-70.82048945093555,-1.2993932314906609,True
DHR,posterior,mean_pct,0.026682492872964758,-0.4496828515165987,0.3407829020955901,True
DHR,posterior,volatility_pct,1.9693412409757571,1.5193886304082127,2.9421416171977204,True
DHR,posterior,q01_pct,-4.62105855345726,-9.289610623568297,-3.179276004107669,True
DHR,posterior,q99_pct,6.23555907979607,3.32985630165785,8.019362341612549,True
DHR,posterior,max_drawdown_pct,-32.9662763752433,-72.0025942299546,-11.780756815133133,True
DIS,prior,mean_pct,-0.02403406108726358,-0.42011757146774187,0.45522948165096727,True
DIS,prior,volatility_pct,1.6487429194949024,0.2123767568325391,3.757111591216392,True
DIS,prior,q01_pct,-4.133043400943278,-9.347358371131122,-0.4511408458347419,True
DIS,prior,q99_pct,3.595228865742682,0.48219812195748046,9.325640810653544,True
DIS,prior,max_drawdown_pct,-21.70540332334602,-70.82048945093555,-1.2993932314906609,True
DIS,posterior,mean_pct,-0.02403406108726358,-0.4283614709301078,0.2304369503809553,True
DIS,posterior,volatility_pct,1.6487429194949024,1.2991343703697131,2.3054079849784572,True
DIS,posterior,q01_pct,-4.133043400943278,-7.297697216272354,-2.848786121793091,True
DIS,posterior,q99_pct,3.595228865742682,2.8520098624285297,6.943593121878793,True
DIS,posterior,max_drawdown_pct,-21.70540332334602,-67.81027434500692,-10.804903004713719,True
DLR,prior,mean_pct,0.06896938195097846,-0.42011757146774187,0.45522948165096727,True
DLR,prior,volatility_pct,1.710250645721577,0.2123767568325391,3.757111591216392,True
DLR,prior,q01_pct,-3.728985097259283,-9.347358371131122,-0.4511408458347419,True
DLR,prior,q99_pct,4.065190423279997,0.48219812195748046,9.325640810653544,True
DLR,prior,max_drawdown_pct,-16.82611481791043,-70.82048945093555,-1.2993932314906609,True
DLR,posterior,mean_pct,0.06896938195097846,-0.28384504824947676,0.34595237975122467,True
DLR,posterior,volatility_pct,1.710250645721577,1.430029271669042,2.462783221187889,True
DLR,posterior,q01_pct,-3.728985097259283,-7.488569044135511,-2.980895192129538,True
DLR,posterior,q99_pct,4.065190423279997,3.0319054787047204,7.371360943280151,True
DLR,posterior,max_drawdown_pct,-16.82611481791043,-58.32973536008237,-8.772996757254349,True
DLTR,prior,mean_pct,0.09469537096151726,-0.42011757146774187,0.45522948165096727,True
DLTR,prior,volatility_pct,2.636796963789544,0.2123767568325391,3.757111591216392,True
DLTR,prior,q01_pct,-4.892580900341272,-9.347358371131122,-0.4511408458347419,True
DLTR,prior,q99_pct,5.828244015574452,0.48219812195748046,9.325640810653544,True
DLTR,prior,max_drawdown_pct,-38.531266639867766,-70.82048945093555,-1.2993932314906609,True
DLTR,posterior,mean_pct,0.09469537096151726,-0.5365451074179859,0.3854407805786479,True
DLTR,posterior,volatility_pct,2.636796963789544,2.0837633194975,2.831306641702324,True
DLTR,posterior,q01_pct,-4.892580900341272,-8.35662956275046,-4.377287697046995,True
DLTR,posterior,q99_pct,5.828244015574452,4.128666179347784,7.941227065026758,True
DLTR,posterior,max_drawdown_pct,-38.531266639867766,-79.02513944077018,-16.80551639837271,True
DOC,prior,mean_pct,0.09895513244941867,-0.42011757146774187,0.45522948165096727,True
DOC,prior,volatility_pct,1.8348162559657168,0.2123767568325391,3.757111591216392,True
DOC,prior,q01_pct,-3.9136431924998756,-9.347358371131122,-0.4511408458347419,True
DOC,prior,q99_pct,3.164539439603685,0.48219812195748046,9.325640810653544,True
DOC,prior,max_drawdown_pct,-17.085565948754954,-70.82048945093555,-1.2993932314906609,True
DOC,posterior,mean_pct,0.09895513244941867,-0.29078118118658836,0.4107422314495998,True
DOC,posterior,volatility_pct,1.8348162559657168,1.178465185412362,2.314229024747228,True
DOC,posterior,q01_pct,-3.9136431924998756,-7.046918789483606,-2.5086225474718966,True
DOC,posterior,q99_pct,3.164539439603685,2.7807769024278954,7.0130449868738385,True
DOC,posterior,max_drawdown_pct,-17.085565948754954,-57.34083326958163,-7.6522292127573275,True
DOV,prior,mean_pct,0.042089408538004136,-0.42011757146774187,0.45522948165096727,True
DOV,prior,volatility_pct,1.644228432332536,0.2123767568325391,3.757111591216392,True
DOV,prior,q01_pct,-3.211879786103964,-9.347358371131122,-0.4511408458347419,True
DOV,prior,q99_pct,4.156311210244889,0.48219812195748046,9.325640810653544,True
DOV,prior,max_drawdown_pct,-18.434385154458212,-70.82048945093555,-1.2993932314906609,True
DOV,posterior,mean_pct,0.042089408538004136,-0.3578371965392293,0.3485269827953059,True
DOV,posterior,volatility_pct,1.644228432332536,1.3109029430360066,2.7466737274954416,True
DOV,posterior,q01_pct,-3.211879786103964,-7.150138944759965,-2.7488022808916868,True
DOV,posterior,q99_pct,4.156311210244889,2.623538185795768,7.136608029343169,True
DOV,posterior,max_drawdown_pct,-18.434385154458212,-63.64229447107429,-9.024801655292409,True
DOW,prior,mean_pct,0.13391996059226585,-0.42011757146774187,0.45522948165096727,True
DOW,prior,volatility_pct,2.8037386573784584,0.2123767568325391,3.757111591216392,True
DOW,prior,q01_pct,-5.59232484549284,-9.347358371131122,-0.4511408458347419,True
DOW,prior,q99_pct,6.640570536255831,0.48219812195748046,9.325640810653544,True
DOW,prior,max_drawdown_pct,-34.8107107436194,-70.82048945093555,-1.2993932314906609,True
DOW,posterior,mean_pct,0.13391996059226585,-0.5618089213680868,0.38044901209185156,True
DOW,posterior,volatility_pct,2.8037386573784584,2.0714938427910328,2.878502241587442,True
DOW,posterior,q01_pct,-5.59232484549284,-8.969047297723591,-4.2996556454338135,True
DOW,posterior,q99_pct,6.640570536255831,4.226650839205828,8.175301254820054,True
DOW,posterior,max_drawdown_pct,-34.8107107436194,-82.3250677419663,-13.815589460519085,True
DPZ,prior,mean_pct,-0.08221735109259498,-0.42011757146774187,0.45522948165096727,True
DPZ,prior,volatility_pct,1.879013675212871,0.2123767568325391,3.757111591216392,True
DPZ,prior,q01_pct,-4.439003635197877,-9.347358371131122,-0.4511408458347419,True
DPZ,prior,q99_pct,4.652738273143764,0.48219812195748046,9.325640810653544,True
DPZ,prior,max_drawdown_pct,-38.26518380255675,-70.82048945093555,-1.2993932314906609,True
DPZ,posterior,mean_pct,-0.08221735109259498,-0.5367496668533249,0.19962245354249922,True
DPZ,posterior,volatility_pct,1.879013675212871,1.5503399500609958,2.530030867872143,True
DPZ,posterior,q01_pct,-4.439003635197877,-8.111674752645195,-3.450212511885911,True
DPZ,posterior,q99_pct,4.652738273143764,3.1474238899536418,7.759313777275369,True
DPZ,posterior,max_drawdown_pct,-38.26518380255675,-76.36751913715086,-15.562615767269836,True
DRI,prior,mean_pct,0.045608686002651666,-0.42011757146774187,0.45522948165096727,True
DRI,prior,volatility_pct,1.7108232914220918,0.2123767568325391,3.757111591216392,True
DRI,prior,q01_pct,-3.9340611733496185,-9.347358371131122,-0.4511408458347419,True
DRI,prior,q99_pct,3.717419449239965,0.48219812195748046,9.325640810653544,True
DRI,prior,max_drawdown_pct,-20.065333346173365,-70.82048945093555,-1.2993932314906609,True
DRI,posterior,mean_pct,0.045608686002651666,-0.3052526463254246,0.42998659168723896,True
DRI,posterior,volatility_pct,1.7108232914220918,1.4433535261764092,2.6514474601880895,True
DRI,posterior,q01_pct,-3.9340611733496185,-7.488197906315326,-2.8807155219372373,True
DRI,posterior,q99_pct,3.717419449239965,3.128979803156107,7.444494894705694,True
DRI,posterior,max_drawdown_pct,-20.065333346173365,-62.94205914397469,-9.453218479943734,True
DTE,prior,mean_pct,0.017255736528909438,-0.42011757146774187,0.45522948165096727,True
DTE,prior,volatility_pct,1.0656750554239403,0.2123767568325391,3.757111591216392,True
DTE,prior,q01_pct,-2.449823636561632,-9.347358371131122,-0.4511408458347419,True
DTE,prior,q99_pct,2.535351747646925,0.48219812195748046,9.325640810653544,True
DTE,prior,max_drawdown_pct,-12.439288207512057,-70.82048945093555,-1.2993932314906609,True
DTE,posterior,mean_pct,0.017255736528909438,-0.18060835799820207,0.25393575311532135,True
DTE,posterior,volatility_pct,1.0656750554239403,0.901639705857308,1.56373511629206,True
DTE,posterior,q01_pct,-2.449823636561632,-4.51946018896997,-1.8527182901743802,True
DTE,posterior,q99_pct,2.535351747646925,1.9558956226799622,4.489749473240214,True
DTE,posterior,max_drawdown_pct,-12.439288207512057,-41.53690854736172,-5.540768039206585,True
DUK,prior,mean_pct,0.011552295887895525,-0.42011757146774187,0.45522948165096727,True
DUK,prior,volatility_pct,1.0017099060355183,0.2123767568325391,3.757111591216392,True
DUK,prior,q01_pct,-2.431352771818638,-9.347358371131122,-0.4511408458347419,True
DUK,prior,q99_pct,2.306479858234523,0.48219812195748046,9.325640810653544,True
DUK,prior,max_drawdown_pct,-10.880495335876683,-70.82048945093555,-1.2993932314906609,True
DUK,posterior,mean_pct,0.011552295887895525,-0.15950152978418464,0.2335517398014008,True
DUK,posterior,volatility_pct,1.0017099060355183,0.851083064199421,1.3116048213849856,True
DUK,posterior,q01_pct,-2.431352771818638,-3.5482647293247283,-1.7601127395406369,True
DUK,posterior,q99_pct,2.306479858234523,1.8556186190340658,3.9727259493432903,True
DUK,posterior,max_drawdown_pct,-10.880495335876683,-40.93056172080598,-5.71616428283536,True
DVA,prior,mean_pct,0.15609759111043786,-0.42011757146774187,0.45522948165096727,True
DVA,prior,volatility_pct,2.8234670844077363,0.2123767568325391,3.757111591216392,True
DVA,prior,q01_pct,-5.342598594725132,-9.347358371131122,-0.4511408458347419,True
DVA,prior,q99_pct,5.220300201326604,0.48219812195748046,9.325640810653544,True
DVA,prior,max_drawdown_pct,-27.863545134610533,-70.82048945093555,-1.2993932314906609,True
DVA,posterior,mean_pct,0.15609759111043786,-0.3958344524777857,0.5471119766840874,True
DVA,posterior,volatility_pct,2.8234670844077363,1.6566075877676665,4.313826980622955,True
DVA,posterior,q01_pct,-5.342598594725132,-10.970040601119399,-3.5435668929480015,True
DVA,posterior,q99_pct,5.220300201326604,3.791365636698899,9.809387800283709,True
DVA,posterior,max_drawdown_pct,-27.863545134610533,-72.04362616216001,-10.225916059317722,True
DVN,prior,mean_pct,0.1479182307548399,-0.42011757146774187,0.45522948165096727,True
DVN,prior,volatility_pct,2.177860314132994,0.2123767568325391,3.757111591216392,True
DVN,prior,q01_pct,-4.424972925335169,-9.347358371131122,-0.4511408458347419,True
DVN,prior,q99_pct,5.407213903963563,0.48219812195748046,9.325640810653544,True
DVN,prior,max_drawdown_pct,-22.150403606057612,-70.82048945093555,-1.2993932314906609,True
DVN,posterior,mean_pct,0.1479182307548399,-0.40935705699540215,0.5131702932349531,True
DVN,posterior,volatility_pct,2.177860314132994,1.8424780919171004,2.968175780849929,True
DVN,posterior,q01_pct,-4.424972925335169,-8.619848431833088,-3.779992357455194,True
DVN,posterior,q99_pct,5.407213903963563,3.899474473949516,8.58187627810984,True
DVN,posterior,max_drawdown_pct,-22.150403606057612,-69.62729028186631,-9.717275833694512,True
DXCM,prior,mean_pct,0.0956365292040573,-0.42011757146774187,0.45522948165096727,True
DXCM,prior,volatility_pct,2.604043749571928,0.2123767568325391,3.757111591216392,True
DXCM,prior,q01_pct,-5.477420408278704,-9.347358371131122,-0.4511408458347419,True
DXCM,prior,q99_pct,6.936893686652177,0.48219812195748046,9.325640810653544,True
DXCM,prior,max_drawdown_pct,-32.09509840142427,-70.82048945093555,-1.2993932314906609,True
DXCM,posterior,mean_pct,0.0956365292040573,-0.4528631100378746,0.46964338363051894,True
DXCM,posterior,volatility_pct,2.604043749571928,1.8762078336237857,3.228162554401182,True
DXCM,posterior,q01_pct,-5.477420408278704,-9.413761764205992,-4.060046971589328,True
DXCM,posterior,q99_pct,6.936893686652177,4.074128195922821,9.987046107649734,True
DXCM,posterior,max_drawdown_pct,-32.09509840142427,-74.26074262648646,-12.692136451326647,True
EBAY,prior,mean_pct,0.0741404925236111,-0.42011757146774187,0.45522948165096727,True
EBAY,prior,volatility_pct,2.2414015529106717,0.2123767568325391,3.757111591216392,True
EBAY,prior,q01_pct,-5.619801506400108,-9.347358371131122,-0.4511408458347419,True
EBAY,prior,q99_pct,4.0350991114974,0.48219812195748046,9.325640810653544,True
EBAY,prior,max_drawdown_pct,-19.973726458237863,-70.82048945093555,-1.2993932314906609,True
EBAY,posterior,mean_pct,0.0741404925236111,-0.3031958824238501,0.500485687198175,True
EBAY,posterior,volatility_pct,2.2414015529106717,1.773643210856052,2.7966873451216037,True
EBAY,posterior,q01_pct,-5.619801506400108,-8.554522203840316,-3.6745471039786937,True
EBAY,posterior,q99_pct,4.0350991114974,3.883514366950839,8.818427305854849,True
EBAY,posterior,max_drawdown_pct,-19.973726458237863,-63.6124074518042,-10.549530387933423,True
ECHO,prior,mean_pct,0.24105894760850788,-0.42011757146774187,0.45522948165096727,True
ECHO,prior,volatility_pct,3.5850152911342326,0.2123767568325391,3.757111591216392,True
ECHO,prior,q01_pct,-8.819376081228256,-9.347358371131122,-0.4511408458347419,True
ECHO,prior,q99_pct,10.559364296495902,0.48219812195748046,9.325640810653544,False
ECHO,prior,max_drawdown_pct,-40.83921234526364,-70.82048945093555,-1.2993932314906609,True
ECHO,posterior,mean_pct,0.24105894760850788,-0.5675344467435526,0.41177725687566613,True
ECHO,posterior,volatility_pct,3.5850152911342326,2.1248991395700325,2.984170570039668,False
ECHO,posterior,q01_pct,-8.819376081228256,-9.158568774163722,-4.45165424430743,True
ECHO,posterior,q99_pct,10.559364296495902,4.4956490567885306,8.82103752605616,False
ECHO,posterior,max_drawdown_pct,-40.83921234526364,-81.0834674349235,-13.447695001430288,True
ECL,prior,mean_pct,0.013951747757801058,-0.42011757146774187,0.45522948165096727,True
ECL,prior,volatility_pct,1.3768277172786159,0.2123767568325391,3.757111591216392,True
ECL,prior,q01_pct,-3.9069856703281407,-9.347358371131122,-0.4511408458347419,True
ECL,prior,q99_pct,3.596067037433378,0.48219812195748046,9.325640810653544,True
ECL,prior,max_drawdown_pct,-20.09451716052838,-70.82048945093555,-1.2993932314906609,True
ECL,posterior,mean_pct,0.013951747757801058,-0.28992155172002754,0.2692590380522261,True
ECL,posterior,volatility_pct,1.3768277172786159,1.1614948690016509,2.4824141890685536,True
ECL,posterior,q01_pct,-3.9069856703281407,-6.494398181419819,-2.4699747393839067,True
ECL,posterior,q99_pct,3.596067037433378,2.340953421639278,6.040410103183233,True
ECL,posterior,max_drawdown_pct,-20.09451716052838,-56.825169881291785,-7.542886739310103,True
ED,prior,mean_pct,0.053170812998359906,-0.42011757146774187,0.45522948165096727,True
ED,prior,volatility_pct,1.0709216265229906,0.2123767568325391,3.757111591216392,True
ED,prior,q01_pct,-2.1871866937726736,-9.347358371131122,-0.4511408458347419,True
ED,prior,q99_pct,2.136420356109738,0.48219812195748046,9.325640810653544,True
ED,prior,max_drawdown_pct,-9.625156190714756,-70.82048945093555,-1.2993932314906609,True
ED,posterior,mean_pct,0.053170812998359906,-0.14765575025552558,0.33952542033575733,True
ED,posterior,volatility_pct,1.0709216265229906,0.9229293905747925,1.3869403375430958,True
ED,posterior,q01_pct,-2.1871866937726736,-3.8624353593215344,-1.8853999156737702,True
ED,posterior,q99_pct,2.136420356109738,1.961223870748653,4.121915219258512,True
ED,posterior,max_drawdown_pct,-9.625156190714756,-38.814010926500714,-5.1151667565330285,True
EFX,prior,mean_pct,-0.08914168730598249,-0.42011757146774187,0.45522948165096727,True
EFX,prior,volatility_pct,2.4618915550279565,0.2123767568325391,3.757111591216392,True
EFX,prior,q01_pct,-7.24215779453516,-9.347358371131122,-0.4511408458347419,True
EFX,prior,q99_pct,5.567939095199106,0.48219812195748046,9.325640810653544,True
EFX,prior,max_drawdown_pct,-41.59120418778228,-70.82048945093555,-1.2993932314906609,True
EFX,posterior,mean_pct,-0.08914168730598249,-0.4082418034930839,0.4662140961434922,True
EFX,posterior,volatility_pct,2.4618915550279565,1.8501523878998,3.145988544055803,True
EFX,posterior,q01_pct,-7.24215779453516,-9.631291919201612,-4.0598610957153145,True
EFX,posterior,q99_pct,5.567939095199106,4.0245676833204875,9.138213623128815,True
EFX,posterior,max_drawdown_pct,-41.59120418778228,-70.11297490827243,-13.061608105008915,True
EG,prior,mean_pct,0.06098888490129184,-0.42011757146774187,0.45522948165096727,True
EG,prior,volatility_pct,1.5220838944989863,0.2123767568325391,3.757111591216392,True
EG,prior,q01_pct,-2.842267295345664,-9.347358371131122,-0.4511408458347419,True
EG,prior,q99_pct,3.3849096298217725,0.48219812195748046,9.325640810653544,True
EG,prior,max_drawdown_pct,-16.43095863045575,-70.82048945093555,-1.2993932314906609,True
EG,posterior,mean_pct,0.06098888490129184,-0.24131157294700856,0.37633185833233507,True
EG,posterior,volatility_pct,1.5220838944989863,1.1674527337691034,2.004476951795952,True
EG,posterior,q01_pct,-2.842267295345664,-6.017362982034683,-2.3507073388900617,True
EG,posterior,q99_pct,3.3849096298217725,2.564028166187925,5.802898623421762,True
EG,posterior,max_drawdown_pct,-16.43095863045575,-52.2402393136556,-6.7538367340198615,True
EIX,prior,mean_pct,0.06305932955683602,-0.42011757146774187,0.45522948165096727,True
EIX,prior,volatility_pct,2.275941281429876,0.2123767568325391,3.757111591216392,True
EIX,prior,q01_pct,-5.382871143519878,-9.347358371131122,-0.4511408458347419,True
EIX,prior,q99_pct,3.805949334055176,0.48219812195748046,9.325640810653544,True
EIX,prior,max_drawdown_pct,-32.84398909935577,-70.82048945093555,-1.2993932314906609,True
EIX,posterior,mean_pct,0.06305932955683602,-0.24829713576173695,0.47421348561770305,True
EIX,posterior,volatility_pct,2.275941281429876,1.5425449126872006,3.1444670555659124,True
EIX,posterior,q01_pct,-5.382871143519878,-8.614123534224927,-3.143256573239342,True
EIX,posterior,q99_pct,3.805949334055176,3.32517966488376,9.299207470193483,True
EIX,posterior,max_drawdown_pct,-32.84398909935577,-55.81703799230099,-8.91953957740737,True
EL,prior,mean_pct,0.10210525969114315,-0.42011757146774187,0.45522948165096727,True
EL,prior,volatility_pct,3.0417029281915666,0.2123767568325391,3.757111591216392,True
EL,prior,q01_pct,-8.170759454369545,-9.347358371131122,-0.4511408458347419,True
EL,prior,q99_pct,5.903777014464137,0.48219812195748046,9.325640810653544,True
EL,prior,max_drawdown_pct,-43.61596803727191,-70.82048945093555,-1.2993932314906609,True
EL,posterior,mean_pct,0.10210525969114315,-0.42916749649735664,0.5814619634419065,True
EL,posterior,volatility_pct,3.0417029281915666,2.0715173467323518,3.0870062336215627,True
EL,posterior,q01_pct,-8.170759454369545,-8.929576273076236,-4.344346613064409,True
EL,posterior,q99_pct,5.903777014464137,4.391045084409409,8.694790332950648,True
EL,posterior,max_drawdown_pct,-43.61596803727191,-72.00325220159792,-14.213245622295176,True
ELV,prior,mean_pct,0.13929162251997695,-0.42011757146774187,0.45522948165096727,True
ELV,prior,volatility_pct,2.2095988428995725,0.2123767568325391,3.757111591216392,True
ELV,prior,q01_pct,-6.1094462499022475,-9.347358371131122,-0.4511408458347419,True
ELV,prior,q99_pct,5.562322959303854,0.48219812195748046,9.325640810653544,True
ELV,prior,max_drawdown_pct,-26.49437551057683,-70.82048945093555,-1.2993932314906609,True
ELV,posterior,mean_pct,0.13929162251997695,-0.32489191526653727,0.4782039955007206,True
ELV,posterior,volatility_pct,2.2095988428995725,1.6938001782941416,2.8599775320472496,True
ELV,posterior,q01_pct,-6.1094462499022475,-8.13248912654817,-3.589191132504493,True
ELV,posterior,q99_pct,5.562322959303854,3.687276207935063,8.628355324268334,True
ELV,posterior,max_drawdown_pct,-26.49437551057683,-63.62383036003765,-10.72696569558865,True
EME,prior,mean_pct,0.10840500015092402,-0.42011757146774187,0.45522948165096727,True
EME,prior,volatility_pct,2.813161028634733,0.2123767568325391,3.757111591216392,True
EME,prior,q01_pct,-6.5141722932457915,-9.347358371131122,-0.4511408458347419,True
EME,prior,q99_pct,6.724652014672751,0.48219812195748046,9.325640810653544,True
EME,prior,max_drawdown_pct,-28.70703599678237,-70.82048945093555,-1.2993932314906609,True
EME,posterior,mean_pct,0.10840500015092402,-0.3956732914361787,0.5935519099564529,True
EME,posterior,volatility_pct,2.813161028634733,1.9579377843893295,3.1594815785212376,True
EME,posterior,q01_pct,-6.5141722932457915,-9.088027094490826,-4.0582087489776315,True
EME,posterior,q99_pct,6.724652014672751,4.232366879656905,8.518827522732309,True
EME,posterior,max_drawdown_pct,-28.70703599678237,-68.65387408179717,-10.63411548509193,True
EMR,prior,mean_pct,0.07618297843805522,-0.42011757146774187,0.45522948165096727,True
EMR,prior,volatility_pct,2.0206602199285646,0.2123767568325391,3.757111591216392,True
EMR,prior,q01_pct,-4.787966068834066,-9.347358371131122,-0.4511408458347419,True
EMR,prior,q99_pct,5.527269430458537,0.48219812195748046,9.325640810653544,True
EMR,prior,max_drawdown_pct,-23.449922436126293,-70.82048945093555,-1.2993932314906609,True
EMR,posterior,mean_pct,0.07618297843805522,-0.3974886966244515,0.491351613641928,True
EMR,posterior,volatility_pct,2.0206602199285646,1.7082052162564492,2.7167256523077628,True
EMR,posterior,q01_pct,-4.787966068834066,-7.975917652249336,-3.5243328590877363,True
EMR,posterior,q99_pct,5.527269430458537,3.541508698835965,7.7410096175968475,True
EMR,posterior,max_drawdown_pct,-23.449922436126293,-70.44830909567608,-9.66623239226944,True
EOG,prior,mean_pct,0.09014550309416336,-0.42011757146774187,0.45522948165096727,True
EOG,prior,volatility_pct,1.802599200048955,0.2123767568325391,3.757111591216392,True
EOG,prior,q01_pct,-4.272606633603573,-9.347358371131122,-0.4511408458347419,True
EOG,prior,q99_pct,4.290100838989015,0.48219812195748046,9.325640810653544,True
EOG,prior,max_drawdown_pct,-18.511280377415652,-70.82048945093555,-1.2993932314906609,True
EOG,posterior,mean_pct,0.09014550309416336,-0.37974270316080094,0.4691806173708936,True
EOG,posterior,volatility_pct,1.802599200048955,1.481816000526614,2.6660858704791757,True
EOG,posterior,q01_pct,-4.272606633603573,-8.046809392608703,-3.045129582006485,True
EOG,posterior,q99_pct,4.290100838989015,3.228229416394605,8.144841104000783,True
EOG,posterior,max_drawdown_pct,-18.511280377415652,-65.60768642821634,-8.068564690062125,True
EQIX,prior,mean_pct,0.1277990438314447,-0.42011757146774187,0.45522948165096727,True
EQIX,prior,volatility_pct,1.5473828872820454,0.2123767568325391,3.757111591216392,True
EQIX,prior,q01_pct,-3.2159719802439217,-9.347358371131122,-0.4511408458347419,True
EQIX,prior,q99_pct,4.649746697396035,0.48219812195748046,9.325640810653544,True
EQIX,prior,max_drawdown_pct,-13.655048584025808,-70.82048945093555,-1.2993932314906609,True
EQIX,posterior,mean_pct,0.1277990438314447,-0.28698977690130434,0.3934235906013245,True
EQIX,posterior,volatility_pct,1.5473828872820454,1.2060062544191943,2.0806220108946065,True
EQIX,posterior,q01_pct,-3.2159719802439217,-6.437259660102426,-2.5799326071050017,True
EQIX,posterior,q99_pct,4.649746697396035,2.638099847501144,6.346414931584144,True
EQIX,posterior,max_drawdown_pct,-13.655048584025808,-54.987923297592296,-8.136947256358967,True
EQT,prior,mean_pct,0.043072426029766575,-0.42011757146774187,0.45522948165096727,True
EQT,prior,volatility_pct,1.909852178479568,0.2123767568325391,3.757111591216392,True
EQT,prior,q01_pct,-4.252341501414776,-9.347358371131122,-0.4511408458347419,True
EQT,prior,q99_pct,4.492788948118684,0.48219812195748046,9.325640810653544,True
EQT,prior,max_drawdown_pct,-27.885100568605214,-70.82048945093555,-1.2993932314906609,True
EQT,posterior,mean_pct,0.043072426029766575,-0.43126993068173647,0.37140928253240263,True
EQT,posterior,volatility_pct,1.909852178479568,1.6057485241598315,3.039689742717373,True
EQT,posterior,q01_pct,-4.252341501414776,-8.39388696141541,-3.396264598378913,True
EQT,posterior,q99_pct,4.492788948118684,3.3004172311164415,8.459077096544199,True
EQT,posterior,max_drawdown_pct,-27.885100568605214,-70.95038941541081,-11.4583401056246,True
ERIE,prior,mean_pct,-0.09262670328382683,-0.42011757146774187,0.45522948165096727,True
ERIE,prior,volatility_pct,2.3476292767090503,0.2123767568325391,3.757111591216392,True
ERIE,prior,q01_pct,-6.055252887308598,-9.347358371131122,-0.4511408458347419,True
ERIE,prior,q99_pct,5.4293128661811245,0.48219812195748046,9.325640810653544,True
ERIE,prior,max_drawdown_pct,-40.62129016299561,-70.82048945093555,-1.2993932314906609,True
ERIE,posterior,mean_pct,-0.09262670328382683,-0.5035208862887401,0.44992549600179627,True
ERIE,posterior,volatility_pct,2.3476292767090503,1.8924872810151452,2.9980492659385836,True
ERIE,posterior,q01_pct,-6.055252887308598,-9.608915530517697,-4.077382388617845,True
ERIE,posterior,q99_pct,5.4293128661811245,4.313204669393594,8.87715316824614,True
ERIE,posterior,max_drawdown_pct,-40.62129016299561,-75.72289813112315,-13.760875272941721,True
ES,prior,mean_pct,0.06862220607786185,-0.42011757146774187,0.45522948165096727,True
ES,prior,volatility_pct,1.5423702831730437,0.2123767568325391,3.757111591216392,True
ES,prior,q01_pct,-3.862167168408632,-9.347358371131122,-0.4511408458347419,True
ES,prior,q99_pct,3.072448251768946,0.48219812195748046,9.325640810653544,True
ES,prior,max_drawdown_pct,-15.13088247925436,-70.82048945093555,-1.2993932314906609,True
ES,posterior,mean_pct,0.06862220607786185,-0.18736150894524073,0.4536510036071632,True
ES,posterior,volatility_pct,1.5423702831730437,1.1617432810044663,2.644368828063609,True
ES,posterior,q01_pct,-3.862167168408632,-7.154464005678892,-2.3802557813934984,True
ES,posterior,q99_pct,3.072448251768946,2.5494631036650386,7.902907980419682,True
ES,posterior,max_drawdown_pct,-15.13088247925436,-51.07442166457062,-6.3515420016195145,True
ESS,prior,mean_pct,0.03837482417736737,-0.42011757146774187,0.45522948165096727,True
ESS,prior,volatility_pct,1.2495153331951547,0.2123767568325391,3.757111591216392,True
ESS,prior,q01_pct,-3.526441976428032,-9.347358371131122,-0.4511408458347419,True
ESS,prior,q99_pct,2.774075670167803,0.48219812195748046,9.325640810653544,True
ESS,prior,max_drawdown_pct,-9.591796892323945,-70.82048945093555,-1.2993932314906609,True
ESS,posterior,mean_pct,0.03837482417736737,-0.16701420127185784,0.38238642422582625,True
ESS,posterior,volatility_pct,1.2495153331951547,1.0212948324775517,2.1331956521983853,True
ESS,posterior,q01_pct,-3.526441976428032,-5.6875315316021435,-2.0557495886459947,True
ESS,posterior,q99_pct,2.774075670167803,2.215416466817259,5.188588880375023,True
ESS,posterior,max_drawdown_pct,-9.591796892323945,-45.30130971789952,-5.827864558478806,True
ETN,prior,mean_pct,0.08987291315634138,-0.42011757146774187,0.45522948165096727,True
ETN,prior,volatility_pct,2.403013675014122,0.2123767568325391,3.757111591216392,True
ETN,prior,q01_pct,-6.0231479443609715,-9.347358371131122,-0.4511408458347419,True
ETN,prior,q99_pct,5.473851598799227,0.48219812195748046,9.325640810653544,True
ETN,prior,max_drawdown_pct,-18.32572887641343,-70.82048945093555,-1.2993932314906609,True
ETN,posterior,mean_pct,0.08987291315634138,-0.3645484717535439,0.5747712950788467,True
ETN,posterior,volatility_pct,2.403013675014122,1.9921444168959834,2.8737595352690986,True
ETN,posterior,q01_pct,-6.0231479443609715,-9.141469791717826,-4.212251230236143,True
ETN,posterior,q99_pct,5.473851598799227,4.322643162868916,9.167791765741983,True
ETN,posterior,max_drawdown_pct,-18.32572887641343,-68.38938521407788,-11.2411713513621,True
ETR,prior,mean_pct,0.09458413935021781,-0.42011757146774187,0.45522948165096727,True
ETR,prior,volatility_pct,1.2809724362271835,0.2123767568325391,3.757111591216392,True
ETR,prior,q01_pct,-3.744888566434383,-9.347358371131122,-0.4511408458347419,True
ETR,prior,q99_pct,2.926624268293378,0.48219812195748046,9.325640810653544,True
ETR,prior,max_drawdown_pct,-10.55725921417684,-70.82048945093555,-1.2993932314906609,True
ETR,posterior,mean_pct,0.09458413935021781,-0.12972508282409478,0.3869012849395261,True
ETR,posterior,volatility_pct,1.2809724362271835,1.0410674778075393,1.7873620257233647,True
ETR,posterior,q01_pct,-3.744888566434383,-5.026536640431732,-1.9847477312665438,True
ETR,posterior,q99_pct,2.926624268293378,2.261481705773621,5.270959834009402,True
ETR,posterior,max_drawdown_pct,-10.55725921417684,-37.28578802846436,-5.76376695239183,True
EVRG,prior,mean_pct,0.0714491566441211,-0.42011757146774187,0.45522948165096727,True
EVRG,prior,volatility_pct,1.0140147763919805,0.2123767568325391,3.757111591216392,True
EVRG,prior,q01_pct,-2.694471897557378,-9.347358371131122,-0.4511408458347419,True
EVRG,prior,q99_pct,2.357793422415851,0.48219812195748046,9.325640810653544,True
EVRG,prior,max_drawdown_pct,-7.723345563151751,-70.82048945093555,-1.2993932314906609,True
EVRG,posterior,mean_pct,0.0714491566441211,-0.15204446878834688,0.32883329193285243,True
EVRG,posterior,volatility_pct,1.0140147763919805,0.8728099147273645,1.3572975103860059,True
EVRG,posterior,q01_pct,-2.694471897557378,-4.128653528820723,-1.5676783091854307,True
EVRG,posterior,q99_pct,2.357793422415851,1.9120504587423044,4.103905653301618,True
EVRG,posterior,max_drawdown_pct,-7.723345563151751,-38.18996803862714,-4.899249635511811,True
EW,prior,mean_pct,0.05130405498903201,-0.42011757146774187,0.45522948165096727,True
EW,prior,volatility_pct,1.5345546137549146,0.2123767568325391,3.757111591216392,True
EW,prior,q01_pct,-3.3714425191283226,-9.347358371131122,-0.4511408458347419,True
EW,prior,q99_pct,3.3640411309897895,0.48219812195748046,9.325640810653544,True
EW,prior,max_drawdown_pct,-13.185546159925687,-70.82048945093555,-1.2993932314906609,True
EW,posterior,mean_pct,0.05130405498903201,-0.3082388069683173,0.313813571658855,True
EW,posterior,volatility_pct,1.5345546137549146,1.2201505005390973,2.185737834285513,True
EW,posterior,q01_pct,-3.3714425191283226,-6.407671548053622,-2.671718215802685,True
EW,posterior,q99_pct,3.3640411309897895,2.7240099989343425,6.935949079878617,True
EW,posterior,max_drawdown_pct,-13.185546159925687,-59.108240480445446,-8.72612691433731,True
EXC,prior,mean_pct,0.020208163590496042,-0.42011757146774187,0.45522948165096727,True
EXC,prior,volatility_pct,1.2039737597179807,0.2123767568325391,3.757111591216392,True
EXC,prior,q01_pct,-2.9280239529907703,-9.347358371131122,-0.4511408458347419,True
EXC,prior,q99_pct,2.4534245580434786,0.48219812195748046,9.325640810653544,True
EXC,prior,max_drawdown_pct,-13.740307370435477,-70.82048945093555,-1.2993932314906609,True
EXC,posterior,mean_pct,0.020208163590496042,-0.1978920801915116,0.2731385394662786,True
EXC,posterior,volatility_pct,1.2039737597179807,1.0006959560162128,1.5510456195220492,True
EXC,posterior,q01_pct,-2.9280239529907703,-4.527886018995195,-2.0284641305450353,True
EXC,posterior,q99_pct,2.4534245580434786,2.134048820659518,4.81587827643379,True
EXC,posterior,max_drawdown_pct,-13.740307370435477,-44.206103278622535,-6.024194141183042,True
EXE,prior,mean_pct,0.02995287190685758,-0.42011757146774187,0.45522948165096727,True
EXE,prior,volatility_pct,1.9347251954719833,0.2123767568325391,3.757111591216392,True
EXE,prior,q01_pct,-4.473803024739027,-9.347358371131122,-0.4511408458347419,True
EXE,prior,q99_pct,5.127996541559695,0.48219812195748046,9.325640810653544,True
EXE,prior,max_drawdown_pct,-28.4290734733583,-70.82048945093555,-1.2993932314906609,True
EXE,posterior,mean_pct,0.02995287190685758,-0.4789659468452516,0.3227965217087529,True
EXE,posterior,volatility_pct,1.9347251954719833,1.6186999421125732,2.6343736162698583,True
EXE,posterior,q01_pct,-4.473803024739027,-8.211020758748054,-3.4710149906575682,True
EXE,posterior,q99_pct,5.127996541559695,3.2464322410523843,7.881584155932063,True
EXE,posterior,max_drawdown_pct,-28.4290734733583,-74.84446172409218,-12.768859413057385,True
EXPD,prior,mean_pct,0.19570372973021222,-0.42011757146774187,0.45522948165096727,True
EXPD,prior,volatility_pct,1.9264584643121547,0.2123767568325391,3.757111591216392,True
EXPD,prior,q01_pct,-4.645528607070445,-9.347358371131122,-0.4511408458347419,True
EXPD,prior,q99_pct,5.196957290172553,0.48219812195748046,9.325640810653544,True
EXPD,prior,max_drawdown_pct,-15.880989553987723,-70.82048945093555,-1.2993932314906609,True
EXPD,posterior,mean_pct,0.19570372973021222,-0.18295586795947116,0.5355204558792632,True
EXPD,posterior,volatility_pct,1.9264584643121547,1.2862131572366964,4.161251006628926,True
EXPD,posterior,q01_pct,-4.645528607070445,-9.522385716997087,-2.6905526882037525,True
EXPD,posterior,q99_pct,5.196957290172553,3.0856116323266165,9.440259856171881,True
EXPD,posterior,max_drawdown_pct,-15.880989553987723,-55.427231385538434,-7.4806124008783605,True
EXPE,prior,mean_pct,0.17865306108859613,-0.42011757146774187,0.45522948165096727,True
EXPE,prior,volatility_pct,3.1005726840970467,0.2123767568325391,3.757111591216392,True
EXPE,prior,q01_pct,-7.531943842768669,-9.347358371131122,-0.4511408458347419,True
EXPE,prior,q99_pct,7.023723945021628,0.48219812195748046,9.325640810653544,True
EXPE,prior,max_drawdown_pct,-37.436528012951754,-70.82048945093555,-1.2993932314906609,True
EXPE,posterior,mean_pct,0.17865306108859613,-0.4673416558019299,0.5160547722532338,True
EXPE,posterior,volatility_pct,3.1005726840970467,2.1200552452704367,2.912385399638632,False
EXPE,posterior,q01_pct,-7.531943842768669,-8.482411644607781,-4.434576786123216,True
EXPE,posterior,q99_pct,7.023723945021628,4.2202428136952195,9.108490692451575,True
EXPE,posterior,max_drawdown_pct,-37.436528012951754,-76.78168471977732,-13.542439748852091,True
EXR,prior,mean_pct,0.01937042823669799,-0.42011757146774187,0.45522948165096727,True
EXR,prior,volatility_pct,1.4237494731197782,0.2123767568325391,3.757111591216392,True
EXR,prior,q01_pct,-3.6089878715574746,-9.347358371131122,-0.4511408458347419,True
EXR,prior,q99_pct,3.4470419771969287,0.48219812195748046,9.325640810653544,True
EXR,prior,max_drawdown_pct,-16.700637446360446,-70.82048945093555,-1.2993932314906609,True
EXR,posterior,mean_pct,0.01937042823669799,-0.31293504385356385,0.33917935014597567,True
EXR,posterior,volatility_pct,1.4237494731197782,1.2067481924008434,1.9062406153535139,True
EXR,posterior,q01_pct,-3.6089878715574746,-5.641017441730947,-2.4700510845985266,True
EXR,posterior,q99_pct,3.4470419771969287,2.5648583620786654,5.548331270739429,True
EXR,posterior,max_drawdown_pct,-16.700637446360446,-59.03150707684004,-7.8188946839207984,True
F,prior,mean_pct,0.132315623636714,-0.42011757146774187,0.45522948165096727,True
F,prior,volatility_pct,2.3845374743566685,0.2123767568325391,3.757111591216392,True
F,prior,q01_pct,-5.051327720284462,-9.347358371131122,-0.4511408458347419,True
F,prior,q99_pct,7.83605393022296,0.48219812195748046,9.325640810653544,True
F,prior,max_drawdown_pct,-23.394498445292744,-70.82048945093555,-1.2993932314906609,True
F,posterior,mean_pct,0.132315623636714,-0.5048858111951837,0.41557316821765483,True
F,posterior,volatility_pct,2.3845374743566685,1.8104872875572189,2.9210876423737417,True
F,posterior,q01_pct,-5.051327720284462,-8.800348197109997,-3.987891963031143,True
F,posterior,q99_pct,7.83605393022296,3.7973229626193636,9.494860466197098,True
F,posterior,max_drawdown_pct,-23.394498445292744,-75.90823716550494,-13.404816351630828,True
FANG,prior,mean_pct,0.14261280999221526,-0.42011757146774187,0.45522948165096727,True
FANG,prior,volatility_pct,2.014844227308736,0.2123767568325391,3.757111591216392,True
FANG,prior,q01_pct,-4.813529122620821,-9.347358371131122,-0.4511408458347419,True
FANG,prior,q99_pct,4.54778643324971,0.48219812195748046,9.325640810653544,True
FANG,prior,max_drawdown_pct,-19.085697118381816,-70.82048945093555,-1.2993932314906609,True
FANG,posterior,mean_pct,0.14261280999221526,-0.33905916388523494,0.5468900687489608,True
FANG,posterior,volatility_pct,2.014844227308736,1.6858153533824594,2.6424771977289025,True
FANG,posterior,q01_pct,-4.813529122620821,-7.323159699141978,-3.426818186137825,True
FANG,posterior,q99_pct,4.54778643324971,3.860549605265254,8.155195363052163,True
FANG,posterior,max_drawdown_pct,-19.085697118381816,-62.679829721660575,-9.755238701116005,True
FAST,prior,mean_pct,0.016989557849456105,-0.42011757146774187,0.45522948165096727,True
FAST,prior,volatility_pct,1.6200539345826346,0.2123767568325391,3.757111591216392,True
FAST,prior,q01_pct,-3.772149458527565,-9.347358371131122,-0.4511408458347419,True
FAST,prior,q99_pct,4.011105298995968,0.48219812195748046,9.325640810653544,True
FAST,prior,max_drawdown_pct,-21.715685972007748,-70.82048945093555,-1.2993932314906609,True
FAST,posterior,mean_pct,0.016989557849456105,-0.29331172013900186,0.3680416598412818,True
FAST,posterior,volatility_pct,1.6200539345826346,1.3301736168300902,2.3446754992067897,True
FAST,posterior,q01_pct,-3.772149458527565,-6.437285817041993,-2.654624025151134,True
FAST,posterior,q99_pct,4.011105298995968,2.756104870187118,6.9389209192246,True
FAST,posterior,max_drawdown_pct,-21.715685972007748,-59.58612267633388,-9.385704776342397,True
FCX,prior,mean_pct,0.24916238566561333,-0.42011757146774187,0.45522948165096727,True
FCX,prior,volatility_pct,3.1922169710319594,0.2123767568325391,3.757111591216392,True
FCX,prior,q01_pct,-8.218811452388763,-9.347358371131122,-0.4511408458347419,True
FCX,prior,q99_pct,7.053781636059282,0.48219812195748046,9.325640810653544,True
FCX,prior,max_drawdown_pct,-24.309796519583127,-70.82048945093555,-1.2993932314906609,True
FCX,posterior,mean_pct,0.24916238566561333,-0.3601530377889759,0.6310424885108006,True
FCX,posterior,volatility_pct,3.1922169710319594,2.153992326488064,2.8390533721221707,False
FCX,posterior,q01_pct,-8.218811452388763,-8.214708500728012,-4.032239728141576,False
FCX,posterior,q99_pct,7.053781636059282,4.688808139320461,8.1910231091082,True
FCX,posterior,max_drawdown_pct,-24.309796519583127,-67.1748198800264,-10.830938234942927,True
FDS,prior,mean_pct,-0.0336870847576165,-0.42011757146774187,0.45522948165096727,True
FDS,prior,volatility_pct,2.953345745083828,0.2123767568325391,3.757111591216392,True
FDS,prior,q01_pct,-7.659622021019459,-9.347358371131122,-0.4511408458347419,True
FDS,prior,q99_pct,6.868694946169851,0.48219812195748046,9.325640810653544,True
FDS,prior,max_drawdown_pct,-49.16165734269071,-70.82048945093555,-1.2993932314906609,True
FDS,posterior,mean_pct,-0.0336870847576165,-0.40676228853394747,0.49057301680922893,True
FDS,posterior,volatility_pct,2.953345745083828,2.0229589091559106,2.9935330390603516,True
FDS,posterior,q01_pct,-7.659622021019459,-9.21180719062686,-4.082510138954968,True
FDS,posterior,q99_pct,6.868694946169851,4.495667548105119,10.31694680470972,True
FDS,posterior,max_drawdown_pct,-49.16165734269071,-73.28419289946284,-13.463887171552829,True
FDX,prior,mean_pct,0.2376837385838826,-0.42011757146774187,0.45522948165096727,True
FDX,prior,volatility_pct,1.7706720627843606,0.2123767568325391,3.757111591216392,True
FDX,prior,q01_pct,-3.7914964184164996,-9.347358371131122,-0.4511408458347419,True
FDX,prior,q99_pct,4.9644304253160865,0.48219812195748046,9.325640810653544,True
FDX,prior,max_drawdown_pct,-11.669692980454604,-70.82048945093555,-1.2993932314906609,True
FDX,posterior,mean_pct,0.2376837385838826,-0.17962269483204807,0.5173833349996069,True
FDX,posterior,volatility_pct,1.7706720627843606,1.4365452323875305,3.007757715380239,True
FDX,posterior,q01_pct,-3.7914964184164996,-8.760008155740797,-2.8224052432924513,True
FDX,posterior,q99_pct,4.9644304253160865,3.2526973035186515,8.86880445461719,True
FDX,posterior,max_drawdown_pct,-11.669692980454604,-51.16643944869455,-7.518207930919538,True
FE,prior,mean_pct,0.048212861810270624,-0.42011757146774187,0.45522948165096727,True
FE,prior,volatility_pct,1.0054840098572642,0.2123767568325391,3.757111591216392,True
FE,prior,q01_pct,-2.638684306293726,-9.347358371131122,-0.4511408458347419,True
FE,prior,q99_pct,2.5123684667050825,0.48219812195748046,9.325640810653544,True
FE,prior,max_drawdown_pct,-14.714021412030808,-70.82048945093555,-1.2993932314906609,True
FE,posterior,mean_pct,0.048212861810270624,-0.11918555569664946,0.335439355142455,True
FE,posterior,volatility_pct,1.0054840098572642,0.8476580348659593,1.4141816390957709,True
FE,posterior,q01_pct,-2.638684306293726,-3.983901868201792,-1.6839251100085677,True
FE,posterior,q99_pct,2.5123684667050825,1.9254797466099258,4.06440636822953,True
FE,posterior,max_drawdown_pct,-14.714021412030808,-34.775973460267345,-4.511453053467192,True
FERG,prior,mean_pct,0.01743332229580119,-0.42011757146774187,0.45522948165096727,True
FERG,prior,volatility_pct,1.9968925737205168,0.2123767568325391,3.757111591216392,True
FERG,prior,q01_pct,-4.870259650051594,-9.347358371131122,-0.4511408458347419,True
FERG,prior,q99_pct,5.267249122261994,0.48219812195748046,9.325640810653544,True
FERG,prior,max_drawdown_pct,-18.32347881948847,-70.82048945093555,-1.2993932314906609,True
FERG,posterior,mean_pct,0.01743332229580119,-0.40036191794962406,0.41877913025146535,True
FERG,posterior,volatility_pct,1.9968925737205168,1.6394104659866466,2.616016309302854,True
FERG,posterior,q01_pct,-4.870259650051594,-7.7987082935869685,-3.465679022762924,True
FERG,posterior,q99_pct,5.267249122261994,3.5747714743949457,8.566230491548755,True
FERG,posterior,max_drawdown_pct,-18.32347881948847,-68.46602130062288,-10.636851945703572,True
FFIV,prior,mean_pct,0.1050095599936185,-0.42011757146774187,0.45522948165096727,True
FFIV,prior,volatility_pct,2.2463676130787227,0.2123767568325391,3.757111591216392,True
FFIV,prior,q01_pct,-5.644156858325004,-9.347358371131122,-0.4511408458347419,True
FFIV,prior,q99_pct,5.308657474815831,0.48219812195748046,9.325640810653544,True
FFIV,prior,max_drawdown_pct,-34.7291437251536,-70.82048945093555,-1.2993932314906609,True
FFIV,posterior,mean_pct,0.1050095599936185,-0.41299696773489813,0.6095149423688696,True
FFIV,posterior,volatility_pct,2.2463676130787227,1.7795087012698774,2.7403595278361137,True
FFIV,posterior,q01_pct,-5.644156858325004,-8.942423335090279,-3.7033645051531496,True
FFIV,posterior,q99_pct,5.308657474815831,3.704982717055826,8.7553867748007,True
FFIV,posterior,max_drawdown_pct,-34.7291437251536,-70.26389253088641,-9.994562440910233,True
FICO,prior,mean_pct,-0.1232183287584121,-0.42011757146774187,0.45522948165096727,True
FICO,prior,volatility_pct,3.5444467164906235,0.2123767568325391,3.757111591216392,True
FICO,prior,q01_pct,-12.249024100601673,-9.347358371131122,-0.4511408458347419,False
FICO,prior,q99_pct,7.650820426642893,0.48219812195748046,9.325640810653544,True
FICO,prior,max_drawdown_pct,-50.92602085085268,-70.82048945093555,-1.2993932314906609,True
FICO,posterior,mean_pct,-0.1232183287584121,-0.4270291704439728,0.4796393740683982,True
FICO,posterior,volatility_pct,3.5444467164906235,2.0241272054877455,3.1837353218736477,False
FICO,posterior,q01_pct,-12.249024100601673,-9.514308023080229,-4.193044293485583,False
FICO,posterior,q99_pct,7.650820426642893,4.1492353395558865,10.454959854111065,True
FICO,posterior,max_drawdown_pct,-50.92602085085268,-74.52233642825021,-12.915672678503466,True
FIS,prior,mean_pct,-0.1658630526151228,-0.42011757146774187,0.45522948165096727,True
FIS,prior,volatility_pct,2.0291073300099978,0.2123767568325391,3.757111591216392,True
FIS,prior,q01_pct,-5.871329829096793,-9.347358371131122,-0.4511408458347419,True
FIS,prior,q99_pct,4.523578956723204,0.48219812195748046,9.325640810653544,True
FIS,prior,max_drawdown_pct,-44.218989647801074,-70.82048945093555,-1.2993932314906609,True
FIS,posterior,mean_pct,-0.1658630526151228,-0.4624708825863024,0.3601347621366101,True
FIS,posterior,volatility_pct,2.0291073300099978,1.5927522985277338,2.7816137889990467,True
FIS,posterior,q01_pct,-5.871329829096793,-8.61515645030886,-3.397022694163025,True
FIS,posterior,q99_pct,4.523578956723204,3.389237616024907,8.529065296240123,True
FIS,posterior,max_drawdown_pct,-44.218989647801074,-74.14148269813239,-12.217847898288525,True
FITB,prior,mean_pct,0.09876020807837449,-0.42011757146774187,0.45522948165096727,True
FITB,prior,volatility_pct,1.63815942068169,0.2123767568325391,3.757111591216392,True
FITB,prior,q01_pct,-5.029855202883482,-9.347358371131122,-0.4511408458347419,True
FITB,prior,q99_pct,4.782629366964099,0.48219812195748046,9.325640810653544,True
FITB,prior,max_drawdown_pct,-21.205525878794095,-70.82048945093555,-1.2993932314906609,True
FITB,posterior,mean_pct,0.09876020807837449,-0.28814014519501185,0.4910500027349377,True
FITB,posterior,volatility_pct,1.63815942068169,1.3288262915014162,3.3798889605889033,True
FITB,posterior,q01_pct,-5.029855202883482,-9.11560866497457,-2.8355937687214463,True
FITB,posterior,q99_pct,4.782629366964099,3.0209247236140047,8.814586493745391,True
FITB,posterior,max_drawdown_pct,-21.205525878794095,-61.70876069942461,-7.581120549044873,True
FIX,prior,mean_pct,0.37230513691106637,-0.42011757146774187,0.45522948165096727,True
FIX,prior,volatility_pct,3.5429872675788663,0.2123767568325391,3.757111591216392,True
FIX,prior,q01_pct,-7.689797021448612,-9.347358371131122,-0.4511408458347419,True
FIX,prior,q99_pct,7.885629534721366,0.48219812195748046,9.325640810653544,True
FIX,prior,max_drawdown_pct,-26.46943721241659,-70.82048945093555,-1.2993932314906609,True
FIX,posterior,mean_pct,0.37230513691106637,-0.3601808173796712,0.7154096247351017,True
FIX,posterior,volatility_pct,3.5429872675788663,2.174023890299111,2.978055975345048,False
FIX,posterior,q01_pct,-7.689797021448612,-8.579521949961782,-4.008173718303442,True
FIX,posterior,q99_pct,7.885629534721366,4.535143525339662,9.492412575334296,True
FIX,posterior,max_drawdown_pct,-26.46943721241659,-66.95335896246537,-11.927284892595178,True
FLEX,prior,mean_pct,0.35583920835051686,-0.42011757146774187,0.45522948165096727,True
FLEX,prior,volatility_pct,4.267269049483404,0.2123767568325391,3.757111591216392,False
FLEX,prior,q01_pct,-9.047841243445873,-9.347358371131122,-0.4511408458347419,True
FLEX,prior,q99_pct,8.690955229103563,0.48219812195748046,9.325640810653544,True
FLEX,prior,max_drawdown_pct,-36.434878475495665,-70.82048945093555,-1.2993932314906609,True
FLEX,posterior,mean_pct,0.35583920835051686,-0.3439217977272193,0.6757514513911821,True
FLEX,posterior,volatility_pct,4.267269049483404,2.1383478401412948,2.899673304399879,False
FLEX,posterior,q01_pct,-9.047841243445873,-8.790746487304569,-4.436617969907821,False
FLEX,posterior,q99_pct,8.690955229103563,4.6907196268439275,9.312657750025378,True
FLEX,posterior,max_drawdown_pct,-36.434878475495665,-67.34760881965697,-11.092019231761283,True
FOX,prior,mean_pct,0.058282191639591474,-0.42011757146774187,0.45522948165096727,True
FOX,prior,volatility_pct,2.1619896689658633,0.2123767568325391,3.757111591216392,True
FOX,prior,q01_pct,-5.368461757898331,-9.347358371131122,-0.4511408458347419,True
FOX,prior,q99_pct,5.86614996194839,0.48219812195748046,9.325640810653544,True
FOX,prior,max_drawdown_pct,-34.1373039081134,-70.82048945093555,-1.2993932314906609,True
FOX,posterior,mean_pct,0.058282191639591474,-0.3099305385377473,0.5247431247985794,True
FOX,posterior,volatility_pct,2.1619896689658633,1.5908912760657283,3.8686357129658697,True
FOX,posterior,q01_pct,-5.368461757898331,-9.337407717481256,-3.370656340150163,True
FOX,posterior,q99_pct,5.86614996194839,3.723983668629078,9.624737670831372,True
FOX,posterior,max_drawdown_pct,-34.1373039081134,-71.89464528265258,-10.159756458988843,True
FOXA,prior,mean_pct,0.06846659198345151,-0.42011757146774187,0.45522948165096727,True
FOXA,prior,volatility_pct,2.242672110597147,0.2123767568325391,3.757111591216392,True
FOXA,prior,q01_pct,-5.7563090696930885,-9.347358371131122,-0.4511408458347419,True
FOXA,prior,q99_pct,5.383261274546382,0.48219812195748046,9.325640810653544,True
FOXA,prior,max_drawdown_pct,-35.58095181115384,-70.82048945093555,-1.2993932314906609,True
FOXA,posterior,mean_pct,0.06846659198345151,-0.23152793307338015,0.513211503132396,True
FOXA,posterior,volatility_pct,2.242672110597147,1.6337308313680712,3.15918994666081,True
FOXA,posterior,q01_pct,-5.7563090696930885,-9.45927795059979,-3.5046753998845825,True
FOXA,posterior,q99_pct,5.383261274546382,3.6048592360690224,10.087868026457691,True
FOXA,posterior,max_drawdown_pct,-35.58095181115384,-54.53800190839149,-9.050588289543992,True
FRT,prior,mean_pct,0.08419612103978125,-0.42011757146774187,0.45522948165096727,True
FRT,prior,volatility_pct,1.0296893874392876,0.2123767568325391,3.757111591216392,True
FRT,prior,q01_pct,-2.7492787409573793,-9.347358371131122,-0.4511408458347419,True
FRT,prior,q99_pct,2.4442838970571734,0.48219812195748046,9.325640810653544,True
FRT,prior,max_drawdown_pct,-8.7312187770898,-70.82048945093555,-1.2993932314906609,True
FRT,posterior,mean_pct,0.08419612103978125,-0.17616626279207992,0.286223779510838,True
FRT,posterior,volatility_pct,1.0296893874392876,0.8974001567241445,1.372563425413432,True
FRT,posterior,q01_pct,-2.7492787409573793,-4.114971495233476,-1.8183859738521277,True
FRT,posterior,q99_pct,2.4442838970571734,1.895942606450989,3.9743502497672925,True
FRT,posterior,max_drawdown_pct,-8.7312187770898,-38.815932391081525,-4.924951127175429,True
FSLR,prior,mean_pct,0.0688575696699445,-0.42011757146774187,0.45522948165096727,True
FSLR,prior,volatility_pct,3.3046271601250274,0.2123767568325391,3.757111591216392,True
FSLR,prior,q01_pct,-10.233819484710693,-9.347358371131122,-0.4511408458347419,False
FSLR,prior,q99_pct,9.521257318556293,0.48219812195748046,9.325640810653544,False
FSLR,prior,max_drawdown_pct,-37.39512778732228,-70.82048945093555,-1.2993932314906609,True
FSLR,posterior,mean_pct,0.0688575696699445,-0.5127913801146349,0.42907918267316336,True
FSLR,posterior,volatility_pct,3.3046271601250274,2.0740033884663136,2.971660183854324,False
FSLR,posterior,q01_pct,-10.233819484710693,-8.6251878304407,-4.349303509481253,False
FSLR,posterior,q99_pct,9.521257318556293,4.464161250647157,9.082290954329054,False
FSLR,posterior,max_drawdown_pct,-37.39512778732228,-77.09705313872706,-15.220885448933675,True
FTNT,prior,mean_pct,0.2981481562216004,-0.42011757146774187,0.45522948165096727,True
FTNT,prior,volatility_pct,2.600513133105195,0.2123767568325391,3.757111591216392,True
FTNT,prior,q01_pct,-5.124972891062498,-9.347358371131122,-0.4511408458347419,True
FTNT,prior,q99_pct,6.497807726263997,0.48219812195748046,9.325640810653544,True
FTNT,prior,max_drawdown_pct,-14.336137851274955,-70.82048945093555,-1.2993932314906609,True
FTNT,posterior,mean_pct,0.2981481562216004,-0.2889790693211731,0.67204269445365,True
FTNT,posterior,volatility_pct,2.600513133105195,1.9066793487759008,2.88713260237927,True
FTNT,posterior,q01_pct,-5.124972891062498,-9.325039719417692,-3.8875888249836863,True
FTNT,posterior,q99_pct,6.497807726263997,4.177016882691532,8.53768893275409,True
FTNT,posterior,max_drawdown_pct,-14.336137851274955,-63.42526991055412,-10.87509037775028,True
FTV,prior,mean_pct,0.08276606940285092,-0.42011757146774187,0.45522948165096727,True
FTV,prior,volatility_pct,1.6753854385899603,0.2123767568325391,3.757111591216392,True
FTV,prior,q01_pct,-4.460081532597542,-9.347358371131122,-0.4511408458347419,True
FTV,prior,q99_pct,3.8805325701832767,0.48219812195748046,9.325640810653544,True
FTV,prior,max_drawdown_pct,-13.309631854700188,-70.82048945093555,-1.2993932314906609,True
FTV,posterior,mean_pct,0.08276606940285092,-0.2818748713767434,0.38130043900960325,True
FTV,posterior,volatility_pct,1.6753854385899603,1.3201249054558375,2.766795367001894,True
FTV,posterior,q01_pct,-4.460081532597542,-7.9245896812528365,-2.696368101239205,True
FTV,posterior,q99_pct,3.8805325701832767,2.823675047606229,8.050419243797645,True
FTV,posterior,max_drawdown_pct,-13.309631854700188,-56.37756682232795,-8.043851780881193,True
GD,prior,mean_pct,0.05584867369634594,-0.42011757146774187,0.45522948165096727,True
GD,prior,volatility_pct,1.3937891925720913,0.2123767568325391,3.757111591216392,True
GD,prior,q01_pct,-3.27709274366498,-9.347358371131122,-0.4511408458347419,True
GD,prior,q99_pct,3.4614767320454107,0.48219812195748046,9.325640810653544,True
GD,prior,max_drawdown_pct,-14.534903998732961,-70.82048945093555,-1.2993932314906609,True
GD,posterior,mean_pct,0.05584867369634594,-0.2205670695192623,0.2886818425088879,True
GD,posterior,volatility_pct,1.3937891925720913,1.1174926162948744,2.4280413686625444,True
GD,posterior,q01_pct,-3.27709274366498,-6.313418643455953,-2.2878458573948595,True
GD,posterior,q99_pct,3.4614767320454107,2.4319817391224197,6.956292725075022,True
GD,posterior,max_drawdown_pct,-14.534903998732961,-50.65332249217154,-6.945128131371031,True
GDDY,prior,mean_pct,-0.10493937490423377,-0.42011757146774187,0.45522948165096727,True
GDDY,prior,volatility_pct,2.897612420584584,0.2123767568325391,3.757111591216392,True
GDDY,prior,q01_pct,-6.5116191282868385,-9.347358371131122,-0.4511408458347419,True
GDDY,prior,q99_pct,7.549554295837862,0.48219812195748046,9.325640810653544,True
GDDY,prior,max_drawdown_pct,-49.6305781815262,-70.82048945093555,-1.2993932314906609,True
GDDY,posterior,mean_pct,-0.10493937490423377,-0.4608020799207706,0.5925712056741259,True
GDDY,posterior,volatility_pct,2.897612420584584,1.9692259581599645,2.932969433465939,True
GDDY,posterior,q01_pct,-6.5116191282868385,-9.375211467593907,-4.153878914937377,True
GDDY,posterior,q99_pct,7.549554295837862,4.391756551433352,9.19623887129127,True
GDDY,posterior,max_drawdown_pct,-49.6305781815262,-76.79123107147399,-13.024237181075783,True
GE,prior,mean_pct,0.10141373662975184,-0.42011757146774187,0.45522948165096727,True
GE,prior,volatility_pct,2.0636759610413082,0.2123767568325391,3.757111591216392,True
GE,prior,q01_pct,-5.265961680561304,-9.347358371131122,-0.4511408458347419,True
GE,prior,q99_pct,4.975151605904098,0.48219812195748046,9.325640810653544,True
GE,prior,max_drawdown_pct,-20.851491704520754,-70.82048945093555,-1.2993932314906609,True
GE,posterior,mean_pct,0.10141373662975184,-0.30199526412305033,0.511813170335202,True
GE,posterior,volatility_pct,2.0636759610413082,1.4904803817067402,2.7009928569291235,True
GE,posterior,q01_pct,-5.265961680561304,-7.81259110532701,-3.1903019809164115,True
GE,posterior,q99_pct,4.975151605904098,3.316198623133822,8.036017408221925,True
GE,posterior,max_drawdown_pct,-20.851491704520754,-61.537572604908185,-10.010285669925345,True
GEHC,prior,mean_pct,-0.00152443485603726,-0.42011757146774187,0.45522948165096727,True
GEHC,prior,volatility_pct,2.206644171278963,0.2123767568325391,3.757111591216392,True
GEHC,prior,q01_pct,-4.573457315564156,-9.347358371131122,-0.4511408458347419,True
GEHC,prior,q99_pct,4.976231250911949,0.48219812195748046,9.325640810653544,True
GEHC,prior,max_drawdown_pct,-32.46645520798489,-70.82048945093555,-1.2993932314906609,True
GEHC,posterior,mean_pct,-0.00152443485603726,-0.41584302883453006,0.4049513021182917,True
GEHC,posterior,volatility_pct,2.206644171278963,1.7408606510076128,3.073524561743108,True
GEHC,posterior,q01_pct,-4.573457315564156,-9.05447020623833,-3.6142748922109615,True
GEHC,posterior,q99_pct,4.976231250911949,3.895291794650256,8.185899679362754,True
GEHC,posterior,max_drawdown_pct,-32.46645520798489,-72.47940661897789,-12.066131872752283,True
GEN,prior,mean_pct,0.03718699315413687,-0.42011757146774187,0.45522948165096727,True
GEN,prior,volatility_pct,2.200317236936844,0.2123767568325391,3.757111591216392,True
GEN,prior,q01_pct,-5.195973534137011,-9.347358371131122,-0.4511408458347419,True
GEN,prior,q99_pct,6.573211345821598,0.48219812195748046,9.325640810653544,True
GEN,prior,max_drawdown_pct,-40.18516330079515,-70.82048945093555,-1.2993932314906609,True
GEN,posterior,mean_pct,0.03718699315413687,-0.4470985991800873,0.4557451141210861,True
GEN,posterior,volatility_pct,2.200317236936844,1.6886234327319316,2.8692347731905907,True
GEN,posterior,q01_pct,-5.195973534137011,-9.137902168557048,-3.6796461274847387,True
GEN,posterior,q99_pct,6.573211345821598,3.5917815673165014,8.98296921253203,True
GEN,posterior,max_drawdown_pct,-40.18516330079515,-73.44763624359598,-12.06479945933442,True
GEV,prior,mean_pct,0.20909164780107403,-0.42011757146774187,0.45522948165096727,True
GEV,prior,volatility_pct,3.2854623356563675,0.2123767568325391,3.757111591216392,True
GEV,prior,q01_pct,-7.491857893764972,-9.347358371131122,-0.4511408458347419,True
GEV,prior,q99_pct,8.091797456145267,0.48219812195748046,9.325640810653544,True
GEV,prior,max_drawdown_pct,-24.570042056034314,-70.82048945093555,-1.2993932314906609,True
GEV,posterior,mean_pct,0.20909164780107403,-0.49066119829797117,0.5451813423479014,True
GEV,posterior,volatility_pct,3.2854623356563675,2.1513331370358215,2.8036544466452713,False
GEV,posterior,q01_pct,-7.491857893764972,-8.967397710867226,-4.491173339635134,True
GEV,posterior,q99_pct,8.091797456145267,4.27659060405567,8.255497444607302,True
GEV,posterior,max_drawdown_pct,-24.570042056034314,-75.81630304439066,-13.53280674752154,True
GILD,prior,mean_pct,0.1385879759652653,-0.42011757146774187,0.45522948165096727,True
GILD,prior,volatility_pct,1.6628463742274249,0.2123767568325391,3.757111591216392,True
GILD,prior,q01_pct,-3.069096300750971,-9.347358371131122,-0.4511408458347419,True
GILD,prior,q99_pct,4.2079767398536205,0.48219812195748046,9.325640810653544,True
GILD,prior,max_drawdown_pct,-21.5854317689237,-70.82048945093555,-1.2993932314906609,True
GILD,posterior,mean_pct,0.1385879759652653,-0.26912901353507834,0.39077292242145834,True
GILD,posterior,volatility_pct,1.6628463742274249,1.4278508958515357,2.390492597452347,True
GILD,posterior,q01_pct,-3.069096300750971,-7.291274668555706,-2.9877788577228785,True
GILD,posterior,q99_pct,4.2079767398536205,3.0897413074504563,7.018055077735319,True
GILD,posterior,max_drawdown_pct,-21.5854317689237,-56.357784906114446,-8.47631691512324,True
GIS,prior,mean_pct,-0.052748808025171456,-0.42011757146774187,0.45522948165096727,True
GIS,prior,volatility_pct,1.7650450387015608,0.2123767568325391,3.757111591216392,True
GIS,prior,q01_pct,-3.902767039835453,-9.347358371131122,-0.4511408458347419,True
GIS,prior,q99_pct,4.2008484527468655,0.48219812195748046,9.325640810653544,True
GIS,prior,max_drawdown_pct,-34.27877962181205,-70.82048945093555,-1.2993932314906609,True
GIS,posterior,mean_pct,-0.052748808025171456,-0.41515525589631963,0.3506427005385717,True
GIS,posterior,volatility_pct,1.7650450387015608,1.2892909111637139,2.3890686156068837,True
GIS,posterior,q01_pct,-3.902767039835453,-7.36296408418566,-2.8818745409604176,True
GIS,posterior,q99_pct,4.2008484527468655,2.7696220791433004,7.199363852292297,True
GIS,posterior,max_drawdown_pct,-34.27877962181205,-69.35773406416078,-10.286614149068264,True
GL,prior,mean_pct,0.09548202192490862,-0.42011757146774187,0.45522948165096727,True
GL,prior,volatility_pct,1.2658418358725703,0.2123767568325391,3.757111591216392,True
GL,prior,q01_pct,-3.5836341045796876,-9.347358371131122,-0.4511408458347419,True
GL,prior,q99_pct,2.9502129368484,0.48219812195748046,9.325640810653544,True
GL,prior,max_drawdown_pct,-10.86801672193597,-70.82048945093555,-1.2993932314906609,True
GL,posterior,mean_pct,0.09548202192490862,-0.19383154105346279,0.3773156121666971,True
GL,posterior,volatility_pct,1.2658418358725703,0.9882748414212192,1.9315816059003355,True
GL,posterior,q01_pct,-3.5836341045796876,-5.355023994203657,-1.9873789587058128,True
GL,posterior,q99_pct,2.9502129368484,2.2847718580160277,5.040516972821203,True
GL,posterior,max_drawdown_pct,-10.86801672193597,-43.520861006828135,-5.457326441419876,True
GLW,prior,mean_pct,0.416334634351756,-0.42011757146774187,0.45522948165096727,True
GLW,prior,volatility_pct,4.4051200157086505,0.2123767568325391,3.757111591216392,False
GLW,prior,q01_pct,-10.459812134504318,-9.347358371131122,-0.4511408458347419,False
GLW,prior,q99_pct,12.641763351857646,0.48219812195748046,9.325640810653544,False
GLW,prior,max_drawdown_pct,-51.48421777280029,-70.82048945093555,-1.2993932314906609,True
GLW,posterior,mean_pct,0.416334634351756,-0.2624791528604611,0.7065437225973523,True
GLW,posterior,volatility_pct,4.4051200157086505,2.0812143735569837,3.014650071829775,False
GLW,posterior,q01_pct,-10.459812134504318,-10.242055291682481,-4.300236093997957,False
GLW,posterior,q99_pct,12.641763351857646,4.618079133052377,10.238381745852527,False
GLW,posterior,max_drawdown_pct,-51.48421777280029,-62.49215546547097,-11.773005946784393,True
GM,prior,mean_pct,0.18510784463785512,-0.42011757146774187,0.45522948165096727,True
GM,prior,volatility_pct,2.1311524309279073,0.2123767568325391,3.757111591216392,True
GM,prior,q01_pct,-3.9500865526497364,-9.347358371131122,-0.4511408458347419,True
GM,prior,q99_pct,5.446225181221961,0.48219812195748046,9.325640810653544,True
GM,prior,max_drawdown_pct,-15.997447691387878,-70.82048945093555,-1.2993932314906609,True
GM,posterior,mean_pct,0.18510784463785512,-0.3990577629499086,0.40750700093376185,True
GM,posterior,volatility_pct,2.1311524309279073,1.6283249481731314,3.7707765056919684,True
GM,posterior,q01_pct,-3.9500865526497364,-9.524363875761628,-3.6352176530286666,True
GM,posterior,q99_pct,5.446225181221961,3.5106597919948377,9.57714041210707,True
GM,posterior,max_drawdown_pct,-15.997447691387878,-70.50018142512539,-12.531088323123479,True
GNRC,prior,mean_pct,0.058617020238216355,-0.42011757146774187,0.45522948165096727,True
GNRC,prior,volatility_pct,3.4253154738849863,0.2123767568325391,3.757111591216392,True
GNRC,prior,q01_pct,-8.358424790203571,-9.347358371131122,-0.4511408458347419,True
GNRC,prior,q99_pct,8.820575699210163,0.48219812195748046,9.325640810653544,True
GNRC,prior,max_drawdown_pct,-38.83738618918071,-70.82048945093555,-1.2993932314906609,True
GNRC,posterior,mean_pct,0.058617020238216355,-0.451514973770891,0.4820946684730263,True
GNRC,posterior,volatility_pct,3.4253154738849863,2.07689653553541,2.88277781374032,False
GNRC,posterior,q01_pct,-8.358424790203571,-8.252432083152234,-4.451189631223679,False
GNRC,posterior,q99_pct,8.820575699210163,4.319506743177771,8.402387818694095,False
GNRC,posterior,max_drawdown_pct,-38.83738618918071,-77.99786380722263,-13.958219401387574,True
GOOG,prior,mean_pct,0.19994919829073865,-0.42011757146774187,0.45522948165096727,True
GOOG,prior,volatility_pct,2.0170875424069563,0.2123767568325391,3.757111591216392,True
GOOG,prior,q01_pct,-4.2236447893083096,-9.347358371131122,-0.4511408458347419,True
GOOG,prior,q99_pct,6.552098803222172,0.48219812195748046,9.325640810653544,True
GOOG,prior,max_drawdown_pct,-20.750243712592287,-70.82048945093555,-1.2993932314906609,True
GOOG,posterior,mean_pct,0.19994919829073865,-0.4072208172126963,0.49275085034117416,True
GOOG,posterior,volatility_pct,2.0170875424069563,1.6203778851327009,3.0081740068311897,True
GOOG,posterior,q01_pct,-4.2236447893083096,-9.152526112645864,-3.3133537459187226,True
GOOG,posterior,q99_pct,6.552098803222172,3.548960837349291,8.863507027178978,True
GOOG,posterior,max_drawdown_pct,-20.750243712592287,-69.75601168187718,-10.259688179623016,True
GOOGL,prior,mean_pct,0.20556372660962552,-0.42011757146774187,0.45522948165096727,True
GOOGL,prior,volatility_pct,2.047134274973751,0.2123767568325391,3.757111591216392,True
GOOGL,prior,q01_pct,-4.2135352827608585,-9.347358371131122,-0.4511408458347419,True
GOOGL,prior,q99_pct,6.5030685067176766,0.48219812195748046,9.325640810653544,True
GOOGL,prior,max_drawdown_pct,-21.047201022362692,-70.82048945093555,-1.2993932314906609,True
GOOGL,posterior,mean_pct,0.20556372660962552,-0.320860017497024,0.3942165793108215,True
GOOGL,posterior,volatility_pct,2.047134274973751,1.6055500393841782,3.221080271466686,True
GOOGL,posterior,q01_pct,-4.2135352827608585,-9.037966068461538,-3.249037426477298,True
GOOGL,posterior,q99_pct,6.5030685067176766,3.424186777789144,9.8025986868888,True
GOOGL,posterior,max_drawdown_pct,-21.047201022362692,-63.78867645306506,-9.483470290003655,True
GPC,prior,mean_pct,0.03472875397392272,-0.42011757146774187,0.45522948165096727,True
GPC,prior,volatility_pct,2.0656531022690325,0.2123767568325391,3.757111591216392,True
GPC,prior,q01_pct,-3.895657267421484,-9.347358371131122,-0.4511408458347419,True
GPC,prior,q99_pct,3.940614238381385,0.48219812195748046,9.325640810653544,True
GPC,prior,max_drawdown_pct,-37.48021520612465,-70.82048945093555,-1.2993932314906609,True
GPC,posterior,mean_pct,0.03472875397392272,-0.3810008264790543,0.3079856062200007,True
GPC,posterior,volatility_pct,2.0656531022690325,1.4868786605080464,2.8612635250033494,True
GPC,posterior,q01_pct,-3.895657267421484,-7.788283284194767,-3.25765765705146,True
GPC,posterior,q99_pct,3.940614238381385,3.1820008726324853,7.459536962583658,True
GPC,posterior,max_drawdown_pct,-37.48021520612465,-68.72701400643912,-10.285470474962997,True
GPN,prior,mean_pct,0.05500632235566627,-0.42011757146774187,0.45522948165096727,True
GPN,prior,volatility_pct,2.5209868686329133,0.2123767568325391,3.757111591216392,True
GPN,prior,q01_pct,-6.234461832791567,-9.347358371131122,-0.4511408458347419,True
GPN,prior,q99_pct,6.105541046708816,0.48219812195748046,9.325640810653544,True
GPN,prior,max_drawdown_pct,-29.015110034981472,-70.82048945093555,-1.2993932314906609,True
GPN,posterior,mean_pct,0.05500632235566627,-0.4470710658862487,0.44677736880507235,True
GPN,posterior,volatility_pct,2.5209868686329133,1.9098380472191194,2.9347684415353394,True
GPN,posterior,q01_pct,-6.234461832791567,-9.253126763179898,-4.047454247251154,True
GPN,posterior,q99_pct,6.105541046708816,3.957613299321381,9.362566516362115,True
GPN,posterior,max_drawdown_pct,-29.015110034981472,-73.309114713776,-12.83878923032896,True
GRMN,prior,mean_pct,0.08307301363288389,-0.42011757146774187,0.45522948165096727,True
GRMN,prior,volatility_pct,2.1370532723626994,0.2123767568325391,3.757111591216392,True
GRMN,prior,q01_pct,-4.008917100727558,-9.347358371131122,-0.4511408458347419,True
GRMN,prior,q99_pct,5.177033580839624,0.48219812195748046,9.325640810653544,True
GRMN,prior,max_drawdown_pct,-27.97473785064336,-70.82048945093555,-1.2993932314906609,True
GRMN,posterior,mean_pct,0.08307301363288389,-0.42895630110348854,0.3834094397007949,True
GRMN,posterior,volatility_pct,2.1370532723626994,1.502510603282552,4.677531591340302,True
GRMN,posterior,q01_pct,-4.008917100727558,-10.06003385707736,-3.1600303193088632,True
GRMN,posterior,q99_pct,5.177033580839624,3.1430033816955976,10.04314341265704,True
GRMN,posterior,max_drawdown_pct,-27.97473785064336,-76.23052563276899,-10.369128438952293,True
GS,prior,mean_pct,0.15592695031045878,-0.42011757146774187,0.45522948165096727,True
GS,prior,volatility_pct,1.986454153225916,0.2123767568325391,3.757111591216392,True
GS,prior,q01_pct,-4.92371816188097,-9.347358371131122,-0.4511408458347419,True
GS,prior,q99_pct,4.877761378884314,0.48219812195748046,9.325640810653544,True
GS,prior,max_drawdown_pct,-19.4221943412889,-70.82048945093555,-1.2993932314906609,True
GS,posterior,mean_pct,0.15592695031045878,-0.29756546279915597,0.5013716064576953,True
GS,posterior,volatility_pct,1.986454153225916,1.6480241251356744,2.995296771051128,True
GS,posterior,q01_pct,-4.92371816188097,-9.301350664533675,-3.468792251776904,True
GS,posterior,q99_pct,4.877761378884314,3.6700942475348692,8.567584540322391,True
GS,posterior,max_drawdown_pct,-19.4221943412889,-63.6586465390712,-10.789602414408616,True
GWW,prior,mean_pct,0.1183446950520306,-0.42011757146774187,0.45522948165096727,True
GWW,prior,volatility_pct,1.4803022019728627,0.2123767568325391,3.757111591216392,True
GWW,prior,q01_pct,-3.2867404446005817,-9.347358371131122,-0.4511408458347419,True
GWW,prior,q99_pct,3.980446998029944,0.48219812195748046,9.325640810653544,True
GWW,prior,max_drawdown_pct,-13.349190793484645,-70.82048945093555,-1.2993932314906609,True
GWW,posterior,mean_pct,0.1183446950520306,-0.24082668932642548,0.41686048074458965,True
GWW,posterior,volatility_pct,1.4803022019728627,1.1848556228845404,2.709741162439102,True
GWW,posterior,q01_pct,-3.2867404446005817,-8.073022871650755,-2.5333765641320496,True
GWW,posterior,q99_pct,3.980446998029944,2.581623822217806,8.07950395774095,True
GWW,posterior,max_drawdown_pct,-13.349190793484645,-54.03852721065627,-6.978212426849671,True
HAL,prior,mean_pct,0.22919460482171417,-0.42011757146774187,0.45522948165096727,True
HAL,prior,volatility_pct,2.271455969403347,0.2123767568325391,3.757111591216392,True
HAL,prior,q01_pct,-4.588921330869198,-9.347358371131122,-0.4511408458347419,True
HAL,prior,q99_pct,6.544459816068395,0.48219812195748046,9.325640810653544,True
HAL,prior,max_drawdown_pct,-27.122634968759517,-70.82048945093555,-1.2993932314906609,True
HAL,posterior,mean_pct,0.22919460482171417,-0.3333141801073003,0.5343500020682262,True
HAL,posterior,volatility_pct,2.271455969403347,1.8616682303863816,3.0564519472616163,True
HAL,posterior,q01_pct,-4.588921330869198,-7.986949553154409,-3.675408280733973,True
HAL,posterior,q99_pct,6.544459816068395,3.9269888701848683,8.314460023678825,True
HAL,posterior,max_drawdown_pct,-27.122634968759517,-65.27878979562063,-9.680576161293612,True
HAS,prior,mean_pct,0.0796873382398644,-0.42011757146774187,0.45522948165096727,True
HAS,prior,volatility_pct,1.9158419532569173,0.2123767568325391,3.757111591216392,True
HAS,prior,q01_pct,-4.513143096119165,-9.347358371131122,-0.4511408458347419,True
HAS,prior,q99_pct,6.442997716367242,0.48219812195748046,9.325640810653544,True
HAS,prior,max_drawdown_pct,-27.309232566658537,-70.82048945093555,-1.2993932314906609,True
HAS,posterior,mean_pct,0.0796873382398644,-0.4631584460236722,0.40930028627985104,True
HAS,posterior,volatility_pct,1.9158419532569173,1.4611128557386779,3.0921820545297822,True
HAS,posterior,q01_pct,-4.513143096119165,-8.6551088090986,-3.138774363184348,True
HAS,posterior,q99_pct,6.442997716367242,3.1226252240594423,9.49834779631345,True
HAS,posterior,max_drawdown_pct,-27.309232566658537,-72.80941791569117,-11.27855048115673,True
HBAN,prior,mean_pct,0.010764284377273725,-0.42011757146774187,0.45522948165096727,True
HBAN,prior,volatility_pct,1.651200670845441,0.2123767568325391,3.757111591216392,True
HBAN,prior,q01_pct,-4.9427612870931625,-9.347358371131122,-0.4511408458347419,True
HBAN,prior,q99_pct,3.70536146685481,0.48219812195748046,9.325640810653544,True
HBAN,prior,max_drawdown_pct,-21.262001098369442,-70.82048945093555,-1.2993932314906609,True
HBAN,posterior,mean_pct,0.010764284377273725,-0.2880191834326382,0.4152827366256894,True
HBAN,posterior,volatility_pct,1.651200670845441,1.3777077361709789,2.480848360468727,True
HBAN,posterior,q01_pct,-4.9427612870931625,-7.290163337625563,-2.840553361549974,True
HBAN,posterior,q99_pct,3.70536146685481,3.0147674889769354,7.705110152065739,True
HBAN,posterior,max_drawdown_pct,-21.262001098369442,-60.12981367118781,-10.008900744463606,True
HCA,prior,mean_pct,0.018903253686630705,-0.42011757146774187,0.45522948165096727,True
HCA,prior,volatility_pct,1.923848295965469,0.2123767568325391,3.757111591216392,True
HCA,prior,q01_pct,-4.427167847752571,-9.347358371131122,-0.4511408458347419,True
HCA,prior,q99_pct,5.739851631224153,0.48219812195748046,9.325640810653544,True
HCA,prior,max_drawdown_pct,-33.619969458388,-70.82048945093555,-1.2993932314906609,True
HCA,posterior,mean_pct,0.018903253686630705,-0.3512059050150427,0.43275540449356326,True
HCA,posterior,volatility_pct,1.923848295965469,1.5070143875163615,3.116777382728107,True
HCA,posterior,q01_pct,-4.427167847752571,-9.636005709320306,-3.1246520248241723,True
HCA,posterior,q99_pct,5.739851631224153,3.266387137537817,8.785222494974711,True
HCA,posterior,max_drawdown_pct,-33.619969458388,-63.71152489766047,-9.63717904271008,True
HD,prior,mean_pct,-0.06753200379989721,-0.42011757146774187,0.45522948165096727,True
HD,prior,volatility_pct,1.5805656526731038,0.2123767568325391,3.757111591216392,True
HD,prior,q01_pct,-3.0941745080053806,-9.347358371131122,-0.4511408458347419,True
HD,prior,q99_pct,4.243989568203686,0.48219812195748046,9.325640810653544,True
HD,prior,max_drawdown_pct,-28.809189847260097,-70.82048945093555,-1.2993932314906609,True
HD,posterior,mean_pct,-0.06753200379989721,-0.41481515615531706,0.28464111445606116,True
HD,posterior,volatility_pct,1.5805656526731038,1.2889549740732582,2.224401115113328,True
HD,posterior,q01_pct,-3.0941745080053806,-6.784905084408819,-2.7903737181797625,True
HD,posterior,q99_pct,4.243989568203686,2.7695430798456067,6.403465122636394,True
HD,posterior,max_drawdown_pct,-28.809189847260097,-67.83530922680806,-10.982571324576556,True
HIG,prior,mean_pct,0.03361234199132923,-0.42011757146774187,0.45522948165096727,True
HIG,prior,volatility_pct,1.2167268384141334,0.2123767568325391,3.757111591216392,True
HIG,prior,q01_pct,-3.0406987760215998,-9.347358371131122,-0.4511408458347419,True
HIG,prior,q99_pct,2.955237925052643,0.48219812195748046,9.325640810653544,True
HIG,prior,max_drawdown_pct,-11.461977853973249,-70.82048945093555,-1.2993932314906609,True
HIG,posterior,mean_pct,0.03361234199132923,-0.286307673812928,0.2823940280953961,True
HIG,posterior,volatility_pct,1.2167268384141334,1.021868117536145,1.7438385356377903,True
HIG,posterior,q01_pct,-3.0406987760215998,-4.8793306321837004,-2.124907524138689,True
HIG,posterior,q99_pct,2.955237925052643,2.165469817863777,5.115626631490871,True
HIG,posterior,max_drawdown_pct,-11.461977853973249,-55.518688785541,-6.940851451024206,True
HII,prior,mean_pct,0.051492904555061614,-0.42011757146774187,0.45522948165096727,True
HII,prior,volatility_pct,2.388707701890988,0.2123767568325391,3.757111591216392,True
HII,prior,q01_pct,-5.353812947869301,-9.347358371131122,-0.4511408458347419,True
HII,prior,q99_pct,6.511565335094921,0.48219812195748046,9.325640810653544,True
HII,prior,max_drawdown_pct,-40.510701799059056,-70.82048945093555,-1.2993932314906609,True
HII,posterior,mean_pct,0.051492904555061614,-0.4986289867202558,0.40013676056792574,True
HII,posterior,volatility_pct,2.388707701890988,1.8150936701801454,3.1746728576211556,True
HII,posterior,q01_pct,-5.353812947869301,-9.34115847274661,-3.727086377795786,True
HII,posterior,q99_pct,6.511565335094921,3.8070209868252247,9.29833880942313,True
HII,posterior,max_drawdown_pct,-40.510701799059056,-75.84631233842121,-11.676540141438217,True
HLT,prior,mean_pct,0.05838940779767654,-0.42011757146774187,0.45522948165096727,True
HLT,prior,volatility_pct,1.485782438870621,0.2123767568325391,3.757111591216392,True
HLT,prior,q01_pct,-2.903467109426856,-9.347358371131122,-0.4511408458347419,True
HLT,prior,q99_pct,3.9406441524624816,0.48219812195748046,9.325640810653544,True
HLT,prior,max_drawdown_pct,-11.198674791247576,-70.82048945093555,-1.2993932314906609,True
HLT,posterior,mean_pct,0.05838940779767654,-0.2816173017671537,0.30231614756736036,True
HLT,posterior,volatility_pct,1.485782438870621,1.2213606695691233,2.520825297900861,True
HLT,posterior,q01_pct,-2.903467109426856,-6.722300852835178,-2.5247681786771867,True
HLT,posterior,q99_pct,3.9406441524624816,2.6873232972342485,6.981710094679132,True
HLT,posterior,max_drawdown_pct,-11.198674791247576,-56.35165642675503,-7.743967112020694,True
HON,prior,mean_pct,0.005084573808744608,-0.42011757146774187,0.45522948165096727,True
HON,prior,volatility_pct,1.6940291559112024,0.2123767568325391,3.757111591216392,True
HON,prior,q01_pct,-4.793831091374159,-9.347358371131122,-0.4511408458347419,True
HON,prior,q99_pct,5.256018973886958,0.48219812195748046,9.325640810653544,True
HON,prior,max_drawdown_pct,-20.10950511661338,-70.82048945093555,-1.2993932314906609,True
HON,posterior,mean_pct,0.005084573808744608,-0.3457199200310228,0.37013984066077593,True
HON,posterior,volatility_pct,1.6940291559112024,1.3448779299715274,3.0771634550065974,True
HON,posterior,q01_pct,-4.793831091374159,-8.797574075497687,-3.1891255433671177,True
HON,posterior,q99_pct,5.256018973886958,2.9208027606829976,7.403833487816136,True
HON,posterior,max_drawdown_pct,-20.10950511661338,-64.7693609049446,-9.62671741672371,True
HOOD,prior,mean_pct,0.1683267617607953,-0.42011757146774187,0.45522948165096727,True
HOOD,prior,volatility_pct,4.606629689060205,0.2123767568325391,3.757111591216392,False
HOOD,prior,q01_pct,-9.967805445194244,-9.347358371131122,-0.4511408458347419,False
HOOD,prior,q99_pct,13.813956975936886,0.48219812195748046,9.325640810653544,False
HOOD,prior,max_drawdown_pct,-57.26091994525251,-70.82048945093555,-1.2993932314906609,True
HOOD,posterior,mean_pct,0.1683267617607953,-0.48458867285704343,0.499682006228937,True
HOOD,posterior,volatility_pct,4.606629689060205,2.19403062635006,2.885779293678415,False
HOOD,posterior,q01_pct,-9.967805445194244,-8.446601959690451,-4.347964632697404,False
HOOD,posterior,q99_pct,13.813956975936886,4.32496132897213,8.807271827384817,False
HOOD,posterior,max_drawdown_pct,-57.26091994525251,-75.12805640059159,-12.443434241046356,True
HPE,prior,mean_pct,0.3788638361697849,-0.42011757146774187,0.45522948165096727,True
HPE,prior,volatility_pct,3.3364232260971183,0.2123767568325391,3.757111591216392,True
HPE,prior,q01_pct,-7.026004679501057,-9.347358371131122,-0.4511408458347419,True
HPE,prior,q99_pct,10.248918794095509,0.48219812195748046,9.325640810653544,False
HPE,prior,max_drawdown_pct,-26.35685602770641,-70.82048945093555,-1.2993932314906609,True
HPE,posterior,mean_pct,0.3788638361697849,-0.32165407816068825,0.6809369116239132,True
HPE,posterior,volatility_pct,3.3364232260971183,2.098304277611407,2.9222520637052383,False
HPE,posterior,q01_pct,-7.026004679501057,-9.82557176798582,-4.379311787057669,True
HPE,posterior,q99_pct,10.248918794095509,4.3819980210624605,9.245958436653005,False
HPE,posterior,max_drawdown_pct,-26.35685602770641,-65.36103169414626,-12.057759423109601,True
HPQ,prior,mean_pct,0.11107425492582479,-0.42011757146774187,0.45522948165096727,True
HPQ,prior,volatility_pct,2.729877503049082,0.2123767568325391,3.757111591216392,True
HPQ,prior,q01_pct,-5.350935906171799,-9.347358371131122,-0.4511408458347419,True
HPQ,prior,q99_pct,8.080837875604628,0.48219812195748046,9.325640810653544,True
HPQ,prior,max_drawdown_pct,-36.62053087206745,-70.82048945093555,-1.2993932314906609,True
HPQ,posterior,mean_pct,0.11107425492582479,-0.4458544904352735,0.45165511346061327,True
HPQ,posterior,volatility_pct,2.729877503049082,2.0492613873961636,3.097578345609478,True
HPQ,posterior,q01_pct,-5.350935906171799,-8.658588743954896,-4.246521921828389,True
HPQ,posterior,q99_pct,8.080837875604628,4.346087402570991,8.825314887985574,True
HPQ,posterior,max_drawdown_pct,-36.62053087206745,-74.52301871067723,-13.019497157759936,True
HRL,prior,mean_pct,-0.024835415888446732,-0.42011757146774187,0.45522948165096727,True
HRL,prior,volatility_pct,1.8355723373898434,0.2123767568325391,3.757111591216392,True
HRL,prior,q01_pct,-4.276075381785631,-9.347358371131122,-0.4511408458347419,True
HRL,prior,q99_pct,3.999310825020071,0.48219812195748046,9.325640810653544,True
HRL,prior,max_drawdown_pct,-22.39890933684039,-70.82048945093555,-1.2993932314906609,True
HRL,posterior,mean_pct,-0.024835415888446732,-0.36216887408454745,0.32835423209878195,True
HRL,posterior,volatility_pct,1.8355723373898434,1.3530577428843615,2.975138566978325,True
HRL,posterior,q01_pct,-4.276075381785631,-7.9620928671210995,-2.8991317510139205,True
HRL,posterior,q99_pct,3.999310825020071,2.8452163144014744,8.336357050016506,True
HRL,posterior,max_drawdown_pct,-22.39890933684039,-65.12283629336243,-9.381719304027229,True
HSIC,prior,mean_pct,0.11585808456970881,-0.42011757146774187,0.45522948165096727,True
HSIC,prior,volatility_pct,1.625640281597545,0.2123767568325391,3.757111591216392,True
HSIC,prior,q01_pct,-3.155475025996566,-9.347358371131122,-0.4511408458347419,True
HSIC,prior,q99_pct,3.5659030079841605,0.48219812195748046,9.325640810653544,True
HSIC,prior,max_drawdown_pct,-17.228555530154587,-70.82048945093555,-1.2993932314906609,True
HSIC,posterior,mean_pct,0.11585808456970881,-0.2938008849665039,0.38809996591727014,True
HSIC,posterior,volatility_pct,1.625640281597545,1.276639683507977,2.0758244210935817,True
HSIC,posterior,q01_pct,-3.155475025996566,-6.306214906461537,-2.7670974567066877,True
HSIC,posterior,q99_pct,3.5659030079841605,2.6036913589574384,6.540176412928843,True
HSIC,posterior,max_drawdown_pct,-17.228555530154587,-58.788790235500414,-7.816263354182312,True
HST,prior,mean_pct,0.13793265347885608,-0.42011757146774187,0.45522948165096727,True
HST,prior,volatility_pct,1.5502988783828462,0.2123767568325391,3.757111591216392,True
HST,prior,q01_pct,-3.299382831901312,-9.347358371131122,-0.4511408458347419,True
HST,prior,q99_pct,3.2541041262447834,0.48219812195748046,9.325640810653544,True
HST,prior,max_drawdown_pct,-15.270170198655286,-70.82048945093555,-1.2993932314906609,True
HST,posterior,mean_pct,0.13793265347885608,-0.23928232044315934,0.3780275099720213,True
HST,posterior,volatility_pct,1.5502988783828462,1.2527918527292854,2.204252961034472,True
HST,posterior,q01_pct,-3.299382831901312,-6.579783902689814,-2.631043641129509,True
HST,posterior,q99_pct,3.2541041262447834,2.7465163533110166,6.288933940976853,True
HST,posterior,max_drawdown_pct,-15.270170198655286,-48.70905683531296,-7.082711954989132,True
HSY,prior,mean_pct,0.011159354619394435,-0.42011757146774187,0.45522948165096727,True
HSY,prior,volatility_pct,1.7211144798761493,0.2123767568325391,3.757111591216392,True
HSY,prior,q01_pct,-3.993211388587951,-9.347358371131122,-0.4511408458347419,True
HSY,prior,q99_pct,3.8415086455643093,0.48219812195748046,9.325640810653544,True
HSY,prior,max_drawdown_pct,-27.38317609176083,-70.82048945093555,-1.2993932314906609,True
HSY,posterior,mean_pct,0.011159354619394435,-0.31690108762313685,0.377738562714767,True
HSY,posterior,volatility_pct,1.7211144798761493,1.4387179745305845,2.433505793371824,True
HSY,posterior,q01_pct,-3.993211388587951,-6.312232202291488,-3.0705299205146734,True
HSY,posterior,q99_pct,3.8415086455643093,3.0443654577247794,6.941704848967483,True
HSY,posterior,max_drawdown_pct,-27.38317609176083,-59.15498181874733,-9.833709768716892,True
HUBB,prior,mean_pct,0.03873096075821536,-0.42011757146774187,0.45522948165096727,True
HUBB,prior,volatility_pct,1.998605087308871,0.2123767568325391,3.757111591216392,True
HUBB,prior,q01_pct,-5.480770748108625,-9.347358371131122,-0.4511408458347419,True
HUBB,prior,q99_pct,4.557965435087674,0.48219812195748046,9.325640810653544,True
HUBB,prior,max_drawdown_pct,-20.046588331230943,-70.82048945093555,-1.2993932314906609,True
HUBB,posterior,mean_pct,0.03873096075821536,-0.3643868185796624,0.4223817062722188,True
HUBB,posterior,volatility_pct,1.998605087308871,1.7418046136742518,2.7432758066519933,True
HUBB,posterior,q01_pct,-5.480770748108625,-8.424573286809027,-3.622159961331636,True
HUBB,posterior,q99_pct,4.557965435087674,3.660201722942288,7.914411565475147,True
HUBB,posterior,max_drawdown_pct,-20.046588331230943,-66.24370618870854,-11.867540497231888,True
HUM,prior,mean_pct,0.16982426497520464,-0.42011757146774187,0.45522948165096727,True
HUM,prior,volatility_pct,3.0452375510870917,0.2123767568325391,3.757111591216392,True
HUM,prior,q01_pct,-6.33169101551175,-9.347358371131122,-0.4511408458347419,True
HUM,prior,q99_pct,7.801788933575151,0.48219812195748046,9.325640810653544,True
HUM,prior,max_drawdown_pct,-47.17824489408977,-70.82048945093555,-1.2993932314906609,True
HUM,posterior,mean_pct,0.16982426497520464,-0.37103404763009706,0.6099900325705788,True
HUM,posterior,volatility_pct,3.0452375510870917,2.0168181470943223,3.1708384645992584,True
HUM,posterior,q01_pct,-6.33169101551175,-10.0431618347764,-3.9862643444910657,True
HUM,posterior,q99_pct,7.801788933575151,4.274032655172048,10.088425115682153,True
HUM,posterior,max_drawdown_pct,-47.17824489408977,-68.59398624023912,-11.060007617079522,True
HWM,prior,mean_pct,0.17221328884033937,-0.42011757146774187,0.45522948165096727,True
HWM,prior,volatility_pct,2.024163677464145,0.2123767568325391,3.757111591216392,True
HWM,prior,q01_pct,-4.496365785598755,-9.347358371131122,-0.4511408458347419,True
HWM,prior,q99_pct,6.046553868800402,0.48219812195748046,9.325640810653544,True
HWM,prior,max_drawdown_pct,-16.299332580708402,-70.82048945093555,-1.2993932314906609,True
HWM,posterior,mean_pct,0.17221328884033937,-0.38711917399808726,0.45889491514442615,True
HWM,posterior,volatility_pct,2.024163677464145,1.6448574925272528,2.8974285138312466,True
HWM,posterior,q01_pct,-4.496365785598755,-7.607534435205161,-3.432218113634735,True
HWM,posterior,q99_pct,6.046553868800402,3.4993983347900155,9.104896456189435,True
HWM,posterior,max_drawdown_pct,-16.299332580708402,-69.81745680414022,-10.926885810114321,True
IBKR,prior,mean_pct,0.1853490645544298,-0.42011757146774187,0.45522948165096727,True
IBKR,prior,volatility_pct,2.504352916066401,0.2123767568325391,3.757111591216392,True
IBKR,prior,q01_pct,-5.842455010861158,-9.347358371131122,-0.4511408458347419,True
IBKR,prior,q99_pct,6.296522244811055,0.48219812195748046,9.325640810653544,True
IBKR,prior,max_drawdown_pct,-18.696242769931615,-70.82048945093555,-1.2993932314906609,True
IBKR,posterior,mean_pct,0.1853490645544298,-0.5211410418819913,0.5138567700587583,True
IBKR,posterior,volatility_pct,2.504352916066401,1.9821952212581522,2.863722244567546,True
IBKR,posterior,q01_pct,-5.842455010861158,-8.39968893956393,-4.102515749633311,True
IBKR,posterior,q99_pct,6.296522244811055,4.217280254513022,8.415604531392427,True
IBKR,posterior,max_drawdown_pct,-18.696242769931615,-76.92020685569332,-14.054473246548344,True
IBM,prior,mean_pct,0.040617586762436986,-0.42011757146774187,0.45522948165096727,True
IBM,prior,volatility_pct,3.0301397131032397,0.2123767568325391,3.757111591216392,True
IBM,prior,q01_pct,-7.6553090289235115,-9.347358371131122,-0.4511408458347419,True
IBM,prior,q99_pct,7.723957225680348,0.48219812195748046,9.325640810653544,True
IBM,prior,max_drawdown_pct,-37.49961978715221,-70.82048945093555,-1.2993932314906609,True
IBM,posterior,mean_pct,0.040617586762436986,-0.3542346760522781,0.6032233657033146,True
IBM,posterior,volatility_pct,3.0301397131032397,1.9637268334039968,3.056537512952563,True
IBM,posterior,q01_pct,-7.6553090289235115,-10.021782117616384,-4.021103890147061,True
IBM,posterior,q99_pct,7.723957225680348,4.308856384456154,9.183340912684786,True
IBM,posterior,max_drawdown_pct,-37.49961978715221,-64.19836990648473,-11.257886526690703,True
ICE,prior,mean_pct,-0.019454466684010185,-0.42011757146774187,0.45522948165096727,True
ICE,prior,volatility_pct,1.5637317224639988,0.2123767568325391,3.757111591216392,True
ICE,prior,q01_pct,-4.4701337814331055,-9.347358371131122,-0.4511408458347419,True
ICE,prior,q99_pct,3.6226919293403594,0.48219812195748046,9.325640810653544,True
ICE,prior,max_drawdown_pct,-29.727269231796484,-70.82048945093555,-1.2993932314906609,True
ICE,posterior,mean_pct,-0.019454466684010185,-0.3018480577887992,0.31572442362767994,True
ICE,posterior,volatility_pct,1.5637317224639988,1.2636456869774961,2.55187158629374,True
ICE,posterior,q01_pct,-4.4701337814331055,-8.076188484951853,-2.5151564840227367,True
ICE,posterior,q99_pct,3.6226919293403594,2.7279047506395724,6.85331527721135,True
ICE,posterior,max_drawdown_pct,-29.727269231796484,-57.4997827235362,-8.321701981198851,True
IDXX,prior,mean_pct,-0.054106516097363055,-0.42011757146774187,0.45522948165096727,True
IDXX,prior,volatility_pct,2.0128868409333287,0.2123767568325391,3.757111591216392,True
IDXX,prior,q01_pct,-4.770099055022001,-9.347358371131122,-0.4511408458347419,True
IDXX,prior,q99_pct,4.091530237346886,0.48219812195748046,9.325640810653544,True
IDXX,prior,max_drawdown_pct,-31.335106516763556,-70.82048945093555,-1.2993932314906609,True
IDXX,posterior,mean_pct,-0.054106516097363055,-0.44827132134437875,0.33279595263488193,True
IDXX,posterior,volatility_pct,2.0128868409333287,1.5581006269505766,3.682919934637212,True
IDXX,posterior,q01_pct,-4.770099055022001,-9.003127435967325,-3.5194331075996157,True
IDXX,posterior,q99_pct,4.091530237346886,3.2325164832174775,9.013337869755905,True
IDXX,posterior,max_drawdown_pct,-31.335106516763556,-73.07814886479657,-12.64825262900582,True
IEX,prior,mean_pct,0.13417060720826157,-0.42011757146774187,0.45522948165096727,True
IEX,prior,volatility_pct,1.4132952237614826,0.2123767568325391,3.757111591216392,True
IEX,prior,q01_pct,-2.8178613632917404,-9.347358371131122,-0.4511408458347419,True
IEX,prior,q99_pct,4.236851036548605,0.48219812195748046,9.325640810653544,True
IEX,prior,max_drawdown_pct,-14.488766234601902,-70.82048945093555,-1.2993932314906609,True
IEX,posterior,mean_pct,0.13417060720826157,-0.2772627823460585,0.3521879009511282,True
IEX,posterior,volatility_pct,1.4132952237614826,1.1946326629884234,2.0641011686404283,True
IEX,posterior,q01_pct,-2.8178613632917404,-6.27713089743629,-2.35017506624572,True
IEX,posterior,q99_pct,4.236851036548605,2.639069968042893,6.052973719313734,True
IEX,posterior,max_drawdown_pct,-14.488766234601902,-53.6316620698616,-6.871707066862928,True
IFF,prior,mean_pct,0.1321943719403862,-0.42011757146774187,0.45522948165096727,True
IFF,prior,volatility_pct,2.2386475301805735,0.2123767568325391,3.757111591216392,True
IFF,prior,q01_pct,-4.291026331484318,-9.347358371131122,-0.4511408458347419,True
IFF,prior,q99_pct,5.703994464129206,0.48219812195748046,9.325640810653544,True
IFF,prior,max_drawdown_pct,-19.260909325426223,-70.82048945093555,-1.2993932314906609,True
IFF,posterior,mean_pct,0.1321943719403862,-0.36382292868989197,0.4799713517504711,True
IFF,posterior,volatility_pct,2.2386475301805735,1.7248331201841491,3.243944393817002,True
IFF,posterior,q01_pct,-4.291026331484318,-8.600833763368428,-3.713262474257499,True
IFF,posterior,q99_pct,5.703994464129206,3.5239711156580524,9.128211894258829,True
IFF,posterior,max_drawdown_pct,-19.260909325426223,-66.87408521636327,-12.336961061579402,True
INCY,prior,mean_pct,0.18354151634696336,-0.42011757146774187,0.45522948165096727,True
INCY,prior,volatility_pct,2.0759850332595957,0.2123767568325391,3.757111591216392,True
INCY,prior,q01_pct,-4.867638517171144,-9.347358371131122,-0.4511408458347419,True
INCY,prior,q99_pct,5.981744676828379,0.48219812195748046,9.325640810653544,True
INCY,prior,max_drawdown_pct,-18.332275331171598,-70.82048945093555,-1.2993932314906609,True
INCY,posterior,mean_pct,0.18354151634696336,-0.34581066251326575,0.4954657423416594,True
INCY,posterior,volatility_pct,2.0759850332595957,1.6556048991235246,3.2416021492002356,True
INCY,posterior,q01_pct,-4.867638517171144,-8.936526766233145,-3.5514244978316127,True
INCY,posterior,q99_pct,5.981744676828379,3.5551572492346115,9.231647970341127,True
INCY,posterior,max_drawdown_pct,-18.332275331171598,-68.0837034716206,-10.8152615195006,True
INTC,prior,mean_pct,0.6449312815902886,-0.42011757146774187,0.45522948165096727,False
INTC,prior,volatility_pct,4.9310841820362,0.2123767568325391,3.757111591216392,False
INTC,prior,q01_pct,-9.316076189279556,-9.347358371131122,-0.4511408458347419,True
INTC,prior,q99_pct,13.38404521346091,0.48219812195748046,9.325640810653544,False
INTC,prior,max_drawdown_pct,-41.904359431412516,-70.82048945093555,-1.2993932314906609,True
INTC,posterior,mean_pct,0.6449312815902886,-0.4449024122147023,0.5025689086423916,False
INTC,posterior,volatility_pct,4.9310841820362,1.8914508615870025,2.9872077393210694,False
INTC,posterior,q01_pct,-9.316076189279556,-9.503460939228534,-3.977193603944034,True
INTC,posterior,q99_pct,13.38404521346091,4.476469529978928,10.034611381031558,False
INTC,posterior,max_drawdown_pct,-41.904359431412516,-74.09630305046618,-11.984999140110494,True
INTU,prior,mean_pct,-0.22065460972271467,-0.42011757146774187,0.45522948165096727,True
INTU,prior,volatility_pct,3.026151701716609,0.2123767568325391,3.757111591216392,True
INTU,prior,q01_pct,-7.792659550905228,-9.347358371131122,-0.4511408458347419,True
INTU,prior,q99_pct,6.348552741110323,0.48219812195748046,9.325640810653544,True
INTU,prior,max_drawdown_pct,-63.423787883527424,-70.82048945093555,-1.2993932314906609,True
INTU,posterior,mean_pct,-0.22065460972271467,-0.584706182739211,0.37644604652578545,True
INTU,posterior,volatility_pct,3.026151701716609,2.150787838062762,3.0183796738759456,False
INTU,posterior,q01_pct,-7.792659550905228,-8.908066399767995,-4.507966415397823,True
INTU,posterior,q99_pct,6.348552741110323,4.574055995140222,8.996439145319153,True
INTU,posterior,max_drawdown_pct,-63.423787883527424,-82.4693212598119,-15.586787065245776,True
INVH,prior,mean_pct,-0.007955863111419603,-0.42011757146774187,0.45522948165096727,True
INVH,prior,volatility_pct,1.3220653655335435,0.2123767568325391,3.757111591216392,True
INVH,prior,q01_pct,-2.785389358177781,-9.347358371131122,-0.4511408458347419,True
INVH,prior,q99_pct,3.1186039187014054,0.48219812195748046,9.325640810653544,True
INVH,prior,max_drawdown_pct,-20.39666174164074,-70.82048945093555,-1.2993932314906609,True
INVH,posterior,mean_pct,-0.007955863111419603,-0.32173482619397165,0.28473168182939884,True
INVH,posterior,volatility_pct,1.3220653655335435,1.0873675269661416,1.8170873304502893,True
INVH,posterior,q01_pct,-2.785389358177781,-5.175917724240571,-2.296276163030416,True
INVH,posterior,q99_pct,3.1186039187014054,2.3221107520628705,5.70069078458472,True
INVH,posterior,max_drawdown_pct,-20.39666174164074,-58.27330798932161,-8.172962176704244,True
IP,prior,mean_pct,-0.050758077611590124,-0.42011757146774187,0.45522948165096727,True
IP,prior,volatility_pct,2.7278747240481938,0.2123767568325391,3.757111591216392,True
IP,prior,q01_pct,-7.162761762738228,-9.347358371131122,-0.4511408458347419,True
IP,prior,q99_pct,6.79971195757388,0.48219812195748046,9.325640810653544,True
IP,prior,max_drawdown_pct,-39.67651717343269,-70.82048945093555,-1.2993932314906609,True
IP,posterior,mean_pct,-0.050758077611590124,-0.5723897361933368,0.367287424737327,True
IP,posterior,volatility_pct,2.7278747240481938,1.972620991062405,2.997575946319413,True
IP,posterior,q01_pct,-7.162761762738228,-9.807392345368863,-4.2238856594078245,True
IP,posterior,q99_pct,6.79971195757388,3.9890255916863637,9.288439505733521,True
IP,posterior,max_drawdown_pct,-39.67651717343269,-80.03228447303708,-14.075864359454574,True
IQV,prior,mean_pct,0.17002283843368104,-0.42011757146774187,0.45522948165096727,True
IQV,prior,volatility_pct,2.5907258966732716,0.2123767568325391,3.757111591216392,True
IQV,prior,q01_pct,-6.649235077202318,-9.347358371131122,-0.4511408458347419,True
IQV,prior,q99_pct,8.808036781847466,0.48219812195748046,9.325640810653544,True
IQV,prior,max_drawdown_pct,-35.87129702171061,-70.82048945093555,-1.2993932314906609,True
IQV,posterior,mean_pct,0.17002283843368104,-0.391234179964826,0.47614912793106773,True
IQV,posterior,volatility_pct,2.5907258966732716,1.8433898008018963,3.0734197193629202,True
IQV,posterior,q01_pct,-6.649235077202318,-9.389054270274936,-4.042560420371592,True
IQV,posterior,q99_pct,8.808036781847466,3.8983157026581456,9.46439085826276,True
IQV,posterior,max_drawdown_pct,-35.87129702171061,-71.25674958636901,-12.115518868114943,True
IR,prior,mean_pct,0.0018530882471168297,-0.42011757146774187,0.45522948165096727,True
IR,prior,volatility_pct,2.055483692981175,0.2123767568325391,3.757111591216392,True
IR,prior,q01_pct,-4.615143816918135,-9.347358371131122,-0.4511408458347419,True
IR,prior,q99_pct,5.4183492437005025,0.48219812195748046,9.325640810653544,True
IR,prior,max_drawdown_pct,-30.56481581934378,-70.82048945093555,-1.2993932314906609,True
IR,posterior,mean_pct,0.0018530882471168297,-0.44251814290880986,0.31807317376031097,True
IR,posterior,volatility_pct,2.055483692981175,1.7200026787904972,2.7015332959137717,True
IR,posterior,q01_pct,-4.615143816918135,-8.447398319467903,-3.578717398922892,True
IR,posterior,q99_pct,5.4183492437005025,3.7241430358961214,7.902504101209337,True
IR,posterior,max_drawdown_pct,-30.56481581934378,-71.84283825100748,-13.174555807714874,True
IRM,prior,mean_pct,0.12821415039070416,-0.42011757146774187,0.45522948165096727,True
IRM,prior,volatility_pct,2.08162190623246,0.2123767568325391,3.757111591216392,True
IRM,prior,q01_pct,-4.657016173005104,-9.347358371131122,-0.4511408458347419,True
IRM,prior,q99_pct,5.15368830412625,0.48219812195748046,9.325640810653544,True
IRM,prior,max_drawdown_pct,-25.149345940867462,-70.82048945093555,-1.2993932314906609,True
IRM,posterior,mean_pct,0.12821415039070416,-0.31061110348500165,0.53306269161925,True
IRM,posterior,volatility_pct,2.08162190623246,1.7331090492652481,2.882531902116681,True
IRM,posterior,q01_pct,-4.657016173005104,-8.155579597689211,-3.604082286078483,True
IRM,posterior,q99_pct,5.15368830412625,3.8616396602243177,8.222035510465481,True
IRM,posterior,max_drawdown_pct,-25.149345940867462,-60.914267510901155,-10.285655441664517,True
ISRG,prior,mean_pct,-0.07313455395205892,-0.42011757146774187,0.45522948165096727,True
ISRG,prior,volatility_pct,2.32182671168912,0.2123767568325391,3.757111591216392,True
ISRG,prior,q01_pct,-6.269796043634414,-9.347358371131122,-0.4511408458347419,True
ISRG,prior,q99_pct,6.0420119576156095,0.48219812195748046,9.325640810653544,True
ISRG,prior,max_drawdown_pct,-43.99595191011926,-70.82048945093555,-1.2993932314906609,True
ISRG,posterior,mean_pct,-0.07313455395205892,-0.49059074686005033,0.34830688677812555,True
ISRG,posterior,volatility_pct,2.32182671168912,1.6928003575446338,3.4573286250131368,True
ISRG,posterior,q01_pct,-6.269796043634414,-10.237687815912066,-3.8588356147520244,True
ISRG,posterior,q99_pct,6.0420119576156095,3.5815763759426735,10.063285211659961,True
ISRG,posterior,max_drawdown_pct,-43.99595191011926,-76.21651371553526,-12.823682308532488,True
IT,prior,mean_pct,-0.05134221288471963,-0.42011757146774187,0.45522948165096727,True
IT,prior,volatility_pct,3.4601811635518223,0.2123767568325391,3.757111591216392,True
IT,prior,q01_pct,-7.2230446338653564,-9.347358371131122,-0.4511408458347419,True
IT,prior,q99_pct,7.530217431485648,0.48219812195748046,9.325640810653544,True
IT,prior,max_drawdown_pct,-52.39122843788506,-70.82048945093555,-1.2993932314906609,True
IT,posterior,mean_pct,-0.05134221288471963,-0.47829575839364935,0.47910234774524624,True
IT,posterior,volatility_pct,3.4601811635518223,2.107838107309341,3.0730867078222706,False
IT,posterior,q01_pct,-7.2230446338653564,-9.682331191934646,-4.396646050550044,True
IT,posterior,q99_pct,7.530217431485648,4.507129148580131,8.928369814157481,True
IT,posterior,max_drawdown_pct,-52.39122843788506,-75.33580619882603,-12.77110125034969,True
ITW,prior,mean_pct,0.025075682788155973,-0.42011757146774187,0.45522948165096727,True
ITW,prior,volatility_pct,1.342763021658079,0.2123767568325391,3.757111591216392,True
ITW,prior,q01_pct,-3.037365796044469,-9.347358371131122,-0.4511408458347419,True
ITW,prior,q99_pct,3.8155308552086304,0.48219812195748046,9.325640810653544,True
ITW,prior,max_drawdown_pct,-17.435062006460345,-70.82048945093555,-1.2993932314906609,True
ITW,posterior,mean_pct,0.025075682788155973,-0.3286586314201543,0.2655833836395612,True
ITW,posterior,volatility_pct,1.342763021658079,1.0651473957749162,2.279052807621644,True
ITW,posterior,q01_pct,-3.037365796044469,-6.45358768645674,-2.3504916316829623,True
ITW,posterior,q99_pct,3.8155308552086304,2.368571793287988,6.726954769343128,True
ITW,posterior,max_drawdown_pct,-17.435062006460345,-60.36589878392026,-8.495623735343738,True
IVZ,prior,mean_pct,0.19289313528361163,-0.42011757146774187,0.45522948165096727,True
IVZ,prior,volatility_pct,2.1177833138030118,0.2123767568325391,3.757111591216392,True
IVZ,prior,q01_pct,-5.2071551233530045,-9.347358371131122,-0.4511408458347419,True
IVZ,prior,q99_pct,5.104273073375218,0.48219812195748046,9.325640810653544,True
IVZ,prior,max_drawdown_pct,-22.032018466522253,-70.82048945093555,-1.2993932314906609,True
IVZ,posterior,mean_pct,0.19289313528361163,-0.20642192551306238,0.5970332057712279,True
IVZ,posterior,volatility_pct,2.1177833138030118,1.745385718939872,2.7993447561524794,True
IVZ,posterior,q01_pct,-5.2071551233530045,-8.060070555657148,-3.3065332072786986,True
IVZ,posterior,q99_pct,5.104273073375218,3.898335205111652,8.682675918936722,True
IVZ,posterior,max_drawdown_pct,-22.032018466522253,-54.90297615792623,-8.63336018524203,True
J,prior,mean_pct,0.02370596245100387,-0.42011757146774187,0.45522948165096727,True
J,prior,volatility_pct,2.060172709537844,0.2123767568325391,3.757111591216392,True
J,prior,q01_pct,-6.587364636361599,-9.347358371131122,-0.4511408458347419,True
J,prior,q99_pct,4.669123124331235,0.48219812195748046,9.325640810653544,True
J,prior,max_drawdown_pct,-34.43954123881705,-70.82048945093555,-1.2993932314906609,True
J,posterior,mean_pct,0.02370596245100387,-0.43408970839096384,0.49503504102043727,True
J,posterior,volatility_pct,2.060172709537844,1.59779310605654,2.8787562213100304,True
J,posterior,q01_pct,-6.587364636361599,-8.578282831236718,-3.233990540821105,True
J,posterior,q99_pct,4.669123124331235,3.4929112699814095,9.484283777885107,True
J,posterior,max_drawdown_pct,-34.43954123881705,-72.53904598101819,-10.38482563410615,True
JBHT,prior,mean_pct,0.2824835945418158,-0.42011757146774187,0.45522948165096727,True
JBHT,prior,volatility_pct,2.4224776082490123,0.2123767568325391,3.757111591216392,True
JBHT,prior,q01_pct,-4.75020457059145,-9.347358371131122,-0.4511408458347419,True
JBHT,prior,q99_pct,6.662198416888705,0.48219812195748046,9.325640810653544,True
JBHT,prior,max_drawdown_pct,-15.86923077519512,-70.82048945093555,-1.2993932314906609,True
JBHT,posterior,mean_pct,0.2824835945418158,-0.2938425372673521,0.4792002447243531,True
JBHT,posterior,volatility_pct,2.4224776082490123,1.73481736247772,3.3961795082621054,True
JBHT,posterior,q01_pct,-4.75020457059145,-8.803557931631804,-3.64898065244779,True
JBHT,posterior,q99_pct,6.662198416888705,3.7400653451681123,10.312753096036593,True
JBHT,posterior,max_drawdown_pct,-15.86923077519512,-62.534860174067816,-11.12004781681852,True
JBL,prior,mean_pct,0.19520107660468966,-0.42011757146774187,0.45522948165096727,True
JBL,prior,volatility_pct,2.8837725837310013,0.2123767568325391,3.757111591216392,True
JBL,prior,q01_pct,-6.879889704287052,-9.347358371131122,-0.4511408458347419,True
JBL,prior,q99_pct,7.129169292747971,0.48219812195748046,9.325640810653544,True
JBL,prior,max_drawdown_pct,-25.540016858903016,-70.82048945093555,-1.2993932314906609,True
JBL,posterior,mean_pct,0.19520107660468966,-0.27715015398331744,0.5967818039576968,True
JBL,posterior,volatility_pct,2.8837725837310013,2.056161967745257,2.9052315539053306,True
JBL,posterior,q01_pct,-6.879889704287052,-8.476066402718425,-4.028347512613982,True
JBL,posterior,q99_pct,7.129169292747971,4.440786458831279,8.170759180746968,True
JBL,posterior,max_drawdown_pct,-25.540016858903016,-61.110811385417406,-11.957441807412957,True
JCI,prior,mean_pct,0.13189973436738,-0.42011757146774187,0.45522948165096727,True
JCI,prior,volatility_pct,1.8487372438449354,0.2123767568325391,3.757111591216392,True
JCI,prior,q01_pct,-4.76462934166193,-9.347358371131122,-0.4511408458347419,True
JCI,prior,q99_pct,4.652934800833458,0.48219812195748046,9.325640810653544,True
JCI,prior,max_drawdown_pct,-12.711263027169684,-70.82048945093555,-1.2993932314906609,True
JCI,posterior,mean_pct,0.13189973436738,-0.28914396870444037,0.4668160304073011,True
JCI,posterior,volatility_pct,1.8487372438449354,1.5053588399711875,2.6136276873784787,True
JCI,posterior,q01_pct,-4.76462934166193,-8.815731358900667,-3.21342399949208,True
JCI,posterior,q99_pct,4.652934800833458,3.372082283068448,8.193509256467214,True
JCI,posterior,max_drawdown_pct,-12.711263027169684,-61.63722920467997,-8.890518189281428,True
JKHY,prior,mean_pct,0.029453632799913976,-0.42011757146774187,0.45522948165096727,True
JKHY,prior,volatility_pct,1.7585238763234188,0.2123767568325391,3.757111591216392,True
JKHY,prior,q01_pct,-4.601293411105871,-9.347358371131122,-0.4511408458347419,True
JKHY,prior,q99_pct,4.709961675107476,0.48219812195748046,9.325640810653544,True
JKHY,prior,max_drawdown_pct,-35.39699654695736,-70.82048945093555,-1.2993932314906609,True
JKHY,posterior,mean_pct,0.029453632799913976,-0.27283719931887873,0.4497186873996384,True
JKHY,posterior,volatility_pct,1.7585238763234188,1.4105230713548347,2.549873402001179,True
JKHY,posterior,q01_pct,-4.601293411105871,-8.068154736235737,-2.986995234899223,True
JKHY,posterior,q99_pct,4.709961675107476,3.1141681034117905,8.064264399930826,True
JKHY,posterior,max_drawdown_pct,-35.39699654695736,-57.49106950257988,-8.822120187381849,True
JNJ,prior,mean_pct,0.1917857880997076,-0.42011757146774187,0.45522948165096727,True
JNJ,prior,volatility_pct,1.189669575534818,0.2123767568325391,3.757111591216392,True
JNJ,prior,q01_pct,-2.4198660906404257,-9.347358371131122,-0.4511408458347419,True
JNJ,prior,q99_pct,3.3477703295648094,0.48219812195748046,9.325640810653544,True
JNJ,prior,max_drawdown_pct,-10.959122377851326,-70.82048945093555,-1.2993932314906609,True
JNJ,posterior,mean_pct,0.1917857880997076,-0.11288664321116748,0.4355432894929992,True
JNJ,posterior,volatility_pct,1.189669575534818,0.9746894976120379,1.666661551858467,True
JNJ,posterior,q01_pct,-2.4198660906404257,-5.619908902887254,-1.9250986881088468,True
JNJ,posterior,q99_pct,3.3477703295648094,2.3414429892785833,5.0045529888942735,True
JNJ,posterior,max_drawdown_pct,-10.959122377851326,-33.316248066042235,-4.735828717985294,True
JPM,prior,mean_pct,0.08554457067191379,-0.42011757146774187,0.45522948165096727,True
JPM,prior,volatility_pct,1.3981241783308744,0.2123767568325391,3.757111591216392,True
JPM,prior,q01_pct,-3.824143987149,-9.347358371131122,-0.4511408458347419,True
JPM,prior,q99_pct,3.602409679442643,0.48219812195748046,9.325640810653544,True
JPM,prior,max_drawdown_pct,-15.471737388738616,-70.82048945093555,-1.2993932314906609,True
JPM,posterior,mean_pct,0.08554457067191379,-0.13122981719805438,0.41675649940273696,True
JPM,posterior,volatility_pct,1.3981241783308744,1.1410916478309525,2.132902481596534,True
JPM,posterior,q01_pct,-3.824143987149,-5.652614275831729,-2.290543335909024,True
JPM,posterior,q99_pct,3.602409679442643,2.4048040046822265,5.9946070977486485,True
JPM,posterior,max_drawdown_pct,-15.471737388738616,-39.26051369214251,-6.782564669143766,True
KDP,prior,mean_pct,0.06901822042664207,-0.42011757146774187,0.45522948165096727,True
KDP,prior,volatility_pct,1.7026721470675812,0.2123767568325391,3.757111591216392,True
KDP,prior,q01_pct,-3.954754490405321,-9.347358371131122,-0.4511408458347419,True
KDP,prior,q99_pct,4.702683947980392,0.48219812195748046,9.325640810653544,True
KDP,prior,max_drawdown_pct,-17.713341455625432,-70.82048945093555,-1.2993932314906609,True
KDP,posterior,mean_pct,0.06901822042664207,-0.23801337101332365,0.36595197200705337,True
KDP,posterior,volatility_pct,1.7026721470675812,1.3996643716247519,2.322093778702632,True
KDP,posterior,q01_pct,-3.954754490405321,-7.128510689176619,-2.8483729669824243,True
KDP,posterior,q99_pct,4.702683947980392,3.025333404541015,7.363575439900153,True
KDP,posterior,max_drawdown_pct,-17.713341455625432,-53.33117237530449,-8.431540786167208,True
KEY,prior,mean_pct,0.08404838990827557,-0.42011757146774187,0.45522948165096727,True
KEY,prior,volatility_pct,1.468403259045646,0.2123767568325391,3.757111591216392,True
KEY,prior,q01_pct,-5.229092501103878,-9.347358371131122,-0.4511408458347419,True
KEY,prior,q99_pct,3.1809300370514384,0.48219812195748046,9.325640810653544,True
KEY,prior,max_drawdown_pct,-17.763336653524576,-70.82048945093555,-1.2993932314906609,True
KEY,posterior,mean_pct,0.08404838990827557,-0.19634711025464924,0.42113898254635274,True
KEY,posterior,volatility_pct,1.468403259045646,1.2283000396978512,2.2220346171180503,True
KEY,posterior,q01_pct,-5.229092501103878,-6.486215902864933,-2.5420318259391936,True
KEY,posterior,q99_pct,3.1809300370514384,2.7171413467731322,6.331199911981815,True
KEY,posterior,max_drawdown_pct,-17.763336653524576,-46.433582763160146,-7.762045690078179,True
KEYS,prior,mean_pct,0.30023335006461593,-0.42011757146774187,0.45522948165096727,True
KEYS,prior,volatility_pct,2.7363308697758995,0.2123767568325391,3.757111591216392,True
KEYS,prior,q01_pct,-6.390884444117546,-9.347358371131122,-0.4511408458347419,True
KEYS,prior,q99_pct,5.947187859565018,0.48219812195748046,9.325640810653544,True
KEYS,prior,max_drawdown_pct,-20.52284595811337,-70.82048945093555,-1.2993932314906609,True
KEYS,posterior,mean_pct,0.30023335006461593,-0.19858480568224646,0.64624786035899,True
KEYS,posterior,volatility_pct,2.7363308697758995,1.9610459951725756,3.061913234367223,True
KEYS,posterior,q01_pct,-6.390884444117546,-8.81977945957333,-3.9229319673031573,True
KEYS,posterior,q99_pct,5.947187859565018,4.367084760311988,10.006326061300905,True
KEYS,posterior,max_drawdown_pct,-20.52284595811337,-54.42280576812003,-9.515626962652458,True
KHC,prior,mean_pct,0.005402587248681812,-0.42011757146774187,0.45522948165096727,True
KHC,prior,volatility_pct,1.7545421231739942,0.2123767568325391,3.757111591216392,True
KHC,prior,q01_pct,-4.477178938686848,-9.347358371131122,-0.4511408458347419,True
KHC,prior,q99_pct,3.479614332318306,0.48219812195748046,9.325640810653544,True
KHC,prior,max_drawdown_pct,-21.6720085921539,-70.82048945093555,-1.2993932314906609,True
KHC,posterior,mean_pct,0.005402587248681812,-0.3325586070516433,0.4536770672794607,True
KHC,posterior,volatility_pct,1.7545421231739942,1.5002668058162218,2.5358978969042303,True
KHC,posterior,q01_pct,-4.477178938686848,-7.289343112707137,-3.08948966562748,True
KHC,posterior,q99_pct,3.479614332318306,3.1922854699660075,7.194252084754398,True
KHC,posterior,max_drawdown_pct,-21.6720085921539,-61.227393927734845,-9.021206853664737,True
KIM,prior,mean_pct,0.049123963617603295,-0.42011757146774187,0.45522948165096727,True
KIM,prior,volatility_pct,1.1171060156834163,0.2123767568325391,3.757111591216392,True
KIM,prior,q01_pct,-2.3018395248800516,-9.347358371131122,-0.4511408458347419,True
KIM,prior,q99_pct,2.7755254879593823,0.48219812195748046,9.325640810653544,True
KIM,prior,max_drawdown_pct,-12.697717991197234,-70.82048945093555,-1.2993932314906609,True
KIM,posterior,mean_pct,0.049123963617603295,-0.24755312736609036,0.2999434334513072,True
KIM,posterior,volatility_pct,1.1171060156834163,0.9396166485067917,1.494057632718649,True
KIM,posterior,q01_pct,-2.3018395248800516,-4.158292555529624,-1.9327006645035,True
KIM,posterior,q99_pct,2.7755254879593823,2.0682083952706294,4.37514975257217,True
KIM,posterior,max_drawdown_pct,-12.697717991197234,-50.143271289078406,-6.702260518392829,True
KKR,prior,mean_pct,-0.06999774503526623,-0.42011757146774187,0.45522948165096727,True
KKR,prior,volatility_pct,2.4347261275400407,0.2123767568325391,3.757111591216392,True
KKR,prior,q01_pct,-6.407008357346059,-9.347358371131122,-0.4511408458347419,True
KKR,prior,q99_pct,5.232288837432857,0.48219812195748046,9.325640810653544,True
KKR,prior,max_drawdown_pct,-43.64360446469991,-70.82048945093555,-1.2993932314906609,True
KKR,posterior,mean_pct,-0.06999774503526623,-0.5301454102180045,0.44126262157236334,True
KKR,posterior,volatility_pct,2.4347261275400407,1.9097078522144755,3.10413211899119,True
KKR,posterior,q01_pct,-6.407008357346059,-9.390089367516337,-4.192180902976543,True
KKR,posterior,q99_pct,5.232288837432857,4.128080452699212,8.888623846694822,True
KKR,posterior,max_drawdown_pct,-43.64360446469991,-78.50978965080944,-13.14259623230437,True
KLAC,prior,mean_pct,0.359144362596453,-0.42011757146774187,0.45522948165096727,True
KLAC,prior,volatility_pct,3.770006537091617,0.2123767568325391,3.757111591216392,False
KLAC,prior,q01_pct,-11.120798327028751,-9.347358371131122,-0.4511408458347419,False
KLAC,prior,q99_pct,8.970978967845433,0.48219812195748046,9.325640810653544,True
KLAC,prior,max_drawdown_pct,-43.59152249766961,-70.82048945093555,-1.2993932314906609,True
KLAC,posterior,mean_pct,0.359144362596453,-0.24636469850409526,0.7060983564512281,True
KLAC,posterior,volatility_pct,3.770006537091617,2.1452377282790818,2.860718369838637,False
KLAC,posterior,q01_pct,-11.120798327028751,-8.614723853953183,-4.1976107483729725,False
KLAC,posterior,q99_pct,8.970978967845433,4.551467999815939,9.090591596066947,True
KLAC,posterior,max_drawdown_pct,-43.59152249766961,-64.23289893824298,-12.123935617734778,True
KMB,prior,mean_pct,-0.04129388447040583,-0.42011757146774187,0.45522948165096727,True
KMB,prior,volatility_pct,1.7143619267774683,0.2123767568325391,3.757111591216392,True
KMB,prior,q01_pct,-3.643898461014032,-9.347358371131122,-0.4511408458347419,True
KMB,prior,q99_pct,3.56572728604078,0.48219812195748046,9.325640810653544,True
KMB,prior,max_drawdown_pct,-27.201564793340673,-70.82048945093555,-1.2993932314906609,True
KMB,posterior,mean_pct,-0.04129388447040583,-0.31059197064041655,0.33709014700524154,True
KMB,posterior,volatility_pct,1.7143619267774683,1.2808385523159247,2.7692369892601625,True
KMB,posterior,q01_pct,-3.643898461014032,-7.570423030853271,-2.6294227557256824,True
KMB,posterior,q99_pct,3.56572728604078,2.6534487430006237,7.504442100692508,True
KMB,posterior,max_drawdown_pct,-27.201564793340673,-62.08401832839451,-8.584564758727357,True
KMI,prior,mean_pct,0.08253686396528792,-0.42011757146774187,0.45522948165096727,True
KMI,prior,volatility_pct,1.2889979484729217,0.2123767568325391,3.757111591216392,True
KMI,prior,q01_pct,-3.044635634869337,-9.347358371131122,-0.4511408458347419,True
KMI,prior,q99_pct,2.9834937397390555,0.48219812195748046,9.325640810653544,True
KMI,prior,max_drawdown_pct,-10.084524940468798,-70.82048945093555,-1.2993932314906609,True
KMI,posterior,mean_pct,0.08253686396528792,-0.16457644309139852,0.3754863599683737,True
KMI,posterior,volatility_pct,1.2889979484729217,1.007305803338228,1.7893138983148555,True
KMI,posterior,q01_pct,-3.044635634869337,-4.766156214848161,-2.011400414491073,True
KMI,posterior,q99_pct,2.9834937397390555,2.3736859553027894,5.335461283102623,True
KMI,posterior,max_drawdown_pct,-10.084524940468798,-42.647538465078085,-6.222504521564392,True
KO,prior,mean_pct,0.11671818677427837,-0.42011757146774187,0.45522948165096727,True
KO,prior,volatility_pct,1.170883303046202,0.2123767568325391,3.757111591216392,True
KO,prior,q01_pct,-2.249839464202523,-9.347358371131122,-0.4511408458347419,True
KO,prior,q99_pct,3.6640933342277964,0.48219812195748046,9.325640810653544,True
KO,prior,max_drawdown_pct,-7.867642167627165,-70.82048945093555,-1.2993932314906609,True
KO,posterior,mean_pct,0.11671818677427837,-0.19129038374395435,0.2498551917109068,True
KO,posterior,volatility_pct,1.170883303046202,0.9256636922254816,1.8035041846795645,True
KO,posterior,q01_pct,-2.249839464202523,-4.684521357435733,-1.9230415794067086,True
KO,posterior,q99_pct,3.6640933342277964,2.0634975302033105,5.465512441657475,True
KO,posterior,max_drawdown_pct,-7.867642167627165,-43.41148984228717,-5.3695360991131595,True
KR,prior,mean_pct,-0.030851375618112797,-0.42011757146774187,0.45522948165096727,True
KR,prior,volatility_pct,1.7573567726228998,0.2123767568325391,3.757111591216392,True
KR,prior,q01_pct,-3.998138625174761,-9.347358371131122,-0.4511408458347419,True
KR,prior,q99_pct,3.843720965087414,0.48219812195748046,9.325640810653544,True
KR,prior,max_drawdown_pct,-26.160675731335115,-70.82048945093555,-1.2993932314906609,True
KR,posterior,mean_pct,-0.030851375618112797,-0.4173721091227449,0.29394288097195087,True
KR,posterior,volatility_pct,1.7573567726228998,1.4692461190405046,2.2915128114658465,True
KR,posterior,q01_pct,-3.998138625174761,-7.048843265883623,-3.1258318527136013,True
KR,posterior,q99_pct,3.843720965087414,3.061394346132869,7.100177567452181,True
KR,posterior,max_drawdown_pct,-26.160675731335115,-70.70671664304811,-11.70500733258035,True
KVUE,prior,mean_pct,0.0031540907912130933,-0.42011757146774187,0.45522948165096727,True
KVUE,prior,volatility_pct,2.0245427932037354,0.2123767568325391,3.757111591216392,True
KVUE,prior,q01_pct,-5.612402409315108,-9.347358371131122,-0.4511408458347419,True
KVUE,prior,q99_pct,4.812178015708922,0.48219812195748046,9.325640810653544,True
KVUE,prior,max_drawdown_pct,-32.09817693093767,-70.82048945093555,-1.2993932314906609,True
KVUE,posterior,mean_pct,0.0031540907912130933,-0.3674017804731875,0.4134539977040753,True
KVUE,posterior,volatility_pct,2.0245427932037354,1.4240327970104334,4.927040705780784,True
KVUE,posterior,q01_pct,-5.612402409315108,-8.743764006718994,-2.9332692709751433,True
KVUE,posterior,q99_pct,4.812178015708922,3.1843797024339393,9.443896131589971,True
KVUE,posterior,max_drawdown_pct,-32.09817693093767,-74.84636457595082,-9.616301263190906,True
L,prior,mean_pct,0.054701307433902,-0.42011757146774187,0.45522948165096727,True
L,prior,volatility_pct,1.0210909643635717,0.2123767568325391,3.757111591216392,True
L,prior,q01_pct,-2.2387924417853355,-9.347358371131122,-0.4511408458347419,True
L,prior,q99_pct,2.1102348249405622,0.48219812195748046,9.325640810653544,True
L,prior,max_drawdown_pct,-9.254016983888791,-70.82048945093555,-1.2993932314906609,True
L,posterior,mean_pct,0.054701307433902,-0.14893380692895963,0.2715836127559781,True
L,posterior,volatility_pct,1.0210909643635717,0.8304724359454314,1.4565885176243965,True
L,posterior,q01_pct,-2.2387924417853355,-4.04957855110988,-1.7086466981098056,True
L,posterior,q99_pct,2.1102348249405622,1.8588597396388649,4.228107620775696,True
L,posterior,max_drawdown_pct,-9.254016983888791,-36.34972964105797,-4.682672135060906,True
LDOS,prior,mean_pct,-0.09407892408148655,-0.42011757146774187,0.45522948165096727,True
LDOS,prior,volatility_pct,2.131291901142686,0.2123767568325391,3.757111591216392,True
LDOS,prior,q01_pct,-6.735349055379629,-9.347358371131122,-0.4511408458347419,True
LDOS,prior,q99_pct,6.353107970207926,0.48219812195748046,9.325640810653544,True
LDOS,prior,max_drawdown_pct,-49.471024796977645,-70.82048945093555,-1.2993932314906609,True
LDOS,posterior,mean_pct,-0.09407892408148655,-0.4846845701649727,0.3740545088961156,True
LDOS,posterior,volatility_pct,2.131291901142686,1.5935277287256449,3.1008179561060825,True
LDOS,posterior,q01_pct,-6.735349055379629,-8.748191101662815,-3.4998057139106096,True
LDOS,posterior,q99_pct,6.353107970207926,3.4172726869117414,10.180686840973767,True
LDOS,posterior,max_drawdown_pct,-49.471024796977645,-74.06877192007009,-11.436285721128115,True
LEN,prior,mean_pct,-0.14726546613132996,-0.42011757146774187,0.45522948165096727,True
LEN,prior,volatility_pct,2.316909020411451,0.2123767568325391,3.757111591216392,True
LEN,prior,q01_pct,-4.882912244647741,-9.347358371131122,-0.4511408458347419,True
LEN,prior,q99_pct,6.154194679111237,0.48219812195748046,9.325640810653544,True
LEN,prior,max_drawdown_pct,-41.39080230571713,-70.82048945093555,-1.2993932314906609,True
LEN,posterior,mean_pct,-0.14726546613132996,-0.5754342467367835,0.4124028218015779,True
LEN,posterior,volatility_pct,2.316909020411451,1.9518667328828172,2.879672069251655,True
LEN,posterior,q01_pct,-4.882912244647741,-8.376278265751898,-4.395617191493511,True
LEN,posterior,q99_pct,6.154194679111237,3.9114962983876462,8.92898276690392,True
LEN,posterior,max_drawdown_pct,-41.39080230571713,-79.48772901623684,-13.641003423338939,True
LH,prior,mean_pct,0.08173148406172004,-0.42011757146774187,0.45522948165096727,True
LH,prior,volatility_pct,1.462273196314845,0.2123767568325391,3.757111591216392,True
LH,prior,q01_pct,-4.236426558345556,-9.347358371131122,-0.4511408458347419,True
LH,prior,q99_pct,3.58371753245592,0.48219812195748046,9.325640810653544,True
LH,prior,max_drawdown_pct,-15.22360122154145,-70.82048945093555,-1.2993932314906609,True
LH,posterior,mean_pct,0.08173148406172004,-0.3595885915586612,0.35086655305411246,True
LH,posterior,volatility_pct,1.462273196314845,1.2134798670329867,2.1039008356882474,True
LH,posterior,q01_pct,-4.236426558345556,-5.680457652825862,-2.504021091153845,True
LH,posterior,q99_pct,3.58371753245592,2.6360737062059334,6.0434084763750295,True
LH,posterior,max_drawdown_pct,-15.22360122154145,-63.43483554701458,-7.876353178201613,True
LHX,prior,mean_pct,-0.006025111861163168,-0.42011757146774187,0.45522948165096727,True
LHX,prior,volatility_pct,1.7870666821189516,0.2123767568325391,3.757111591216392,True
LHX,prior,q01_pct,-4.246932454407215,-9.347358371131122,-0.4511408458347419,True
LHX,prior,q99_pct,3.9649494551122153,0.48219812195748046,9.325640810653544,True
LHX,prior,max_drawdown_pct,-31.403527327050117,-70.82048945093555,-1.2993932314906609,True
LHX,posterior,mean_pct,-0.006025111861163168,-0.33882750595017086,0.33579063089801753,True
LHX,posterior,volatility_pct,1.7870666821189516,1.5063888717736218,2.3879363139157443,True
LHX,posterior,q01_pct,-4.246932454407215,-7.091573605686426,-3.117108770692721,True
LHX,posterior,q99_pct,3.9649494551122153,3.0399858701508418,6.898852327466001,True
LHX,posterior,max_drawdown_pct,-31.403527327050117,-62.97577512361758,-11.334138036747467,True
LII,prior,mean_pct,-0.1016902992510893,-0.42011757146774187,0.45522948165096727,True
LII,prior,volatility_pct,2.5724912849048573,0.2123767568325391,3.757111591216392,True
LII,prior,q01_pct,-7.871044613420963,-9.347358371131122,-0.4511408458347419,True
LII,prior,q99_pct,4.968187864869829,0.48219812195748046,9.325640810653544,True
LII,prior,max_drawdown_pct,-34.89078260695487,-70.82048945093555,-1.2993932314906609,True
LII,posterior,mean_pct,-0.1016902992510893,-0.5398854573467275,0.40099455039334897,True
LII,posterior,volatility_pct,2.5724912849048573,1.8735404988788789,3.2561839912590465,True
LII,posterior,q01_pct,-7.871044613420963,-9.500838051922619,-4.000128329917788,True
LII,posterior,q99_pct,4.968187864869829,3.970502363890409,9.344083559699344,True
LII,posterior,max_drawdown_pct,-34.89078260695487,-79.23179167930986,-13.58140901448056,True
LIN,prior,mean_pct,0.009947442393354322,-0.42011757146774187,0.45522948165096727,True
LIN,prior,volatility_pct,1.1978350322727511,0.2123767568325391,3.757111591216392,True
LIN,prior,q01_pct,-2.758442787453532,-9.347358371131122,-0.4511408458347419,True
LIN,prior,q99_pct,2.720074774697423,0.48219812195748046,9.325640810653544,True
LIN,prior,max_drawdown_pct,-19.184832676240827,-70.82048945093555,-1.2993932314906609,True
LIN,posterior,mean_pct,0.009947442393354322,-0.24535404402697125,0.2459664608679261,True
LIN,posterior,volatility_pct,1.1978350322727511,0.9966924683492108,1.60522339515003,True
LIN,posterior,q01_pct,-2.758442787453532,-4.654879160132259,-2.127238404285163,True
LIN,posterior,q99_pct,2.720074774697423,2.1226022487506255,4.768848504684842,True
LIN,posterior,max_drawdown_pct,-19.184832676240827,-49.73563999331695,-7.041391575592954,True
LITE,prior,mean_pct,0.9141657676764225,-0.42011757146774187,0.45522948165096727,False
LITE,prior,volatility_pct,6.052492452643079,0.2123767568325391,3.757111591216392,False
LITE,prior,q01_pct,-12.027510032057762,-9.347358371131122,-0.4511408458347419,False
LITE,prior,q99_pct,15.732194557785972,0.48219812195748046,9.325640810653544,False
LITE,prior,max_drawdown_pct,-42.80166087157343,-70.82048945093555,-1.2993932314906609,True
LITE,posterior,mean_pct,0.9141657676764225,-0.34233427600483424,0.6359455269652278,False
LITE,posterior,volatility_pct,6.052492452643079,1.929836851298177,3.308490870209119,False
LITE,posterior,q01_pct,-12.027510032057762,-10.178570103645324,-4.217078849766404,False
LITE,posterior,q99_pct,15.732194557785972,4.167320275492963,9.95979298502205,False
LITE,posterior,max_drawdown_pct,-42.80166087157343,-66.96290738696001,-11.572716770452146,True
LLY,prior,mean_pct,0.2035290041945359,-0.42011757146774187,0.45522948165096727,True
LLY,prior,volatility_pct,2.2392541865890236,0.2123767568325391,3.757111591216392,True
LLY,prior,q01_pct,-4.189597703516483,-9.347358371131122,-0.4511408458347419,True
LLY,prior,q99_pct,7.604141682386387,0.48219812195748046,9.325640810653544,True
LLY,prior,max_drawdown_pct,-23.182265566590278,-70.82048945093555,-1.2993932314906609,True
LLY,posterior,mean_pct,0.2035290041945359,-0.4834596658682102,0.3914612802755997,True
LLY,posterior,volatility_pct,2.2392541865890236,1.8115649156139355,3.53474034034182,True
LLY,posterior,q01_pct,-4.189597703516483,-9.588073358871043,-3.8655255539342765,True
LLY,posterior,q99_pct,7.604141682386387,3.9012987258844065,10.332350330427271,True
LLY,posterior,max_drawdown_pct,-23.182265566590278,-75.03646314603385,-12.933119720866333,True
LMT,prior,mean_pct,0.0832173593380503,-0.42011757146774187,0.45522948165096727,True
LMT,prior,volatility_pct,1.7603773760256662,0.2123767568325391,3.757111591216392,True
LMT,prior,q01_pct,-4.034445360302925,-9.347358371131122,-0.4511408458347419,True
LMT,prior,q99_pct,4.556007832288741,0.48219812195748046,9.325640810653544,True
LMT,prior,max_drawdown_pct,-26.871803990800746,-70.82048945093555,-1.2993932314906609,True
LMT,posterior,mean_pct,0.0832173593380503,-0.40069062933791955,0.3436445249649579,True
LMT,posterior,volatility_pct,1.7603773760256662,1.4386793725685363,2.435155662619579,True
LMT,posterior,q01_pct,-4.034445360302925,-7.064912146795541,-3.0435322924051436,True
LMT,posterior,q99_pct,4.556007832288741,3.041143808094784,7.723672538809464,True
LMT,posterior,max_drawdown_pct,-26.871803990800746,-67.39778886985589,-10.508760867102266,True
LNT,prior,mean_pct,0.03453211577379989,-0.42011757146774187,0.45522948165096727,True
LNT,prior,volatility_pct,1.0243247648234068,0.2123767568325391,3.757111591216392,True
LNT,prior,q01_pct,-2.545510744675994,-9.347358371131122,-0.4511408458347419,True
LNT,prior,q99_pct,2.3836268857121463,0.48219812195748046,9.325640810653544,True
LNT,prior,max_drawdown_pct,-12.52709025567279,-70.82048945093555,-1.2993932314906609,True
LNT,posterior,mean_pct,0.03453211577379989,-0.1468148846672661,0.29158573582121855,True
LNT,posterior,volatility_pct,1.0243247648234068,0.8517218564621135,1.5747894230889876,True
LNT,posterior,q01_pct,-2.545510744675994,-4.29264207649976,-1.7307915387675166,True
LNT,posterior,q99_pct,2.3836268857121463,1.830018937680869,4.432370795682068,True
LNT,posterior,max_drawdown_pct,-12.52709025567279,-38.162998615195946,-4.730567836805586,True
LOW,prior,mean_pct,-0.06785580686710091,-0.42011757146774187,0.45522948165096727,True
LOW,prior,volatility_pct,1.6989064080355987,0.2123767568325391,3.757111591216392,True
LOW,prior,q01_pct,-3.6176901496946816,-9.347358371131122,-0.4511408458347419,True
LOW,prior,q99_pct,4.2874374985694885,0.48219812195748046,9.325640810653544,True
LOW,prior,max_drawdown_pct,-29.698242796123676,-70.82048945093555,-1.2993932314906609,True
LOW,posterior,mean_pct,-0.06785580686710091,-0.4449733508108977,0.26150053860211364,True
LOW,posterior,volatility_pct,1.6989064080355987,1.4148909719971776,2.2588288161663868,True
LOW,posterior,q01_pct,-3.6176901496946816,-6.73588983733207,-3.033927525859327,True
LOW,posterior,q99_pct,4.2874374985694885,3.010263051884248,6.424196189455678,True
LOW,posterior,max_drawdown_pct,-29.698242796123676,-71.33697074570404,-11.468213819498263,True
LRCX,prior,mean_pct,0.5060966252415255,-0.42011757146774187,0.45522948165096727,False
LRCX,prior,volatility_pct,4.013583093066604,0.2123767568325391,3.757111591216392,False
LRCX,prior,q01_pct,-9.511911273002625,-9.347358371131122,-0.4511408458347419,False
LRCX,prior,q99_pct,9.202967174351201,0.48219812195748046,9.325640810653544,True
LRCX,prior,max_drawdown_pct,-41.76493344021567,-70.82048945093555,-1.2993932314906609,True
LRCX,posterior,mean_pct,0.5060966252415255,-0.249354217457034,0.743536620668964,True
LRCX,posterior,volatility_pct,4.013583093066604,2.0125583998790417,2.9137225500961783,False
LRCX,posterior,q01_pct,-9.511911273002625,-8.698897537961603,-4.0668186927214265,False
LRCX,posterior,q99_pct,9.202967174351201,4.469050141051411,9.72270541321485,True
LRCX,posterior,max_drawdown_pct,-41.76493344021567,-60.245598741032794,-9.820421983708473,True
LULU,prior,mean_pct,-0.22984667376988455,-0.42011757146774187,0.45522948165096727,True
LULU,prior,volatility_pct,3.036832060924206,0.2123767568325391,3.757111591216392,True
LULU,prior,q01_pct,-10.705690532922743,-9.347358371131122,-0.4511408458347419,False
LULU,prior,q99_pct,5.027629807591437,0.48219812195748046,9.325640810653544,True
LULU,prior,max_drawdown_pct,-53.39540508191725,-70.82048945093555,-1.2993932314906609,True
LULU,posterior,mean_pct,-0.22984667376988455,-0.5523361564992042,0.48428972350140487,True
LULU,posterior,volatility_pct,3.036832060924206,2.02846060132034,2.9776985435173775,False
LULU,posterior,q01_pct,-10.705690532922743,-9.620381493866443,-4.394839211553335,False
LULU,posterior,q99_pct,5.027629807591437,4.058132966514674,9.149287340790028,True
LULU,posterior,max_drawdown_pct,-53.39540508191725,-79.25486381657386,-14.415612606872484,True
LUV,prior,mean_pct,0.1182525069282292,-0.42011757146774187,0.45522948165096727,True
LUV,prior,volatility_pct,2.7709931715235996,0.2123767568325391,3.757111591216392,True
LUV,prior,q01_pct,-6.216824594885111,-9.347358371131122,-0.4511408458347419,True
LUV,prior,q99_pct,6.621100679039954,0.48219812195748046,9.325640810653544,True
LUV,prior,max_drawdown_pct,-33.491306591266365,-70.82048945093555,-1.2993932314906609,True
LUV,posterior,mean_pct,0.1182525069282292,-0.4559308356364653,0.4576028196499209,True
LUV,posterior,volatility_pct,2.7709931715235996,1.9986311425124261,3.04129867262557,True
LUV,posterior,q01_pct,-6.216824594885111,-8.932121606916189,-4.27722628703341,True
LUV,posterior,q99_pct,6.621100679039954,4.437932266946879,9.560505483485741,True
LUV,posterior,max_drawdown_pct,-33.491306591266365,-74.80958629918187,-13.612767048082727,True
LVS,prior,mean_pct,-0.06996030330697067,-0.42011757146774187,0.45522948165096727,True
LVS,prior,volatility_pct,2.1946237625156035,0.2123767568325391,3.757111591216392,True
LVS,prior,q01_pct,-6.816303879022597,-9.347358371131122,-0.4511408458347419,True
LVS,prior,q99_pct,4.810593128204335,0.48219812195748046,9.325640810653544,True
LVS,prior,max_drawdown_pct,-35.85024597357083,-70.82048945093555,-1.2993932314906609,True
LVS,posterior,mean_pct,-0.06996030330697067,-0.3806421784072853,0.40651101212644924,True
LVS,posterior,volatility_pct,2.1946237625156035,1.5957904625970991,3.7422264179453837,True
LVS,posterior,q01_pct,-6.816303879022597,-9.956358587555588,-3.3242679107934237,True
LVS,posterior,q99_pct,4.810593128204335,3.5470924428664126,9.44747462570666,True
LVS,posterior,max_drawdown_pct,-35.85024597357083,-70.58675108899672,-11.314205831259633,True
LYB,prior,mean_pct,0.11061734944632917,-0.42011757146774187,0.45522948165096727,True
LYB,prior,volatility_pct,2.708295625655124,0.2123767568325391,3.757111591216392,True
LYB,prior,q01_pct,-5.990173444151878,-9.347358371131122,-0.4511408458347419,True
LYB,prior,q99_pct,6.590411402285095,0.48219812195748046,9.325640810653544,True
LYB,prior,max_drawdown_pct,-35.50614520558602,-70.82048945093555,-1.2993932314906609,True
LYB,posterior,mean_pct,0.11061734944632917,-0.5086519965242857,0.4485943970361054,True
LYB,posterior,volatility_pct,2.708295625655124,2.0838665511326906,2.84880302992593,True
LYB,posterior,q01_pct,-5.990173444151878,-8.33975803181529,-4.340773083548993,True
LYB,posterior,q99_pct,6.590411402285095,4.281575538404284,8.562246527336535,True
LYB,posterior,max_drawdown_pct,-35.50614520558602,-75.74029139429057,-13.841277437402772,True
LYV,prior,mean_pct,0.035170751277746604,-0.42011757146774187,0.45522948165096727,True
LYV,prior,volatility_pct,1.967675000583494,0.2123767568325391,3.757111591216392,True
LYV,prior,q01_pct,-4.490233846008778,-9.347358371131122,-0.4511408458347419,True
LYV,prior,q99_pct,5.9833818860351995,0.48219812195748046,9.325640810653544,True
LYV,prior,max_drawdown_pct,-27.83522834293135,-70.82048945093555,-1.2993932314906609,True
LYV,posterior,mean_pct,0.035170751277746604,-0.3665558756806888,0.3739252963917927,True
LYV,posterior,volatility_pct,1.967675000583494,1.5730378458955783,2.7149656379441107,True
LYV,posterior,q01_pct,-4.490233846008778,-7.686720167845486,-3.4983722416684033,True
LYV,posterior,q99_pct,5.9833818860351995,3.2333879082463666,7.5956980921328014,True
LYV,posterior,max_drawdown_pct,-27.83522834293135,-67.12787448099456,-11.917166719122532,True
MA,prior,mean_pct,0.004855780832713208,-0.42011757146774187,0.45522948165096727,True
MA,prior,volatility_pct,1.4130371680490663,0.2123767568325391,3.757111591216392,True
MA,prior,q01_pct,-3.6580543033778667,-9.347358371131122,-0.4511408458347419,True
MA,prior,q99_pct,3.382663391530512,0.48219812195748046,9.325640810653544,True
MA,prior,max_drawdown_pct,-20.870255212445244,-70.82048945093555,-1.2993932314906609,True
MA,posterior,mean_pct,0.004855780832713208,-0.32527401045327053,0.3032130052042577,True
MA,posterior,volatility_pct,1.4130371680490663,1.1636627091321143,2.2045937193807204,True
MA,posterior,q01_pct,-3.6580543033778667,-6.138027998805046,-2.326954753370956,True
MA,posterior,q99_pct,3.382663391530512,2.491216032207011,6.277068952657268,True
MA,posterior,max_drawdown_pct,-20.870255212445244,-62.95949925729329,-8.234058503981878,True
MAA,prior,mean_pct,-0.020161479827152107,-0.42011757146774187,0.45522948165096727,True
MAA,prior,volatility_pct,1.195005758064536,0.2123767568325391,3.757111591216392,True
MAA,prior,q01_pct,-2.9144272580742836,-9.347358371131122,-0.4511408458347419,True
MAA,prior,q99_pct,3.080598032101985,0.48219812195748046,9.325640810653544,True
MAA,prior,max_drawdown_pct,-15.418990342164163,-70.82048945093555,-1.2993932314906609,True
MAA,posterior,mean_pct,-0.020161479827152107,-0.3574097969244079,0.20040148089257953,True
MAA,posterior,volatility_pct,1.195005758064536,0.8370477635407668,1.7336307766730266,True
MAA,posterior,q01_pct,-2.9144272580742836,-5.0445772325620055,-1.999543393962086,True
MAA,posterior,q99_pct,3.080598032101985,1.9291319889482081,4.981725771911427,True
MAA,posterior,max_drawdown_pct,-15.418990342164163,-61.90427188613573,-7.49006086059103,True
MAR,prior,mean_pct,0.10349831019738076,-0.42011757146774187,0.45522948165096727,True
MAR,prior,volatility_pct,1.7148833031585857,0.2123767568325391,3.757111591216392,True
MAR,prior,q01_pct,-3.4942706860601898,-9.347358371131122,-0.4511408458347419,True
MAR,prior,q99_pct,4.7117474488913995,0.48219812195748046,9.325640810653544,True
MAR,prior,max_drawdown_pct,-17.072338352683314,-70.82048945093555,-1.2993932314906609,True
MAR,posterior,mean_pct,0.10349831019738076,-0.3814682137944132,0.3235325201214038,True
MAR,posterior,volatility_pct,1.7148833031585857,1.410459735393598,2.5629030581764245,True
MAR,posterior,q01_pct,-3.4942706860601898,-7.796522873267532,-2.971451888745651,True
MAR,posterior,q99_pct,4.7117474488913995,2.802427652897311,7.654122395347777,True
MAR,posterior,max_drawdown_pct,-17.072338352683314,-65.82829045886872,-9.979252948349453,True
MAS,prior,mean_pct,0.026727715317065304,-0.42011757146774187,0.45522948165096727,True
MAS,prior,volatility_pct,2.2025214907016433,0.2123767568325391,3.757111591216392,True
MAS,prior,q01_pct,-4.578504730015993,-9.347358371131122,-0.4511408458347419,True
MAS,prior,q99_pct,5.88786438107489,0.48219812195748046,9.325640810653544,True
MAS,prior,max_drawdown_pct,-24.375663964231354,-70.82048945093555,-1.2993932314906609,True
MAS,posterior,mean_pct,0.026727715317065304,-0.4747418223989541,0.36966070059676065,True
MAS,posterior,volatility_pct,2.2025214907016433,1.7592973674028476,3.2703708144012364,True
MAS,posterior,q01_pct,-4.578504730015993,-9.05388599038124,-3.6306957501918085,True
MAS,posterior,q99_pct,5.88786438107489,3.6617548787035035,8.250192132405925,True
MAS,posterior,max_drawdown_pct,-24.375663964231354,-75.69698797664664,-11.418145307058316,True
MCD,prior,mean_pct,-0.059170984684442374,-0.42011757146774187,0.45522948165096727,True
MCD,prior,volatility_pct,1.1595849671566916,0.2123767568325391,3.757111591216392,True
MCD,prior,q01_pct,-3.0553794372826815,-9.347358371131122,-0.4511408458347419,True
MCD,prior,q99_pct,2.6708562672138196,0.48219812195748046,9.325640810653544,True
MCD,prior,max_drawdown_pct,-23.561214128212306,-70.82048945093555,-1.2993932314906609,True
MCD,posterior,mean_pct,-0.059170984684442374,-0.32993588913539895,0.18572525569642945,True
MCD,posterior,volatility_pct,1.1595849671566916,0.9558148339116285,1.6120820840439865,True
MCD,posterior,q01_pct,-3.0553794372826815,-4.786055361293256,-2.169083634996787,True
MCD,posterior,q99_pct,2.6708562672138196,1.9348979740869248,4.746621686220163,True
MCD,posterior,max_drawdown_pct,-23.561214128212306,-58.94742277077743,-7.351740067827181,True
MCHP,prior,mean_pct,0.10774253463523564,-0.42011757146774187,0.45522948165096727,True
MCHP,prior,volatility_pct,3.113135028522144,0.2123767568325391,3.757111591216392,True
MCHP,prior,q01_pct,-7.336821183562278,-9.347358371131122,-0.4511408458347419,True
MCHP,prior,q99_pct,10.682143718004207,0.48219812195748046,9.325640810653544,False
MCHP,prior,max_drawdown_pct,-30.513091701120622,-70.82048945093555,-1.2993932314906609,True
MCHP,posterior,mean_pct,0.10774253463523564,-0.5389139713938462,0.4455328230183379,True
MCHP,posterior,volatility_pct,3.113135028522144,2.140458871587884,2.9292641414026277,False
MCHP,posterior,q01_pct,-7.336821183562278,-8.829056973569095,-4.604883785825223,True
MCHP,posterior,q99_pct,10.682143718004207,4.292834235075858,8.737791328504674,False
MCHP,posterior,max_drawdown_pct,-30.513091701120622,-77.06352845557542,-14.712015231809243,True
MCK,prior,mean_pct,0.13292293763811358,-0.42011757146774187,0.45522948165096727,True
MCK,prior,volatility_pct,1.952957309392695,0.2123767568325391,3.757111591216392,True
MCK,prior,q01_pct,-3.8131237030029297,-9.347358371131122,-0.4511408458347419,True
MCK,prior,q99_pct,5.640191808342934,0.48219812195748046,9.325640810653544,True
MCK,prior,max_drawdown_pct,-27.169099971642595,-70.82048945093555,-1.2993932314906609,True
MCK,posterior,mean_pct,0.13292293763811358,-0.24416379465829152,0.5131628165646233,True
MCK,posterior,volatility_pct,1.952957309392695,1.4287367062353258,3.2035202935737614,True
MCK,posterior,q01_pct,-3.8131237030029297,-8.298060775920748,-2.9806133538484576,True
MCK,posterior,q99_pct,5.640191808342934,3.2306018110364665,9.114495899062547,True
MCK,posterior,max_drawdown_pct,-27.169099971642595,-59.30646293962583,-8.007643981547785,True
MCO,prior,mean_pct,0.0067707402877204,-0.42011757146774187,0.45522948165096727,True
MCO,prior,volatility_pct,1.7726548353318075,0.2123767568325391,3.757111591216392,True
MCO,prior,q01_pct,-4.989694766700267,-9.347358371131122,-0.4511408458347419,True
MCO,prior,q99_pct,4.071436673402773,0.48219812195748046,9.325640810653544,True
MCO,prior,max_drawdown_pct,-23.605938422450713,-70.82048945093555,-1.2993932314906609,True
MCO,posterior,mean_pct,0.0067707402877204,-0.3352175687901173,0.38937026321600143,True
MCO,posterior,volatility_pct,1.7726548353318075,1.3936472948031673,2.9489499193692876,True
MCO,posterior,q01_pct,-4.989694766700267,-8.591768046468497,-2.8550033433362847,True
MCO,posterior,q99_pct,4.071436673402773,2.982775129657237,8.304993923567212,True
MCO,posterior,max_drawdown_pct,-23.605938422450713,-60.94727736804383,-8.853123780534201,True
MDLZ,prior,mean_pct,0.02395135136907811,-0.42011757146774187,0.45522948165096727,True
MDLZ,prior,volatility_pct,1.4610852114561443,0.2123767568325391,3.757111591216392,True
MDLZ,prior,q01_pct,-2.9818653501570225,-9.347358371131122,-0.4511408458347419,True
MDLZ,prior,q99_pct,4.196310974657534,0.48219812195748046,9.325640810653544,True
MDLZ,prior,max_drawdown_pct,-18.61691110920284,-70.82048945093555,-1.2993932314906609,True
MDLZ,posterior,mean_pct,0.02395135136907811,-0.3078422401387293,0.28817441945711,True
MDLZ,posterior,volatility_pct,1.4610852114561443,1.236501360575632,2.0523892806066653,True
MDLZ,posterior,q01_pct,-2.9818653501570225,-5.967501255683601,-2.600343220215291,True
MDLZ,posterior,q99_pct,4.196310974657534,2.5691145634278643,7.2757348684593754,True
MDLZ,posterior,max_drawdown_pct,-18.61691110920284,-56.89519538286858,-8.29456407358297,True
MDT,prior,mean_pct,0.03247700204838111,-0.42011757146774187,0.45522948165096727,True
MDT,prior,volatility_pct,1.4685237791931278,0.2123767568325391,3.757111591216392,True
MDT,prior,q01_pct,-3.423152733594179,-9.347358371131122,-0.4511408458347419,True
MDT,prior,q99_pct,4.849101826548573,0.48219812195748046,9.325640810653544,True
MDT,prior,max_drawdown_pct,-28.904741839748148,-70.82048945093555,-1.2993932314906609,True
MDT,posterior,mean_pct,0.03247700204838111,-0.33573932549874996,0.25206184802469866,True
MDT,posterior,volatility_pct,1.4685237791931278,1.1977476791359822,2.235000627139142,True
MDT,posterior,q01_pct,-3.423152733594179,-6.438601060770452,-2.570282103726641,True
MDT,posterior,q99_pct,4.849101826548573,2.4559221887961016,6.735169574711458,True
MDT,posterior,max_drawdown_pct,-28.904741839748148,-60.69838845829293,-8.504080972094474,True
MET,prior,mean_pct,0.09597921136332843,-0.42011757146774187,0.45522948165096727,True
MET,prior,volatility_pct,1.4891964843872825,0.2123767568325391,3.757111591216392,True
MET,prior,q01_pct,-4.25915976986289,-9.347358371131122,-0.4511408458347419,True
MET,prior,q99_pct,3.4188160300254786,0.48219812195748046,9.325640810653544,True
MET,prior,max_drawdown_pct,-17.461384008278124,-70.82048945093555,-1.2993932314906609,True
MET,posterior,mean_pct,0.09597921136332843,-0.2675061610730367,0.3834886509377071,True
MET,posterior,volatility_pct,1.4891964843872825,1.2452441661668245,2.1111846517191455,True
MET,posterior,q01_pct,-4.25915976986289,-6.460511599667371,-2.543053466081619,True
MET,posterior,q99_pct,3.4188160300254786,2.6068782029673434,6.434175120759752,True
MET,posterior,max_drawdown_pct,-17.461384008278124,-53.48830951200668,-6.978507372468389,True
META,prior,mean_pct,-0.04602494936278845,-0.42011757146774187,0.45522948165096727,True
META,prior,volatility_pct,2.4346019285130343,0.2123767568325391,3.757111591216392,True
META,prior,q01_pct,-7.956509254872798,-9.347358371131122,-0.4511408458347419,True
META,prior,q99_pct,6.573479808866976,0.48219812195748046,9.325640810653544,True
META,prior,max_drawdown_pct,-32.46336103482231,-70.82048945093555,-1.2993932314906609,True
META,posterior,mean_pct,-0.04602494936278845,-0.4012271503904259,0.45955551676645,True
META,posterior,volatility_pct,2.4346019285130343,1.819831597785804,3.1721975629189263,True
META,posterior,q01_pct,-7.956509254872798,-9.578915244340896,-3.8617136557586496,True
META,posterior,q99_pct,6.573479808866976,3.928415856882929,9.992920524440672,True
META,posterior,max_drawdown_pct,-32.46336103482231,-72.01222241737979,-13.307770325923544,True
MGM,prior,mean_pct,0.04348058264440624,-0.42011757146774187,0.45522948165096727,True
MGM,prior,volatility_pct,2.387207333290556,0.2123767568325391,3.757111591216392,True
MGM,prior,q01_pct,-4.924748856574297,-9.347358371131122,-0.4511408458347419,True
MGM,prior,q99_pct,8.276752158999438,0.48219812195748046,9.325640810653544,True
MGM,prior,max_drawdown_pct,-22.600150281516118,-70.82048945093555,-1.2993932314906609,True
MGM,posterior,mean_pct,0.04348058264440624,-0.5611870211409329,0.28925956483061016,True
MGM,posterior,volatility_pct,2.387207333290556,1.7756527733369893,3.278888679732541,True
MGM,posterior,q01_pct,-4.924748856574297,-9.529021326452494,-3.8840694491751493,True
MGM,posterior,q99_pct,8.276752158999438,3.6420955327339453,10.113738610781711,True
MGM,posterior,max_drawdown_pct,-22.600150281516118,-78.89159289358817,-16.112616197405252,True
MKC,prior,mean_pct,-0.08431666290675821,-0.42011757146774187,0.45522948165096727,True
MKC,prior,volatility_pct,1.8928906026060173,0.2123767568325391,3.757111591216392,True
MKC,prior,q01_pct,-4.886558707803487,-9.347358371131122,-0.4511408458347419,True
MKC,prior,q99_pct,4.649433661252254,0.48219812195748046,9.325640810653544,True
MKC,prior,max_drawdown_pct,-35.79000993429937,-70.82048945093555,-1.2993932314906609,True
MKC,posterior,mean_pct,-0.08431666290675821,-0.35912443774427416,0.4075974340098582,True
MKC,posterior,volatility_pct,1.8928906026060173,1.5485792014995667,2.4924322470050293,True
MKC,posterior,q01_pct,-4.886558707803487,-7.4151833690702915,-3.182299642218277,True
MKC,posterior,q99_pct,4.649433661252254,3.490365399885921,7.6153577972203434,True
MKC,posterior,max_drawdown_pct,-35.79000993429937,-62.59665322033997,-11.315415028911005,True
MLM,prior,mean_pct,-0.049390719556186014,-0.42011757146774187,0.45522948165096727,True
MLM,prior,volatility_pct,1.7671717960184339,0.2123767568325391,3.757111591216392,True
MLM,prior,q01_pct,-4.7389149107038975,-9.347358371131122,-0.4511408458347419,True
MLM,prior,q99_pct,3.9302035607397445,0.48219812195748046,9.325640810653544,True
MLM,prior,max_drawdown_pct,-28.3891178550579,-70.82048945093555,-1.2993932314906609,True
MLM,posterior,mean_pct,-0.049390719556186014,-0.32589329416465773,0.43023585682704363,True
MLM,posterior,volatility_pct,1.7671717960184339,1.4908856647809567,2.3476795792185516,True
MLM,posterior,q01_pct,-4.7389149107038975,-7.587152004987002,-3.1245666581206026,True
MLM,posterior,q99_pct,3.9302035607397445,3.1856299139559243,7.63455958962439,True
MLM,posterior,max_drawdown_pct,-28.3891178550579,-61.8145255854498,-9.959631662256111,True
MMM,prior,mean_pct,0.047019782039114943,-0.42011757146774187,0.45522948165096727,True
MMM,prior,volatility_pct,1.6526508032061566,0.2123767568325391,3.757111591216392,True
MMM,prior,q01_pct,-2.817976577207446,-9.347358371131122,-0.4511408458347419,True
MMM,prior,q99_pct,4.866343419998877,0.48219812195748046,9.325640810653544,True
MMM,prior,max_drawdown_pct,-18.77120870616198,-70.82048945093555,-1.2993932314906609,True
MMM,posterior,mean_pct,0.047019782039114943,-0.33769581820948247,0.272412828766848,True
MMM,posterior,volatility_pct,1.6526508032061566,1.3094210022241053,2.6866370233137005,True
MMM,posterior,q01_pct,-2.817976577207446,-6.972290611453354,-2.576806581951678,True
MMM,posterior,q99_pct,4.866343419998877,2.7574820046778727,7.249773935228578,True
MMM,posterior,max_drawdown_pct,-18.77120870616198,-64.68024731685878,-9.20213304361752,True
MNST,prior,mean_pct,0.1486885962094675,-0.42011757146774187,0.45522948165096727,True
MNST,prior,volatility_pct,1.6640577901445301,0.2123767568325391,3.757111591216392,True
MNST,prior,q01_pct,-4.005905147641897,-9.347358371131122,-0.4511408458347419,True
MNST,prior,q99_pct,4.14707215502858,0.48219812195748046,9.325640810653544,True
MNST,prior,max_drawdown_pct,-17.70136543209452,-70.82048945093555,-1.2993932314906609,True
MNST,posterior,mean_pct,0.1486885962094675,-0.19060994363289296,0.48064771932221356,True
MNST,posterior,volatility_pct,1.6640577901445301,1.2037000003275724,3.3572849079997726,True
MNST,posterior,q01_pct,-4.005905147641897,-7.90208751540631,-2.4055642575491225,True
MNST,posterior,q99_pct,4.14707215502858,2.7692296533845364,8.932328158244474,True
MNST,posterior,max_drawdown_pct,-17.70136543209452,-48.33692361829698,-6.688614224645468,True
MO,prior,mean_pct,0.05310788226893237,-0.42011757146774187,0.45522948165096727,True
MO,prior,volatility_pct,1.622018890005323,0.2123767568325391,3.757111591216392,True
MO,prior,q01_pct,-4.663345385342836,-9.347358371131122,-0.4511408458347419,True
MO,prior,q99_pct,3.5781234130263324,0.48219812195748046,9.325640810653544,True
MO,prior,max_drawdown_pct,-16.396941457969927,-70.82048945093555,-1.2993932314906609,True
MO,posterior,mean_pct,0.05310788226893237,-0.21448013236319619,0.4273589090114313,True
MO,posterior,volatility_pct,1.622018890005323,1.2397463436247762,3.149734053236262,True
MO,posterior,q01_pct,-4.663345385342836,-7.917070537246763,-2.6003656534012407,True
MO,posterior,q99_pct,3.5781234130263324,2.6916342030744973,7.74063871037214,True
MO,posterior,max_drawdown_pct,-16.396941457969927,-52.66754152536126,-7.36323749011079,True
MOS,prior,mean_pct,-0.05371587268427902,-0.42011757146774187,0.45522948165096727,True
MOS,prior,volatility_pct,2.805293821668414,0.2123767568325391,3.757111591216392,True
MOS,prior,q01_pct,-6.682753525674342,-9.347358371131122,-0.4511408458347419,True
MOS,prior,q99_pct,6.93588454276322,0.48219812195748046,9.325640810653544,True
MOS,prior,max_drawdown_pct,-43.2911790960818,-70.82048945093555,-1.2993932314906609,True
MOS,posterior,mean_pct,-0.05371587268427902,-0.5665959387279846,0.3550792922937659,True
MOS,posterior,volatility_pct,2.805293821668414,2.1244314891333578,2.8253617158088358,True
MOS,posterior,q01_pct,-6.682753525674342,-8.518678103387355,-4.498196728155017,True
MOS,posterior,q99_pct,6.93588454276322,4.239420674648134,8.787686274386928,True
MOS,posterior,max_drawdown_pct,-43.2911790960818,-80.72130969257431,-15.988418941786387,True
MPC,prior,mean_pct,0.331999923668036,-0.42011757146774187,0.45522948165096727,True
MPC,prior,volatility_pct,2.1326107320692067,0.2123767568325391,3.757111591216392,True
MPC,prior,q01_pct,-5.508218035101891,-9.347358371131122,-0.4511408458347419,True
MPC,prior,q99_pct,5.892042908817529,0.48219812195748046,9.325640810653544,True
MPC,prior,max_drawdown_pct,-18.328664887453083,-70.82048945093555,-1.2993932314906609,True
MPC,posterior,mean_pct,0.331999923668036,-0.23725396600633042,0.6600502214076582,True
MPC,posterior,volatility_pct,2.1326107320692067,1.7848282101201234,2.931166191660376,True
MPC,posterior,q01_pct,-5.508218035101891,-8.671260444633663,-3.4780500340275475,True
MPC,posterior,q99_pct,5.892042908817529,3.959498582500964,9.33215419854966,True
MPC,posterior,max_drawdown_pct,-18.328664887453083,-61.598462382008954,-9.364964504290821,True
MPWR,prior,mean_pct,0.19705610979343646,-0.42011757146774187,0.45522948165096727,True
MPWR,prior,volatility_pct,3.343397177569576,0.2123767568325391,3.757111591216392,True
MPWR,prior,q01_pct,-8.111981227993965,-9.347358371131122,-0.4511408458347419,True
MPWR,prior,q99_pct,8.432910926640032,0.48219812195748046,9.325640810653544,True
MPWR,prior,max_drawdown_pct,-28.072130085581783,-70.82048945093555,-1.2993932314906609,True
MPWR,posterior,mean_pct,0.19705610979343646,-0.3464148728941723,0.6328933877565672,True
MPWR,posterior,volatility_pct,3.343397177569576,2.1626118211129253,2.9094321766829316,False
MPWR,posterior,q01_pct,-8.111981227993965,-8.705367934331298,-4.214524186309427,True
MPWR,posterior,q99_pct,8.432910926640032,4.57922036461532,9.49324759040027,True
MPWR,posterior,max_drawdown_pct,-28.072130085581783,-68.61179366821463,-12.358355459655025,True
MRK,prior,mean_pct,0.26195234269152934,-0.42011757146774187,0.45522948165096727,True
MRK,prior,volatility_pct,1.9087088595122406,0.2123767568325391,3.757111591216392,True
MRK,prior,q01_pct,-3.504686783999204,-9.347358371131122,-0.4511408458347419,True
MRK,prior,q99_pct,6.163083370774971,0.48219812195748046,9.325640810653544,True
MRK,prior,max_drawdown_pct,-11.365485558307398,-70.82048945093555,-1.2993932314906609,True
MRK,posterior,mean_pct,0.26195234269152934,-0.3154369751119077,0.4063731588631736,True
MRK,posterior,volatility_pct,1.9087088595122406,1.5170333835176937,3.334350333001741,True
MRK,posterior,q01_pct,-3.504686783999204,-9.388066885061562,-3.1797059194184842,True
MRK,posterior,q99_pct,6.163083370774971,3.4267573344055484,8.185565792024109,True
MRK,posterior,max_drawdown_pct,-11.365485558307398,-63.37245090612832,-9.536313234559483,True
MRNA,prior,mean_pct,1.1014967024721045,-0.42011757146774187,0.45522948165096727,False
MRNA,prior,volatility_pct,12.008318904118026,0.2123767568325391,3.757111591216392,False
MRNA,prior,q01_pct,-8.152217343449593,-9.347358371131122,-0.4511408458347419,True
MRNA,prior,q99_pct,15.90793505311012,0.48219812195748046,9.325640810653544,False
MRNA,prior,max_drawdown_pct,-34.15648156055201,-70.82048945093555,-1.2993932314906609,True
MRNA,posterior,mean_pct,1.1014967024721045,-0.5239568375839809,0.6285266254166009,False
MRNA,posterior,volatility_pct,12.008318904118026,2.1631228522422186,2.903158013027295,False
MRNA,posterior,q01_pct,-8.152217343449593,-8.982118436694146,-4.27023547878489,True
MRNA,posterior,q99_pct,15.90793505311012,4.392438234016296,9.48803136553613,False
MRNA,posterior,max_drawdown_pct,-34.15648156055201,-78.68476951950262,-13.717857508600636,True
MRSH,prior,mean_pct,-0.01995746644212204,-0.42011757146774187,0.45522948165096727,True
MRSH,prior,volatility_pct,1.634329100344201,0.2123767568325391,3.757111591216392,True
MRSH,prior,q01_pct,-3.493144139647484,-9.347358371131122,-0.4511408458347419,True
MRSH,prior,q99_pct,4.278788957744835,0.48219812195748046,9.325640810653544,True
MRSH,prior,max_drawdown_pct,-23.228545493043285,-70.82048945093555,-1.2993932314906609,True
MRSH,posterior,mean_pct,-0.01995746644212204,-0.36242884383327123,0.3166506247594326,True
MRSH,posterior,volatility_pct,1.634329100344201,1.2885963478442108,2.8720623611904985,True
MRSH,posterior,q01_pct,-3.493144139647484,-7.932133907265961,-2.7949267497286203,True
MRSH,posterior,q99_pct,4.278788957744835,2.5985005985479774,7.773713915981338,True
MRSH,posterior,max_drawdown_pct,-23.228545493043285,-64.93847360658646,-9.435262058804241,True
MRVL,prior,mean_pct,0.5423088580698732,-0.42011757146774187,0.45522948165096727,False
MRVL,prior,volatility_pct,5.075917944220905,0.2123767568325391,3.757111591216392,False
MRVL,prior,q01_pct,-10.03769937902689,-9.347358371131122,-0.4511408458347419,False
MRVL,prior,q99_pct,12.80163511633873,0.48219812195748046,9.325640810653544,False
MRVL,prior,max_drawdown_pct,-48.34867044709441,-70.82048945093555,-1.2993932314906609,True
MRVL,posterior,mean_pct,0.5423088580698732,-0.3746030257389812,0.5572792597390216,True
MRVL,posterior,volatility_pct,5.075917944220905,2.0048434127443397,3.0025336801981304,False
MRVL,posterior,q01_pct,-10.03769937902689,-9.89057401381433,-4.105476758349688,False
MRVL,posterior,q99_pct,12.80163511633873,4.5976602725684605,10.322199826873831,False
MRVL,posterior,max_drawdown_pct,-48.34867044709441,-68.0563605518888,-12.11628158525214,True
MS,prior,mean_pct,0.16934134853840987,-0.42011757146774187,0.45522948165096727,True
MS,prior,volatility_pct,1.7572718031193042,0.2123767568325391,3.757111591216392,True
MS,prior,q01_pct,-4.645288661122322,-9.347358371131122,-0.4511408458347419,True
MS,prior,q99_pct,4.51076989993453,0.48219812195748046,9.325640810653544,True
MS,prior,max_drawdown_pct,-18.830214489321552,-70.82048945093555,-1.2993932314906609,True
MS,posterior,mean_pct,0.16934134853840987,-0.22375885997139378,0.5691596688541771,True
MS,posterior,volatility_pct,1.7572718031193042,1.4708966355836386,2.5816855067842948,True
MS,posterior,q01_pct,-4.645288661122322,-7.033947545103728,-2.8592362462542957,True
MS,posterior,q99_pct,4.51076989993453,3.162145264726129,7.8787099499255095,True
MS,posterior,max_drawdown_pct,-18.830214489321552,-52.5278545190202,-8.124724074953376,True
MSCI,prior,mean_pct,0.02678606655877047,-0.42011757146774187,0.45522948165096727,True
MSCI,prior,volatility_pct,1.9028437015939363,0.2123767568325391,3.757111591216392,True
MSCI,prior,q01_pct,-6.234961003065109,-9.347358371131122,-0.4511408458347419,True
MSCI,prior,q99_pct,4.939631987363091,0.48219812195748046,9.325640810653544,True
MSCI,prior,max_drawdown_pct,-18.07283088410171,-70.82048945093555,-1.2993932314906609,True
MSCI,posterior,mean_pct,0.02678606655877047,-0.2991192397046696,0.3925088030298899,True
MSCI,posterior,volatility_pct,1.9028437015939363,1.4185955288495102,3.5386011006512472,True
MSCI,posterior,q01_pct,-6.234961003065109,-8.786622148193418,-3.1186100701801482,True
MSCI,posterior,q99_pct,4.939631987363091,2.966576789272945,9.781856399215703,True
MSCI,posterior,max_drawdown_pct,-18.07283088410171,-64.23259562862344,-8.917794278960592,True
MSFT,prior,mean_pct,0.015752790157819163,-0.42011757146774187,0.45522948165096727,True
MSFT,prior,volatility_pct,2.0316994647966986,0.2123767568325391,3.757111591216392,True
MSFT,prior,q01_pct,-4.058469440788031,-9.347358371131122,-0.4511408458347419,True
MSFT,prior,q99_pct,5.16407642513513,0.48219812195748046,9.325640810653544,True
MSFT,prior,max_drawdown_pct,-34.4983894669908,-70.82048945093555,-1.2993932314906609,True
MSFT,posterior,mean_pct,0.015752790157819163,-0.3866676059730594,0.38674467155814785,True
MSFT,posterior,volatility_pct,2.0316994647966986,1.500589617307623,3.2742101235383156,True
MSFT,posterior,q01_pct,-4.058469440788031,-9.071042564697564,-3.1021112018730497,True
MSFT,posterior,q99_pct,5.16407642513513,3.3379205849952984,8.894995546154671,True
MSFT,posterior,max_drawdown_pct,-34.4983894669908,-70.96399125003595,-10.416088748652268,True
MSI,prior,mean_pct,0.016173189340662475,-0.42011757146774187,0.45522948165096727,True
MSI,prior,volatility_pct,1.6391678411073054,0.2123767568325391,3.757111591216392,True
MSI,prior,q01_pct,-4.174887333065271,-9.347358371131122,-0.4511408458347419,True
MSI,prior,q99_pct,4.086671527475113,0.48219812195748046,9.325640810653544,True
MSI,prior,max_drawdown_pct,-25.448270249105363,-70.82048945093555,-1.2993932314906609,True
MSI,posterior,mean_pct,0.016173189340662475,-0.3382473659906555,0.36849257977539873,True
MSI,posterior,volatility_pct,1.6391678411073054,1.1979271301815706,2.955571245794978,True
MSI,posterior,q01_pct,-4.174887333065271,-7.46497193723917,-2.5242337298579516,True
MSI,posterior,q99_pct,4.086671527475113,2.5822421456687117,8.266600610315779,True
MSI,posterior,max_drawdown_pct,-25.448270249105363,-63.525706227150486,-7.92064065725682,True
MTB,prior,mean_pct,0.09248200514946348,-0.42011757146774187,0.45522948165096727,True
MTB,prior,volatility_pct,1.35060205121152,0.2123767568325391,3.757111591216392,True
MTB,prior,q01_pct,-3.5737956129014496,-9.347358371131122,-0.4511408458347419,True
MTB,prior,q99_pct,3.3769232220947716,0.48219812195748046,9.325640810653544,True
MTB,prior,max_drawdown_pct,-16.97572136243202,-70.82048945093555,-1.2993932314906609,True
MTB,posterior,mean_pct,0.09248200514946348,-0.20809367657447098,0.3462998629579132,True
MTB,posterior,volatility_pct,1.35060205121152,1.1335338577518699,1.83668626303838,True
MTB,posterior,q01_pct,-3.5737956129014496,-5.352143192850053,-2.271927714068443,True
MTB,posterior,q99_pct,3.3769232220947716,2.412332785502075,5.485241456422951,True
MTB,posterior,max_drawdown_pct,-16.97572136243202,-50.56540088815213,-7.475058881226131,True
MTD,prior,mean_pct,0.038675988685810125,-0.42011757146774187,0.45522948165096727,True
MTD,prior,volatility_pct,1.9934022100336446,0.2123767568325391,3.757111591216392,True
MTD,prior,q01_pct,-4.217232912778854,-9.347358371131122,-0.4511408458347419,True
MTD,prior,q99_pct,4.22218246385455,0.48219812195748046,9.325640810653544,True
MTD,prior,max_drawdown_pct,-31.904621469349536,-70.82048945093555,-1.2993932314906609,True
MTD,posterior,mean_pct,0.038675988685810125,-0.3884305617154915,0.3468747129395025,True
MTD,posterior,volatility_pct,1.9934022100336446,1.5664802967709142,2.9544536288044636,True
MTD,posterior,q01_pct,-4.217232912778854,-8.033918895944954,-3.5137000131420804,True
MTD,posterior,q99_pct,4.22218246385455,3.242893092008304,8.519645270705213,True
MTD,posterior,max_drawdown_pct,-31.904621469349536,-67.737849606963,-12.51186678457394,True
MU,prior,mean_pct,0.960053561203722,-0.42011757146774187,0.45522948165096727,False
MU,prior,volatility_pct,5.10258089847547,0.2123767568325391,3.757111591216392,False
MU,prior,q01_pct,-10.703581869602203,-9.347358371131122,-0.4511408458347419,False
MU,prior,q99_pct,15.60456871986389,0.48219812195748046,9.325640810653544,False
MU,prior,max_drawdown_pct,-39.095418579156004,-70.82048945093555,-1.2993932314906609,True
MU,posterior,mean_pct,0.960053561203722,-0.330589957804591,0.5451651994604984,False
MU,posterior,volatility_pct,5.10258089847547,2.0373359422375548,3.0505490999513953,False
MU,posterior,q01_pct,-10.703581869602203,-11.021221408061683,-4.22317209225148,True
MU,posterior,q99_pct,15.60456871986389,4.543470288719978,10.518237571045741,False
MU,posterior,max_drawdown_pct,-39.095418579156004,-66.00047207845147,-12.879564371102989,True
NCLH,prior,mean_pct,-0.1331869382397599,-0.42011757146774187,0.45522948165096727,True
NCLH,prior,volatility_pct,3.396827548258594,0.2123767568325391,3.757111591216392,True
NCLH,prior,q01_pct,-9.110009856522083,-9.347358371131122,-0.4511408458347419,True
NCLH,prior,q99_pct,7.980472818016998,0.48219812195748046,9.325640810653544,True
NCLH,prior,max_drawdown_pct,-45.10022244696212,-70.82048945093555,-1.2993932314906609,True
NCLH,posterior,mean_pct,-0.1331869382397599,-0.7126843302969883,0.2978921343275471,True
NCLH,posterior,volatility_pct,3.396827548258594,2.112169691651848,2.9089572899627534,False
NCLH,posterior,q01_pct,-9.110009856522083,-9.625035081245006,-4.7008180989883845,True
NCLH,posterior,q99_pct,7.980472818016998,4.2098191664554125,8.6453354757279,True
NCLH,posterior,max_drawdown_pct,-45.10022244696212,-86.15014578498713,-17.424562446945707,True
NDAQ,prior,mean_pct,0.026703635572289386,-0.42011757146774187,0.45522948165096727,True
NDAQ,prior,volatility_pct,1.7328760274917026,0.2123767568325391,3.757111591216392,True
NDAQ,prior,q01_pct,-5.044606123119593,-9.347358371131122,-0.4511408458347419,True
NDAQ,prior,q99_pct,3.7528047151863566,0.48219812195748046,9.325640810653544,True
NDAQ,prior,max_drawdown_pct,-23.38099449606642,-70.82048945093555,-1.2993932314906609,True
NDAQ,posterior,mean_pct,0.026703635572289386,-0.24466634658796238,0.46754196103782575,True
NDAQ,posterior,volatility_pct,1.7328760274917026,1.3682923492104577,2.7729256615617977,True
NDAQ,posterior,q01_pct,-5.044606123119593,-8.35034505687654,-2.868251958815381,True
NDAQ,posterior,q99_pct,3.7528047151863566,3.1138518444728085,8.830678628664385,True
NDAQ,posterior,max_drawdown_pct,-23.38099449606642,-53.81932335291476,-8.136223095739158,True
NDSN,prior,mean_pct,0.15088117761621334,-0.42011757146774187,0.45522948165096727,True
NDSN,prior,volatility_pct,1.3888483450702693,0.2123767568325391,3.757111591216392,True
NDSN,prior,q01_pct,-2.5803523045033216,-9.347358371131122,-0.4511408458347419,True
NDSN,prior,q99_pct,3.6074543744325593,0.48219812195748046,9.325640810653544,True
NDSN,prior,max_drawdown_pct,-14.147641432837233,-70.82048945093555,-1.2993932314906609,True
NDSN,posterior,mean_pct,0.15088117761621334,-0.2156508428979147,0.387737514457509,True
NDSN,posterior,volatility_pct,1.3888483450702693,1.1190653505386734,1.9873848221673132,True
NDSN,posterior,q01_pct,-2.5803523045033216,-6.027360314317048,-2.2024943509604786,True
NDSN,posterior,q99_pct,3.6074543744325593,2.395586897106841,5.831429130025192,True
NDSN,posterior,max_drawdown_pct,-14.147641432837233,-49.464755134846804,-6.877983661330724,True
NEE,prior,mean_pct,0.07706968077911824,-0.42011757146774187,0.45522948165096727,True
NEE,prior,volatility_pct,1.339209913224395,0.2123767568325391,3.757111591216392,True
NEE,prior,q01_pct,-3.2922010496258736,-9.347358371131122,-0.4511408458347419,True
NEE,prior,q99_pct,3.3592060953378557,0.48219812195748046,9.325640810653544,True
NEE,prior,max_drawdown_pct,-15.14163142473014,-70.82048945093555,-1.2993932314906609,True
NEE,posterior,mean_pct,0.07706968077911824,-0.23125488100997948,0.3782746202713561,True
NEE,posterior,volatility_pct,1.339209913224395,1.0675044278645212,2.048989338553481,True
NEE,posterior,q01_pct,-3.2922010496258736,-5.509943759255111,-2.10084788678214,True
NEE,posterior,q99_pct,3.3592060953378557,2.3961564560886464,6.145611262135185,True
NEE,posterior,max_drawdown_pct,-15.14163142473014,-46.91978786828239,-5.436287390800957,True
NEM,prior,mean_pct,0.27373951554636733,-0.42011757146774187,0.45522948165096727,True
NEM,prior,volatility_pct,3.1158272583401723,0.2123767568325391,3.757111591216392,True
NEM,prior,q01_pct,-7.8404781222343445,-9.347358371131122,-0.4511408458347419,True
NEM,prior,q99_pct,6.9143242016434625,0.48219812195748046,9.325640810653544,True
NEM,prior,max_drawdown_pct,-32.10366351224489,-70.82048945093555,-1.2993932314906609,True
NEM,posterior,mean_pct,0.27373951554636733,-0.31549176049378147,0.6525193555316287,True
NEM,posterior,volatility_pct,3.1158272583401723,2.1006137980585007,2.904902638308251,False
NEM,posterior,q01_pct,-7.8404781222343445,-8.621860227920115,-4.18427756652236,True
NEM,posterior,q99_pct,6.9143242016434625,4.42607722962275,8.872584817931042,True
NEM,posterior,max_drawdown_pct,-32.10366351224489,-63.77506205473829,-11.669183938069512,True
NFLX,prior,mean_pct,-0.15172100441702696,-0.42011757146774187,0.45522948165096727,True
NFLX,prior,volatility_pct,2.2506985795620724,0.2123767568325391,3.757111591216392,True
NFLX,prior,q01_pct,-6.466827373951673,-9.347358371131122,-0.4511408458347419,True
NFLX,prior,q99_pct,5.00877493992447,0.48219812195748046,9.325640810653544,True
NFLX,prior,max_drawdown_pct,-46.48723454668849,-70.82048945093555,-1.2993932314906609,True
NFLX,posterior,mean_pct,-0.15172100441702696,-0.5042653279835321,0.3101632607755035,True
NFLX,posterior,volatility_pct,2.2506985795620724,1.7392374953470877,3.7038953663662206,True
NFLX,posterior,q01_pct,-6.466827373951673,-9.458457483164965,-3.6939829217270024,True
NFLX,posterior,q99_pct,5.00877493992447,3.518732632230967,9.26228813193736,True
NFLX,posterior,max_drawdown_pct,-46.48723454668849,-78.22871405448952,-12.408300068460624,True
NI,prior,mean_pct,0.010184468095530974,-0.42011757146774187,0.45522948165096727,True
NI,prior,volatility_pct,1.1722518988069428,0.2123767568325391,3.757111591216392,True
NI,prior,q01_pct,-3.2697951421141624,-9.347358371131122,-0.4511408458347419,True
NI,prior,q99_pct,2.626687306910753,0.48219812195748046,9.325640810653544,True
NI,prior,max_drawdown_pct,-16.78513951911039,-70.82048945093555,-1.2993932314906609,True
NI,posterior,mean_pct,0.010184468095530974,-0.19971258940226733,0.3417049871261071,True
NI,posterior,volatility_pct,1.1722518988069428,0.9927328901270536,1.5878370807672495,True
NI,posterior,q01_pct,-3.2697951421141624,-4.605128898844123,-2.0288829125929624,True
NI,posterior,q99_pct,2.626687306910753,2.1217234272509806,4.769600146356953,True
NI,posterior,max_drawdown_pct,-16.78513951911039,-43.93516653777698,-5.256300360758879,True
NKE,prior,mean_pct,-0.23520655073525631,-0.42011757146774187,0.45522948165096727,True
NKE,prior,volatility_pct,2.2652990726017745,0.2123767568325391,3.757111591216392,True
NKE,prior,q01_pct,-4.601251184940338,-9.347358371131122,-0.4511408458347419,True
NKE,prior,q99_pct,4.754862729459998,0.48219812195748046,9.325640810653544,True
NKE,prior,max_drawdown_pct,-49.313613346441635,-70.82048945093555,-1.2993932314906609,True
NKE,posterior,mean_pct,-0.23520655073525631,-0.5507339563252458,0.33149679528203174,True
NKE,posterior,volatility_pct,2.2652990726017745,1.7922594379507915,3.133095344267941,True
NKE,posterior,q01_pct,-4.601251184940338,-9.22320739980787,-3.7261918661184614,True
NKE,posterior,q99_pct,4.754862729459998,3.7059283917769776,8.214894928969423,True
NKE,posterior,max_drawdown_pct,-49.313613346441635,-80.17152564073311,-15.035744779214864,True
NOC,prior,mean_pct,-0.029527294339004584,-0.42011757146774187,0.45522948165096727,True
NOC,prior,volatility_pct,1.6957016068127058,0.2123767568325391,3.757111591216392,True
NOC,prior,q01_pct,-4.700968582183123,-9.347358371131122,-0.4511408458347419,True
NOC,prior,q99_pct,4.565402083098884,0.48219812195748046,9.325640810653544,True
NOC,prior,max_drawdown_pct,-35.131499422012915,-70.82048945093555,-1.2993932314906609,True
NOC,posterior,mean_pct,-0.029527294339004584,-0.3641532583512799,0.2768099203339388,True
NOC,posterior,volatility_pct,1.6957016068127058,1.3865917065932207,2.6701162745176723,True
NOC,posterior,q01_pct,-4.700968582183123,-7.768525001592934,-2.9576325367670506,True
NOC,posterior,q99_pct,4.565402083098884,3.008312943996861,7.690438565984363,True
NOC,posterior,max_drawdown_pct,-35.131499422012915,-65.6727614344446,-9.141848046376843,True
NOW,prior,mean_pct,-0.04382958422866068,-0.42011757146774187,0.45522948165096727,True
NOW,prior,volatility_pct,3.5428779207613768,0.2123767568325391,3.757111591216392,True
NOW,prior,q01_pct,-8.79735890775919,-9.347358371131122,-0.4511408458347419,True
NOW,prior,q99_pct,9.514854513108723,0.48219812195748046,9.325640810653544,False
NOW,prior,max_drawdown_pct,-56.8225553253372,-70.82048945093555,-1.2993932314906609,True
NOW,posterior,mean_pct,-0.04382958422866068,-0.5074624738735771,0.4707531474498794,True
NOW,posterior,volatility_pct,3.5428779207613768,2.1344265959472573,2.9516405232324656,False
NOW,posterior,q01_pct,-8.79735890775919,-9.761940324865282,-4.631413773726672,True
NOW,posterior,q99_pct,9.514854513108723,4.515666967071592,9.30076150503008,False
NOW,posterior,max_drawdown_pct,-56.8225553253372,-78.47128987282724,-12.635684143832364,True
NRG,prior,mean_pct,-0.0352225516735416,-0.42011757146774187,0.45522948165096727,True
NRG,prior,volatility_pct,3.0441822907648324,0.2123767568325391,3.757111591216392,True
NRG,prior,q01_pct,-7.405145019292831,-9.347358371131122,-0.4511408458347419,True
NRG,prior,q99_pct,6.465115994215011,0.48219812195748046,9.325640810653544,True
NRG,prior,max_drawdown_pct,-40.099281862317994,-70.82048945093555,-1.2993932314906609,True
NRG,posterior,mean_pct,-0.0352225516735416,-0.49055509016139354,0.4665932843148503,True
NRG,posterior,volatility_pct,3.0441822907648324,2.1189232296120264,2.9513047536650907,False
NRG,posterior,q01_pct,-7.405145019292831,-8.600990229286253,-4.521252980269492,True
NRG,posterior,q99_pct,6.465115994215011,4.324410051852463,8.313071867451056,True
NRG,posterior,max_drawdown_pct,-40.099281862317994,-75.89785444506829,-13.51925345828994,True
NSC,prior,mean_pct,0.08166248767622619,-0.42011757146774187,0.45522948165096727,True
NSC,prior,volatility_pct,1.2860849018176912,0.2123767568325391,3.757111591216392,True
NSC,prior,q01_pct,-3.0655759386718273,-9.347358371131122,-0.4511408458347419,True
NSC,prior,q99_pct,3.1407041661441317,0.48219812195748046,9.325640810653544,True
NSC,prior,max_drawdown_pct,-12.472069889076721,-70.82048945093555,-1.2993932314906609,True
NSC,posterior,mean_pct,0.08166248767622619,-0.19801844621218834,0.3936276111186954,True
NSC,posterior,volatility_pct,1.2860849018176912,0.9931702831591896,4.396187175724023,True
NSC,posterior,q01_pct,-3.0655759386718273,-8.094889300130308,-2.04257404068485,True
NSC,posterior,q99_pct,3.1407041661441317,2.208883139071985,7.298810023628153,True
NSC,posterior,max_drawdown_pct,-12.472069889076721,-48.625938737103354,-5.105336723924765,True
NTAP,prior,mean_pct,0.2216847005456657,-0.42011757146774187,0.45522948165096727,True
NTAP,prior,volatility_pct,2.7085528084950665,0.2123767568325391,3.757111591216392,True
NTAP,prior,q01_pct,-6.847237944602965,-9.347358371131122,-0.4511408458347419,True
NTAP,prior,q99_pct,6.2615763209760145,0.48219812195748046,9.325640810653544,True
NTAP,prior,max_drawdown_pct,-24.833373227137844,-70.82048945093555,-1.2993932314906609,True
NTAP,posterior,mean_pct,0.2216847005456657,-0.44660424838859747,0.5406488876256147,True
NTAP,posterior,volatility_pct,2.7085528084950665,1.8860653191232917,3.043968100432734,True
NTAP,posterior,q01_pct,-6.847237944602965,-8.886329001933337,-4.005335202347487,True
NTAP,posterior,q99_pct,6.2615763209760145,4.113452538568525,9.142574473284162,True
NTAP,posterior,max_drawdown_pct,-24.833373227137844,-72.39025768747199,-12.42685707001718,True
NTRS,prior,mean_pct,0.16078303037829755,-0.42011757146774187,0.45522948165096727,True
NTRS,prior,volatility_pct,1.5420508242595306,0.2123767568325391,3.757111591216392,True
NTRS,prior,q01_pct,-3.7197341211140156,-9.347358371131122,-0.4511408458347419,True
NTRS,prior,q99_pct,3.751869387924662,0.48219812195748046,9.325640810653544,True
NTRS,prior,max_drawdown_pct,-12.38624163603248,-70.82048945093555,-1.2993932314906609,True
NTRS,posterior,mean_pct,0.16078303037829755,-0.19304387315040827,0.4342463110919752,True
NTRS,posterior,volatility_pct,1.5420508242595306,1.234496977276733,2.3387191500548803,True
NTRS,posterior,q01_pct,-3.7197341211140156,-7.2508146073669195,-2.5932736845687034,True
NTRS,posterior,q99_pct,3.751869387924662,2.7787887351587366,8.170781136490392,True
NTRS,posterior,max_drawdown_pct,-12.38624163603248,-47.13812243988347,-7.153883181291332,True
NUE,prior,mean_pct,0.24213616301267393,-0.42011757146774187,0.45522948165096727,True
NUE,prior,volatility_pct,1.9915573384230987,0.2123767568325391,3.757111591216392,True
NUE,prior,q01_pct,-4.115064982324839,-9.347358371131122,-0.4511408458347419,True
NUE,prior,q99_pct,4.997566752135751,0.48219812195748046,9.325640810653544,True
NUE,prior,max_drawdown_pct,-18.434320891023447,-70.82048945093555,-1.2993932314906609,True
NUE,posterior,mean_pct,0.24213616301267393,-0.2882880073143319,0.5434884846771267,True
NUE,posterior,volatility_pct,1.9915573384230987,1.6862513805087476,2.615375507156936,True
NUE,posterior,q01_pct,-4.115064982324839,-8.052175206132233,-3.1556646144483245,True
NUE,posterior,q99_pct,4.997566752135751,3.726892396062612,7.847782580740734,True
NUE,posterior,max_drawdown_pct,-18.434320891023447,-60.153810961308665,-9.097112059865546,True
NVDA,prior,mean_pct,0.12504971811040377,-0.42011757146774187,0.45522948165096727,True
NVDA,prior,volatility_pct,2.3959228181029024,0.2123767568325391,3.757111591216392,True
NVDA,prior,q01_pct,-4.934982862323523,-9.347358371131122,-0.4511408458347419,True
NVDA,prior,q99_pct,6.003859825432295,0.48219812195748046,9.325640810653544,True
NVDA,prior,max_drawdown_pct,-20.214386185132717,-70.82048945093555,-1.2993932314906609,True
NVDA,posterior,mean_pct,0.12504971811040377,-0.4014204153131615,0.5286676191302674,True
NVDA,posterior,volatility_pct,2.3959228181029024,1.9658652972841886,2.8152134283500265,True
NVDA,posterior,q01_pct,-4.934982862323523,-8.092179126478731,-4.115133326221258,True
NVDA,posterior,q99_pct,6.003859825432295,4.2329186710529,8.289865253120654,True
NVDA,posterior,max_drawdown_pct,-20.214386185132717,-70.91556522996795,-12.9364877650827,True
NVR,prior,mean_pct,-0.08240683744737964,-0.42011757146774187,0.45522948165096727,True
NVR,prior,volatility_pct,1.709438157004995,0.2123767568325391,3.757111591216392,True
NVR,prior,q01_pct,-3.7836269848048687,-9.347358371131122,-0.4511408458347419,True
NVR,prior,q99_pct,4.128572866320608,0.48219812195748046,9.325640810653544,True
NVR,prior,max_drawdown_pct,-34.875100469933344,-70.82048945093555,-1.2993932314906609,True
NVR,posterior,mean_pct,-0.08240683744737964,-0.4057000797206456,0.2749932000342186,True
NVR,posterior,volatility_pct,1.709438157004995,1.432042428749791,2.3276554876535362,True
NVR,posterior,q01_pct,-3.7836269848048687,-7.280060936510563,-3.1275451890658594,True
NVR,posterior,q99_pct,4.128572866320608,2.8521494045853593,6.510062504932277,True
NVR,posterior,max_drawdown_pct,-34.875100469933344,-67.71716269547748,-11.997973870999015,True
NWS,prior,mean_pct,0.015950427211919305,-0.42011757146774187,0.45522948165096727,True
NWS,prior,volatility_pct,1.732318036229689,0.2123767568325391,3.757111591216392,True
NWS,prior,q01_pct,-5.1831321604549885,-9.347358371131122,-0.4511408458347419,True
NWS,prior,q99_pct,3.587542753666638,0.48219812195748046,9.325640810653544,True
NWS,prior,max_drawdown_pct,-25.759765761643415,-70.82048945093555,-1.2993932314906609,True
NWS,posterior,mean_pct,0.015950427211919305,-0.33053386642028926,0.44799867111817093,True
NWS,posterior,volatility_pct,1.732318036229689,1.4383278800904615,2.482949473002419,True
NWS,posterior,q01_pct,-5.1831321604549885,-7.663279788196086,-3.082414427725598,True
NWS,posterior,q99_pct,3.587542753666638,3.099541567638516,8.04218387156723,True
NWS,posterior,max_drawdown_pct,-25.759765761643415,-61.36014591257449,-8.308078950063745,True
NWSA,prior,mean_pct,0.028823294280755363,-0.42011757146774187,0.45522948165096727,True
NWSA,prior,volatility_pct,1.6718851534647958,0.2123767568325391,3.757111591216392,True
NWSA,prior,q01_pct,-4.710744395852089,-9.347358371131122,-0.4511408458347419,True
NWSA,prior,q99_pct,3.636060897260903,0.48219812195748046,9.325640810653544,True
NWSA,prior,max_drawdown_pct,-27.811799052124996,-70.82048945093555,-1.2993932314906609,True
NWSA,posterior,mean_pct,0.028823294280755363,-0.30350323742154117,0.4234817994470745,True
NWSA,posterior,volatility_pct,1.6718851534647958,1.3892600739825967,2.2194578739905086,True
NWSA,posterior,q01_pct,-4.710744395852089,-7.073168875463306,-2.9493079239502555,True
NWSA,posterior,q99_pct,3.636060897260903,2.9585092538967714,6.677114670164879,True
NWSA,posterior,max_drawdown_pct,-27.811799052124996,-58.662441229577865,-8.810477526106054,True
NXPI,prior,mean_pct,0.03281607632743544,-0.42011757146774187,0.45522948165096727,True
NXPI,prior,volatility_pct,3.0573097730945133,0.2123767568325391,3.757111591216392,True
NXPI,prior,q01_pct,-7.222317308187484,-9.347358371131122,-0.4511408458347419,True
NXPI,prior,q99_pct,7.331996001303183,0.48219812195748046,9.325640810653544,True
NXPI,prior,max_drawdown_pct,-32.92019511929652,-70.82048945093555,-1.2993932314906609,True
NXPI,posterior,mean_pct,0.03281607632743544,-0.515009251255826,0.41407189233308356,True
NXPI,posterior,volatility_pct,3.0573097730945133,2.0576338070548257,3.0157470580653603,False
NXPI,posterior,q01_pct,-7.222317308187484,-8.900291151180863,-4.403910513501614,True
NXPI,posterior,q99_pct,7.331996001303183,3.9022639318369303,9.621908963471634,True
NXPI,posterior,max_drawdown_pct,-32.92019511929652,-76.3438318194001,-12.070821006366673,True
O,prior,mean_pct,0.04819035111722769,-0.42011757146774187,0.45522948165096727,True
O,prior,volatility_pct,1.0211596066140345,0.2123767568325391,3.757111591216392,True
O,prior,q01_pct,-2.754271049052477,-9.347358371131122,-0.4511408458347419,True
O,prior,q99_pct,1.9954777043312772,0.48219812195748046,9.325640810653544,True
O,prior,max_drawdown_pct,-11.101240411818203,-70.82048945093555,-1.2993932314906609,True
O,posterior,mean_pct,0.04819035111722769,-0.16484832972053454,0.28080634955375666,True
O,posterior,volatility_pct,1.0211596066140345,0.8160674074234769,1.4362996352248536,True
O,posterior,q01_pct,-2.754271049052477,-3.9927997086197133,-1.7598383951932193,True
O,posterior,q99_pct,1.9954777043312772,1.765413789963348,4.204039256088427,True
O,posterior,max_drawdown_pct,-11.101240411818203,-42.401913209894,-5.00842607106995,True
ODFL,prior,mean_pct,0.11581555496036344,-0.42011757146774187,0.45522948165096727,True
ODFL,prior,volatility_pct,2.377014259522929,0.2123767568325391,3.757111591216392,True
ODFL,prior,q01_pct,-6.542140543460846,-9.347358371131122,-0.4511408458347419,True
ODFL,prior,q99_pct,6.5937909856438575,0.48219812195748046,9.325640810653544,True
ODFL,prior,max_drawdown_pct,-25.204639921612937,-70.82048945093555,-1.2993932314906609,True
ODFL,posterior,mean_pct,0.11581555496036344,-0.3494910985618205,0.5041881610301711,True
ODFL,posterior,volatility_pct,2.377014259522929,1.8598884172800207,2.789034975092336,True
ODFL,posterior,q01_pct,-6.542140543460846,-9.102984609827399,-3.7909437193535274,True
ODFL,posterior,q99_pct,6.5937909856438575,4.103407746832811,9.228461938351384,True
ODFL,posterior,max_drawdown_pct,-25.204639921612937,-66.82261197013868,-12.63294904728575,True
OKE,prior,mean_pct,0.12416534850672178,-0.42011757146774187,0.45522948165096727,True
OKE,prior,volatility_pct,1.6721519986920543,0.2123767568325391,3.757111591216392,True
OKE,prior,q01_pct,-4.1010053269565105,-9.347358371131122,-0.4511408458347419,True
OKE,prior,q99_pct,3.800681568682191,0.48219812195748046,9.325640810653544,True
OKE,prior,max_drawdown_pct,-14.487976507013089,-70.82048945093555,-1.2993932314906609,True
OKE,posterior,mean_pct,0.12416534850672178,-0.21316954070522343,0.46151292933070187,True
OKE,posterior,volatility_pct,1.6721519986920543,1.456918703741604,2.368828280798411,True
OKE,posterior,q01_pct,-4.1010053269565105,-6.6163781234994525,-3.0057860737200826,True
OKE,posterior,q99_pct,3.800681568682191,3.1601041357032953,6.760630136914546,True
OKE,posterior,max_drawdown_pct,-14.487976507013089,-51.64751465409468,-8.627801922939526,True
OMC,prior,mean_pct,0.06442531600896473,-0.42011757146774187,0.45522948165096727,True
OMC,prior,volatility_pct,2.2586979398139078,0.2123767568325391,3.757111591216392,True
OMC,prior,q01_pct,-5.069871637970209,-9.347358371131122,-0.4511408458347419,True
OMC,prior,q99_pct,4.677439872175455,0.48219812195748046,9.325640810653544,True
OMC,prior,max_drawdown_pct,-17.85303930608326,-70.82048945093555,-1.2993932314906609,True
OMC,posterior,mean_pct,0.06442531600896473,-0.4405453902993539,0.4408085175833794,True
OMC,posterior,volatility_pct,2.2586979398139078,1.7296066590911376,3.3800881381227215,True
OMC,posterior,q01_pct,-5.069871637970209,-9.854860645532607,-3.55856849765405,True
OMC,posterior,q99_pct,4.677439872175455,3.5415066045708956,8.923153593949966,True
OMC,posterior,max_drawdown_pct,-17.85303930608326,-72.20196615845417,-11.899832364858781,True
ON,prior,mean_pct,0.22443206678985916,-0.42011757146774187,0.45522948165096727,True
ON,prior,volatility_pct,3.8465281112578658,0.2123767568325391,3.757111591216392,False
ON,prior,q01_pct,-9.612465053796768,-9.347358371131122,-0.4511408458347419,False
ON,prior,q99_pct,10.651449263095849,0.48219812195748046,9.325640810653544,False
ON,prior,max_drawdown_pct,-46.29283593407075,-70.82048945093555,-1.2993932314906609,True
ON,posterior,mean_pct,0.22443206678985916,-0.4016396959175452,0.5898800149123601,True
ON,posterior,volatility_pct,3.8465281112578658,2.1726822885520707,2.9392971302986783,False
ON,posterior,q01_pct,-9.612465053796768,-9.333578722178936,-4.037118343915792,False
ON,posterior,q99_pct,10.651449263095849,4.690426694322377,9.464529310911882,False
ON,posterior,max_drawdown_pct,-46.29283593407075,-71.02134186452524,-11.375355020418187,True
ORCL,prior,mean_pct,-0.07262796279405848,-0.42011757146774187,0.45522948165096727,True
ORCL,prior,volatility_pct,4.24432393232777,0.2123767568325391,3.757111591216392,False
ORCL,prior,q01_pct,-7.657986432313918,-9.347358371131122,-0.4511408458347419,True
ORCL,prior,q99_pct,10.327093638479699,0.48219812195748046,9.325640810653544,False
ORCL,prior,max_drawdown_pct,-64.57813021070204,-70.82048945093555,-1.2993932314906609,True
ORCL,posterior,mean_pct,-0.07262796279405848,-0.6872410382351717,0.3710382177235373,True
ORCL,posterior,volatility_pct,4.24432393232777,2.1146565923150034,2.878615049344118,False
ORCL,posterior,q01_pct,-7.657986432313918,-8.829038394615054,-4.46537938034162,True
ORCL,posterior,q99_pct,10.327093638479699,4.233660549670455,8.609797400049851,False
ORCL,posterior,max_drawdown_pct,-64.57813021070204,-84.89310543420716,-16.460668697015997,True
ORLY,prior,mean_pct,-0.05289415377092155,-0.42011757146774187,0.45522948165096727,True
ORLY,prior,volatility_pct,1.6045786002927973,0.2123767568325391,3.757111591216392,True
ORLY,prior,q01_pct,-3.9687344431877136,-9.347358371131122,-0.4511408458347419,True
ORLY,prior,q99_pct,3.875613510608669,0.48219812195748046,9.325640810653544,True
ORLY,prior,max_drawdown_pct,-23.270261670111836,-70.82048945093555,-1.2993932314906609,True
ORLY,posterior,mean_pct,-0.05289415377092155,-0.40148656945336647,0.2623980488285226,True
ORLY,posterior,volatility_pct,1.6045786002927973,1.2770800102362971,2.5146061895055,True
ORLY,posterior,q01_pct,-3.9687344431877136,-7.358783799968659,-2.7867232048418376,True
ORLY,posterior,q99_pct,3.875613510608669,2.583080906700342,6.5345283368602045,True
ORLY,posterior,max_drawdown_pct,-23.270261670111836,-67.33971456061984,-10.373344230546214,True
OTIS,prior,mean_pct,-0.05780961836308052,-0.42011757146774187,0.45522948165096727,True
OTIS,prior,volatility_pct,1.3187646540453497,0.2123767568325391,3.757111591216392,True
OTIS,prior,q01_pct,-2.8182121738791466,-9.347358371131122,-0.4511408458347419,True
OTIS,prior,q99_pct,3.1906019430607486,0.48219812195748046,9.325640810653544,True
OTIS,prior,max_drawdown_pct,-25.485875650512657,-70.82048945093555,-1.2993932314906609,True
OTIS,posterior,mean_pct,-0.05780961836308052,-0.30766980543715494,0.2837336508557119,True
OTIS,posterior,volatility_pct,1.3187646540453497,1.076358312595077,1.8560607006165422,True
OTIS,posterior,q01_pct,-2.8182121738791466,-5.139409654960036,-2.294067007210106,True
OTIS,posterior,q99_pct,3.1906019430607486,2.282460127584634,4.883824526332312,True
OTIS,posterior,max_drawdown_pct,-25.485875650512657,-56.62094954163729,-7.945795770028841,True
OXY,prior,mean_pct,0.12402328495113579,-0.42011757146774187,0.45522948165096727,True
OXY,prior,volatility_pct,2.2216199132057555,0.2123767568325391,3.757111591216392,True
OXY,prior,q01_pct,-5.365033242851496,-9.347358371131122,-0.4511408458347419,True
OXY,prior,q99_pct,5.25959905236959,0.48219812195748046,9.325640810653544,True
OXY,prior,max_drawdown_pct,-27.292525619093546,-70.82048945093555,-1.2993932314906609,True
OXY,posterior,mean_pct,0.12402328495113579,-0.32213717016702503,0.4897559830518478,True
OXY,posterior,volatility_pct,2.2216199132057555,1.8295407921538291,2.8851753310108945,True
OXY,posterior,q01_pct,-5.365033242851496,-8.773217228241265,-3.697819371055812,True
OXY,posterior,q99_pct,5.25959905236959,3.966478201188144,8.844681268557885,True
OXY,posterior,max_drawdown_pct,-27.292525619093546,-64.23763269195685,-11.066225036322887,True
PANW,prior,mean_pct,0.2571416840410734,-0.42011757146774187,0.45522948165096727,True
PANW,prior,volatility_pct,2.824954036099367,0.2123767568325391,3.757111591216392,True
PANW,prior,q01_pct,-6.976229287683963,-9.347358371131122,-0.4511408458347419,True
PANW,prior,q99_pct,7.960150353610492,0.48219812195748046,9.325640810653544,True
PANW,prior,max_drawdown_pct,-36.00596429913941,-70.82048945093555,-1.2993932314906609,True
PANW,posterior,mean_pct,0.2571416840410734,-0.28681452954526776,0.6602193935691466,True
PANW,posterior,volatility_pct,2.824954036099367,2.011122745415458,2.9343067111105277,True
PANW,posterior,q01_pct,-6.976229287683963,-8.669020592048764,-4.186166198924185,True
PANW,posterior,q99_pct,7.960150353610492,4.314601421821862,9.77126855775712,True
PANW,posterior,max_drawdown_pct,-36.00596429913941,-64.7721509809299,-10.725697391346156,True
PAYX,prior,mean_pct,-0.0189307304083286,-0.42011757146774187,0.45522948165096727,True
PAYX,prior,volatility_pct,1.754379517034864,0.2123767568325391,3.757111591216392,True
PAYX,prior,q01_pct,-4.4641416519880295,-9.347358371131122,-0.4511408458347419,True
PAYX,prior,q99_pct,4.322066009044645,0.48219812195748046,9.325640810653544,True
PAYX,prior,max_drawdown_pct,-37.40465885104356,-70.82048945093555,-1.2993932314906609,True
PAYX,posterior,mean_pct,-0.0189307304083286,-0.38347256625601744,0.31534945785667634,True
PAYX,posterior,volatility_pct,1.754379517034864,1.499708937217543,2.605906968637161,True
PAYX,posterior,q01_pct,-4.4641416519880295,-7.773424568027258,-3.275715297646821,True
PAYX,posterior,q99_pct,4.322066009044645,3.0633520327508443,7.839177359733693,True
PAYX,posterior,max_drawdown_pct,-37.40465885104356,-67.79486134389079,-11.464741585878368,True
PCAR,prior,mean_pct,0.10793072212607058,-0.42011757146774187,0.45522948165096727,True
PCAR,prior,volatility_pct,1.72829095730239,0.2123767568325391,3.757111591216392,True
PCAR,prior,q01_pct,-3.3396863564848895,-9.347358371131122,-0.4511408458347419,True
PCAR,prior,q99_pct,5.108560193330049,0.48219812195748046,9.325640810653544,True
PCAR,prior,max_drawdown_pct,-15.292228401517693,-70.82048945093555,-1.2993932314906609,True
PCAR,posterior,mean_pct,0.10793072212607058,-0.4722014725708856,0.3229235413714804,True
PCAR,posterior,volatility_pct,1.72829095730239,1.4748617846515573,2.542318368750921,True
PCAR,posterior,q01_pct,-3.3396863564848895,-6.967544897273182,-3.0282855054829274,True
PCAR,posterior,q99_pct,5.108560193330049,2.870559985842554,7.328846845496424,True
PCAR,posterior,max_drawdown_pct,-15.292228401517693,-71.69927591906729,-11.367072905782667,True
PCG,prior,mean_pct,0.010554618665992166,-0.42011757146774187,0.45522948165096727,True
PCG,prior,volatility_pct,2.1761156753807596,0.2123767568325391,3.757111591216392,True
PCG,prior,q01_pct,-4.966984614729881,-9.347358371131122,-0.4511408458347419,True
PCG,prior,q99_pct,4.530295059084889,0.48219812195748046,9.325640810653544,True
PCG,prior,max_drawdown_pct,-30.158158920152534,-70.82048945093555,-1.2993932314906609,True
PCG,posterior,mean_pct,0.010554618665992166,-0.2605459179740066,0.5042473141007731,True
PCG,posterior,volatility_pct,2.1761156753807596,1.5316074517137515,3.1442479880883596,True
PCG,posterior,q01_pct,-4.966984614729881,-9.310094652324915,-3.330502150254324,True
PCG,posterior,q99_pct,4.530295059084889,3.5209936344064743,9.821103026531599,True
PCG,posterior,max_drawdown_pct,-30.158158920152534,-61.10442972835493,-9.817050156911568,True
PEG,prior,mean_pct,-0.025112845824537544,-0.42011757146774187,0.45522948165096727,True
PEG,prior,volatility_pct,1.1555791665573845,0.2123767568325391,3.757111591216392,True
PEG,prior,q01_pct,-2.696521719917655,-9.347358371131122,-0.4511408458347419,True
PEG,prior,q99_pct,2.6799797266721703,0.48219812195748046,9.325640810653544,True
PEG,prior,max_drawdown_pct,-15.089327498561412,-70.82048945093555,-1.2993932314906609,True
PEG,posterior,mean_pct,-0.025112845824537544,-0.2252799289876284,0.28226017357147615,True
PEG,posterior,volatility_pct,1.1555791665573845,0.9835969570222819,1.5019598096341817,True
PEG,posterior,q01_pct,-2.696521719917655,-4.335459217708558,-2.000727152405307,True
PEG,posterior,q99_pct,2.6799797266721703,2.0725506396498523,4.409456800669426,True
PEG,posterior,max_drawdown_pct,-15.089327498561412,-51.417250139235605,-5.960951078241568,True
PEP,prior,mean_pct,0.002467713477471989,-0.42011757146774187,0.45522948165096727,True
PEP,prior,volatility_pct,1.332968097549726,0.2123767568325391,3.757111591216392,True
PEP,prior,q01_pct,-3.2197676971554756,-9.347358371131122,-0.4511408458347419,True
PEP,prior,q99_pct,3.943533618003124,0.48219812195748046,9.325640810653544,True
PEP,prior,max_drawdown_pct,-19.298392827907694,-70.82048945093555,-1.2993932314906609,True
PEP,posterior,mean_pct,0.002467713477471989,-0.31885834260135937,0.2589838712128729,True
PEP,posterior,volatility_pct,1.332968097549726,1.1050298131577634,1.9444284952122408,True
PEP,posterior,q01_pct,-3.2197676971554756,-5.5199118124321105,-2.367963677318767,True
PEP,posterior,q99_pct,3.943533618003124,2.2291135007981198,5.518759653717251,True
PEP,posterior,max_drawdown_pct,-19.298392827907694,-57.4024637423231,-9.276099604754618,True
PFE,prior,mean_pct,0.09408985281424975,-0.42011757146774187,0.45522948165096727,True
PFE,prior,volatility_pct,1.4763902570624512,0.2123767568325391,3.757111591216392,True
PFE,prior,q01_pct,-3.3684318885207176,-9.347358371131122,-0.4511408458347419,True
PFE,prior,q99_pct,4.222030900418751,0.48219812195748046,9.325640810653544,True
PFE,prior,max_drawdown_pct,-15.724287541156857,-70.82048945093555,-1.2993932314906609,True
PFE,posterior,mean_pct,0.09408985281424975,-0.2745447318659995,0.3553552244656685,True
PFE,posterior,volatility_pct,1.4763902570624512,1.2396025733051228,2.119438602014768,True
PFE,posterior,q01_pct,-3.3684318885207176,-6.673796636238694,-2.5098943540826446,True
PFE,posterior,q99_pct,4.222030900418751,2.6622582889627635,6.401068297866727,True
PFE,posterior,max_drawdown_pct,-15.724287541156857,-56.62279774454799,-7.938937849245514,True
PFG,prior,mean_pct,0.1738790309588012,-0.42011757146774187,0.45522948165096727,True
PFG,prior,volatility_pct,1.4423821546446893,0.2123767568325391,3.757111591216392,True
PFG,prior,q01_pct,-3.6758665554225445,-9.347358371131122,-0.4511408458347419,True
PFG,prior,q99_pct,3.3696160092949854,0.48219812195748046,9.325640810653544,True
PFG,prior,max_drawdown_pct,-11.963822897627574,-70.82048945093555,-1.2993932314906609,True
PFG,posterior,mean_pct,0.1738790309588012,-0.15778157973561235,0.48248520069067524,True
PFG,posterior,volatility_pct,1.4423821546446893,1.1776010316111774,2.292624319544356,True
PFG,posterior,q01_pct,-3.6758665554225445,-6.566355366539209,-2.2904186624102296,True
PFG,posterior,q99_pct,3.3696160092949854,2.5005585493985554,5.964903660770487,True
PFG,posterior,max_drawdown_pct,-11.963822897627574,-43.80273269332815,-5.737631697718574,True
PG,prior,mean_pct,-0.004954196532480637,-0.42011757146774187,0.45522948165096727,True
PG,prior,volatility_pct,1.2316623733958194,0.2123767568325391,3.757111591216392,True
PG,prior,q01_pct,-2.778978841379285,-9.347358371131122,-0.4511408458347419,True
PG,prior,q99_pct,2.7134726848453283,0.48219812195748046,9.325640810653544,True
PG,prior,max_drawdown_pct,-15.522932592080219,-70.82048945093555,-1.2993932314906609,True
PG,posterior,mean_pct,-0.004954196532480637,-0.2813353256773148,0.27537434052129933,True
PG,posterior,volatility_pct,1.2316623733958194,1.0549325341025484,1.701787120684004,True
PG,posterior,q01_pct,-2.778978841379285,-4.920852218009531,-2.1261186942458155,True
PG,posterior,q99_pct,2.7134726848453283,2.218845480633899,4.973403920046973,True
PG,posterior,max_drawdown_pct,-15.522932592080219,-53.157938929612705,-7.097298251298161,True
PGR,prior,mean_pct,-0.007397834833966499,-0.42011757146774187,0.45522948165096727,True
PGR,prior,volatility_pct,1.6507500661854309,0.2123767568325391,3.757111591216392,True
PGR,prior,q01_pct,-4.230862706899642,-9.347358371131122,-0.4511408458347419,True
PGR,prior,q99_pct,4.041174128651618,0.48219812195748046,9.325640810653544,True
PGR,prior,max_drawdown_pct,-18.605508525857893,-70.82048945093555,-1.2993932314906609,True
PGR,posterior,mean_pct,-0.007397834833966499,-0.3181303094542258,0.3306881420392997,True
PGR,posterior,volatility_pct,1.6507500661854309,1.3344989210357092,2.5728639895558034,True
PGR,posterior,q01_pct,-4.230862706899642,-7.484040854685008,-2.667636989988387,True
PGR,posterior,q99_pct,4.041174128651618,2.827656333753837,7.298417733609667,True
PGR,posterior,max_drawdown_pct,-18.605508525857893,-60.51236582560552,-8.12123889197723,True
PH,prior,mean_pct,0.10649538803519931,-0.42011757146774187,0.45522948165096727,True
PH,prior,volatility_pct,1.6511808859362005,0.2123767568325391,3.757111591216392,True
PH,prior,q01_pct,-4.021875411272049,-9.347358371131122,-0.4511408458347419,True
PH,prior,q99_pct,4.771658200770594,0.48219812195748046,9.325640810653544,True
PH,prior,max_drawdown_pct,-19.34069018242687,-70.82048945093555,-1.2993932314906609,True
PH,posterior,mean_pct,0.10649538803519931,-0.28879941178009894,0.41986504113218703,True
PH,posterior,volatility_pct,1.6511808859362005,1.3916259720502084,2.732013903598298,True
PH,posterior,q01_pct,-4.021875411272049,-7.367296854779124,-2.759603264927865,True
PH,posterior,q99_pct,4.771658200770594,2.910795706836506,7.6215882342308525,True
PH,posterior,max_drawdown_pct,-19.34069018242687,-58.919865277679925,-8.648278465752481,True
PHM,prior,mean_pct,0.002771905684539888,-0.42011757146774187,0.45522948165096727,True
PHM,prior,volatility_pct,2.06520123575071,0.2123767568325391,3.757111591216392,True
PHM,prior,q01_pct,-4.395929165184498,-9.347358371131122,-0.4511408458347419,True
PHM,prior,q99_pct,5.29724871739745,0.48219812195748046,9.325640810653544,True
PHM,prior,max_drawdown_pct,-22.597616040832325,-70.82048945093555,-1.2993932314906609,True
PHM,posterior,mean_pct,0.002771905684539888,-0.47311780275150994,0.3636989649807594,True
PHM,posterior,volatility_pct,2.06520123575071,1.7565549685782695,2.9875098987279562,True
PHM,posterior,q01_pct,-4.395929165184498,-8.006072434596717,-3.7024941517971452,True
PHM,posterior,q99_pct,5.29724871739745,3.5552313385531287,9.150961520150288,True
PHM,posterior,max_drawdown_pct,-22.597616040832325,-73.60709484270821,-12.158023928871508,True
PKG,prior,mean_pct,0.060243289375705444,-0.42011757146774187,0.45522948165096727,True
PKG,prior,volatility_pct,1.7523499148947403,0.2123767568325391,3.757111591216392,True
PKG,prior,q01_pct,-4.6531981229782104,-9.347358371131122,-0.4511408458347419,True
PKG,prior,q99_pct,4.7661287151277065,0.48219812195748046,9.325640810653544,True
PKG,prior,max_drawdown_pct,-17.20965342507208,-70.82048945093555,-1.2993932314906609,True
PKG,posterior,mean_pct,0.060243289375705444,-0.3655082319143901,0.3444708315335844,True
PKG,posterior,volatility_pct,1.7523499148947403,1.4412361983987918,2.760088129968014,True
PKG,posterior,q01_pct,-4.6531981229782104,-7.995640410669147,-3.017839840659872,True
PKG,posterior,q99_pct,4.7661287151277065,3.0472677090670897,8.011185620911416,True
PKG,posterior,max_drawdown_pct,-17.20965342507208,-65.23994557065637,-10.421060479194846,True
PLD,prior,mean_pct,0.09903564725277647,-0.42011757146774187,0.45522948165096727,True
PLD,prior,volatility_pct,1.3534513121147744,0.2123767568325391,3.757111591216392,True
PLD,prior,q01_pct,-3.4473413601517677,-9.347358371131122,-0.4511408458347419,True
PLD,prior,q99_pct,3.382919039577244,0.48219812195748046,9.325640810653544,True
PLD,prior,max_drawdown_pct,-9.585304357830559,-70.82048945093555,-1.2993932314906609,True
PLD,posterior,mean_pct,0.09903564725277647,-0.20771143294315664,0.346591939051514,True
PLD,posterior,volatility_pct,1.3534513121147744,1.1273644282410074,1.883203707744607,True
PLD,posterior,q01_pct,-3.4473413601517677,-5.810385697614401,-2.205098704155535,True
PLD,posterior,q99_pct,3.382919039577244,2.3843034668359904,6.3280589884146945,True
PLD,posterior,max_drawdown_pct,-9.585304357830559,-46.69978299106823,-6.63483165399138,True
PLTR,prior,mean_pct,0.10791488780057534,-0.42011757146774187,0.45522948165096727,True
PLTR,prior,volatility_pct,3.8098156555358873,0.2123767568325391,3.757111591216392,False
PLTR,prior,q01_pct,-7.376125566661358,-9.347358371131122,-0.4511408458347419,True
PLTR,prior,q99_pct,8.990844823420044,0.48219812195748046,9.325640810653544,True
PLTR,prior,max_drawdown_pct,-48.22376715706756,-70.82048945093555,-1.2993932314906609,True
PLTR,posterior,mean_pct,0.10791488780057534,-0.5042562983235914,0.48226927633960226,True
PLTR,posterior,volatility_pct,3.8098156555358873,2.165436077810321,2.9280514272270497,False
PLTR,posterior,q01_pct,-7.376125566661358,-9.134482255205512,-4.244205099903048,True
PLTR,posterior,q99_pct,8.990844823420044,4.447719476372002,9.038600796461097,True
PLTR,posterior,max_drawdown_pct,-48.22376715706756,-77.36209211462652,-15.106319308140161,True
PM,prior,mean_pct,0.06699581480518191,-0.42011757146774187,0.45522948165096727,True
PM,prior,volatility_pct,1.7632855410195967,0.2123767568325391,3.757111591216392,True
PM,prior,q01_pct,-3.9052589796483517,-9.347358371131122,-0.4511408458347419,True
PM,prior,q99_pct,4.541103318333617,0.48219812195748046,9.325640810653544,True
PM,prior,max_drawdown_pct,-18.53633295643847,-70.82048945093555,-1.2993932314906609,True
PM,posterior,mean_pct,0.06699581480518191,-0.23973167006947627,0.47989242700832313,True
PM,posterior,volatility_pct,1.7632855410195967,1.515652727818438,2.3611841403754936,True
PM,posterior,q01_pct,-3.9052589796483517,-6.884529770538211,-3.104062596103177,True
PM,posterior,q99_pct,4.541103318333617,3.1829267191700623,7.056007928773751,True
PM,posterior,max_drawdown_pct,-18.53633295643847,-54.30992045308329,-10.652511661584239,True
PNC,prior,mean_pct,0.09118363429507781,-0.42011757146774187,0.45522948165096727,True
PNC,prior,volatility_pct,1.349700650861108,0.2123767568325391,3.757111591216392,True
PNC,prior,q01_pct,-3.691180162131786,-9.347358371131122,-0.4511408458347419,True
PNC,prior,q99_pct,3.1925467774271965,0.48219812195748046,9.325640810653544,True
PNC,prior,max_drawdown_pct,-17.209662958102555,-70.82048945093555,-1.2993932314906609,True
PNC,posterior,mean_pct,0.09118363429507781,-0.18409921453714162,0.4085713128069734,True
PNC,posterior,volatility_pct,1.349700650861108,1.1243694084202662,1.9648814387347533,True
PNC,posterior,q01_pct,-3.691180162131786,-5.3380421657115225,-2.228767731366679,True
PNC,posterior,q99_pct,3.1925467774271965,2.4660411261487747,5.527689180616282,True
PNC,posterior,max_drawdown_pct,-17.209662958102555,-43.074043788627506,-6.131614746986692,True
PNR,prior,mean_pct,-0.20591386032151604,-0.42011757146774187,0.45522948165096727,True
PNR,prior,volatility_pct,2.0439084376523464,0.2123767568325391,3.757111591216392,True
PNR,prior,q01_pct,-7.2848225943744165,-9.347358371131122,-0.4511408458347419,True
PNR,prior,q99_pct,3.502081502228971,0.48219812195748046,9.325640810653544,True
PNR,prior,max_drawdown_pct,-46.20077135326889,-70.82048945093555,-1.2993932314906609,True
PNR,posterior,mean_pct,-0.20591386032151604,-0.42102634667709715,0.3824341119889744,True
PNR,posterior,volatility_pct,2.0439084376523464,1.5026879931044352,3.1492570617025883,True
PNR,posterior,q01_pct,-7.2848225943744165,-9.399378462694585,-3.1275249259546416,True
PNR,posterior,q99_pct,3.502081502228971,3.215854530967771,10.204914556629928,True
PNR,posterior,max_drawdown_pct,-46.20077135326889,-69.11491952263493,-10.477338661517994,True
PNW,prior,mean_pct,0.0545231543128466,-0.42011757146774187,0.45522948165096727,True
PNW,prior,volatility_pct,1.038141126520686,0.2123767568325391,3.757111591216392,True
PNW,prior,q01_pct,-2.256731679663062,-9.347358371131122,-0.4511408458347419,True
PNW,prior,q99_pct,2.5847077835351224,0.48219812195748046,9.325640810653544,True
PNW,prior,max_drawdown_pct,-10.171649293184949,-70.82048945093555,-1.2993932314906609,True
PNW,posterior,mean_pct,0.0545231543128466,-0.19777959206931683,0.23253763270667344,True
PNW,posterior,volatility_pct,1.038141126520686,0.8935287337042552,1.4718651853012916,True
PNW,posterior,q01_pct,-2.256731679663062,-4.373544286377728,-1.8869575249031187,True
PNW,posterior,q99_pct,2.5847077835351224,1.8844935016706574,3.983830660395314,True
PNW,posterior,max_drawdown_pct,-10.171649293184949,-44.17425691075017,-5.675360037562474,True
PODD,prior,mean_pct,-0.28270533590557534,-0.42011757146774187,0.45522948165096727,True
PODD,prior,volatility_pct,2.7840293551916626,0.2123767568325391,3.757111591216392,True
PODD,prior,q01_pct,-9.679731167852879,-9.347358371131122,-0.4511408458347419,False
PODD,prior,q99_pct,5.896519925445317,0.48219812195748046,9.325640810653544,True
PODD,prior,max_drawdown_pct,-62.23003475474174,-70.82048945093555,-1.2993932314906609,True
PODD,posterior,mean_pct,-0.28270533590557534,-0.6135203618527555,0.39875396071137414,True
PODD,posterior,volatility_pct,2.7840293551916626,1.951961945082875,3.065847493586099,True
PODD,posterior,q01_pct,-9.679731167852879,-9.671302512101828,-4.213062058016658,False
PODD,posterior,q99_pct,5.896519925445317,4.10488927494734,9.489437689445893,True
PODD,posterior,max_drawdown_pct,-62.23003475474174,-82.12413023287374,-14.703404138794914,True
PPG,prior,mean_pct,0.032679899004506296,-0.42011757146774187,0.45522948165096727,True
PPG,prior,volatility_pct,1.9030224264750786,0.2123767568325391,3.757111591216392,True
PPG,prior,q01_pct,-4.946491327136755,-9.347358371131122,-0.4511408458347419,True
PPG,prior,q99_pct,4.895900320261715,0.48219812195748046,9.325640810653544,True
PPG,prior,max_drawdown_pct,-25.677460937116948,-70.82048945093555,-1.2993932314906609,True
PPG,posterior,mean_pct,0.032679899004506296,-0.36566960596577314,0.4361166275216986,True
PPG,posterior,volatility_pct,1.9030224264750786,1.6218274109665443,2.5175438836000166,True
PPG,posterior,q01_pct,-4.946491327136755,-7.949676535092294,-3.420814224239439,True
PPG,posterior,q99_pct,4.895900320261715,3.4879314084537323,7.601368428207914,True
PPG,posterior,max_drawdown_pct,-25.677460937116948,-64.20889090656645,-10.442312221810852,True
PPL,prior,mean_pct,0.002620828627186711,-0.42011757146774187,0.45522948165096727,True
PPL,prior,volatility_pct,1.1171512393717065,0.2123767568325391,3.757111591216392,True
PPL,prior,q01_pct,-2.902156822383404,-9.347358371131122,-0.4511408458347419,True
PPL,prior,q99_pct,2.745858645066611,0.48219812195748046,9.325640810653544,True
PPL,prior,max_drawdown_pct,-13.57882637908887,-70.82048945093555,-1.2993932314906609,True
PPL,posterior,mean_pct,0.002620828627186711,-0.20982030680698927,0.2834269395109742,True
PPL,posterior,volatility_pct,1.1171512393717065,0.9396062500906437,1.5232942329588652,True
PPL,posterior,q01_pct,-2.902156822383404,-4.418876945506781,-1.8870434198062866,True
PPL,posterior,q99_pct,2.745858645066611,2.0876475570257744,4.481047734245652,True
PPL,posterior,max_drawdown_pct,-13.57882637908887,-45.72202376318083,-5.583865369011979,True
PRU,prior,mean_pct,0.07533164433368711,-0.42011757146774187,0.45522948165096727,True
PRU,prior,volatility_pct,1.421980769903635,0.2123767568325391,3.757111591216392,True
PRU,prior,q01_pct,-4.067052435129881,-9.347358371131122,-0.4511408458347419,True
PRU,prior,q99_pct,2.943523256108164,0.48219812195748046,9.325640810653544,True
PRU,prior,max_drawdown_pct,-21.45557527333629,-70.82048945093555,-1.2993932314906609,True
PRU,posterior,mean_pct,0.07533164433368711,-0.15260019650448342,0.40893126634759536,True
PRU,posterior,volatility_pct,1.421980769903635,1.1936580699519548,2.503474038130705,True
PRU,posterior,q01_pct,-4.067052435129881,-6.0187405943870536,-2.478956330567599,True
PRU,posterior,q99_pct,2.943523256108164,2.65072923339903,6.817106278333799,True
PRU,posterior,max_drawdown_pct,-21.45557527333629,-40.54695980800415,-6.386324592430482,True
PSA,prior,mean_pct,0.03991230331052975,-0.42011757146774187,0.45522948165096727,True
PSA,prior,volatility_pct,1.4465921718087889,0.2123767568325391,3.757111591216392,True
PSA,prior,q01_pct,-3.2097278721630573,-9.347358371131122,-0.4511408458347419,True
PSA,prior,q99_pct,3.494788985699413,0.48219812195748046,9.325640810653544,True
PSA,prior,max_drawdown_pct,-16.1992383887533,-70.82048945093555,-1.2993932314906609,True
PSA,posterior,mean_pct,0.03991230331052975,-0.2649447590804215,0.31606593939920935,True
PSA,posterior,volatility_pct,1.4465921718087889,1.2398367532731271,2.097123295811873,True
PSA,posterior,q01_pct,-3.2097278721630573,-5.324165218975395,-2.6011955074965956,True
PSA,posterior,q99_pct,3.494788985699413,2.6544458980206356,6.270329593308265,True
PSA,posterior,max_drawdown_pct,-16.1992383887533,-54.206444190867416,-7.758103471890484,True
PSKY,prior,mean_pct,-0.057976206380772055,-0.42011757146774187,0.45522948165096727,True
PSKY,prior,volatility_pct,3.3269602221212224,0.2123767568325391,3.757111591216392,True
PSKY,prior,q01_pct,-7.115266025066376,-9.347358371131122,-0.4511408458347419,True
PSKY,prior,q99_pct,10.318607166409485,0.48219812195748046,9.325640810653544,False
PSKY,prior,max_drawdown_pct,-59.86682815208795,-70.82048945093555,-1.2993932314906609,True
PSKY,posterior,mean_pct,-0.057976206380772055,-0.6633658309197994,0.41150752284807124,True
PSKY,posterior,volatility_pct,3.3269602221212224,2.1044196807726814,2.987880197083715,False
PSKY,posterior,q01_pct,-7.115266025066376,-8.466705986112355,-4.47132845101878,True
PSKY,posterior,q99_pct,10.318607166409485,4.222019257210194,8.726792193949215,False
PSKY,posterior,max_drawdown_pct,-59.86682815208795,-83.97706323727722,-15.567168891810791,True
PSX,prior,mean_pct,0.2852980291208951,-0.42011757146774187,0.45522948165096727,True
PSX,prior,volatility_pct,1.9385745819609568,0.2123767568325391,3.757111591216392,True
PSX,prior,q01_pct,-4.1863371059298515,-9.347358371131122,-0.4511408458347419,True
PSX,prior,q99_pct,5.156791470944879,0.48219812195748046,9.325640810653544,True
PSX,prior,max_drawdown_pct,-17.277460492657447,-70.82048945093555,-1.2993932314906609,True
PSX,posterior,mean_pct,0.2852980291208951,-0.2851155990089467,0.5151542390657581,True
PSX,posterior,volatility_pct,1.9385745819609568,1.6605039517133768,2.871997920226655,True
PSX,posterior,q01_pct,-4.1863371059298515,-6.966582561843097,-3.4390290481969714,True
PSX,posterior,q99_pct,5.156791470944879,3.5572738989256263,7.879613710567337,True
PSX,posterior,max_drawdown_pct,-17.277460492657447,-59.29395684917772,-9.852417569793646,True
PTC,prior,mean_pct,-0.1409072891760843,-0.42011757146774187,0.45522948165096727,True
PTC,prior,volatility_pct,2.169989271476319,0.2123767568325391,3.757111591216392,True
PTC,prior,q01_pct,-6.174412406980991,-9.347358371131122,-0.4511408458347419,True
PTC,prior,q99_pct,5.527050606906411,0.48219812195748046,9.325640810653544,True
PTC,prior,max_drawdown_pct,-47.76077582156686,-70.82048945093555,-1.2993932314906609,True
PTC,posterior,mean_pct,-0.1409072891760843,-0.4547905030889803,0.35095903460161954,True
PTC,posterior,volatility_pct,2.169989271476319,1.6216523010670554,4.3921091373757175,True
PTC,posterior,q01_pct,-6.174412406980991,-10.873652987740934,-3.764830989111215,True
PTC,posterior,q99_pct,5.527050606906411,3.56706116637215,9.47447607666253,True
PTC,posterior,max_drawdown_pct,-47.76077582156686,-74.347894675825,-11.851782587402882,True
PWR,prior,mean_pct,0.22546470781747985,-0.42011757146774187,0.45522948165096727,True
PWR,prior,volatility_pct,2.759930940618788,0.2123767568325391,3.757111591216392,True
PWR,prior,q01_pct,-5.8393544144928455,-9.347358371131122,-0.4511408458347419,True
PWR,prior,q99_pct,6.5048144385218585,0.48219812195748046,9.325640810653544,True
PWR,prior,max_drawdown_pct,-28.528126091277162,-70.82048945093555,-1.2993932314906609,True
PWR,posterior,mean_pct,0.22546470781747985,-0.3758518295618726,0.5402838319149125,True
PWR,posterior,volatility_pct,2.759930940618788,1.994088682722673,2.9355001628259036,True
PWR,posterior,q01_pct,-5.8393544144928455,-8.658839500509202,-3.8393025393597786,True
PWR,posterior,q99_pct,6.5048144385218585,4.285169088188551,9.286508183460631,True
PWR,posterior,max_drawdown_pct,-28.528126091277162,-66.41955388154389,-11.065400955756402,True
PYPL,prior,mean_pct,-0.051666022784502275,-0.42011757146774187,0.45522948165096727,True
PYPL,prior,volatility_pct,2.7535499211185512,0.2123767568325391,3.757111591216392,True
PYPL,prior,q01_pct,-7.767688482999802,-9.347358371131122,-0.4511408458347419,True
PYPL,prior,q99_pct,5.352760460227719,0.48219812195748046,9.325640810653544,True
PYPL,prior,max_drawdown_pct,-48.54807564662664,-70.82048945093555,-1.2993932314906609,True
PYPL,posterior,mean_pct,-0.051666022784502275,-0.4839337341354337,0.4534515669154313,True
PYPL,posterior,volatility_pct,2.7535499211185512,1.8612406853294639,3.4625013397231874,True
PYPL,posterior,q01_pct,-7.767688482999802,-9.335139616392553,-3.8138664699159563,True
PYPL,posterior,q99_pct,5.352760460227719,3.739364675153045,10.080054467357687,True
PYPL,posterior,max_drawdown_pct,-48.54807564662664,-76.07981798338595,-11.231679167900955,True
QCOM,prior,mean_pct,0.08207903420611729,-0.42011757146774187,0.45522948165096727,True
QCOM,prior,volatility_pct,3.2752855719046283,0.2123767568325391,3.757111591216392,True
QCOM,prior,q01_pct,-8.600029833614826,-9.347358371131122,-0.4511408458347419,True
QCOM,prior,q99_pct,11.106580942869186,0.48219812195748046,9.325640810653544,False
QCOM,prior,max_drawdown_pct,-40.97873518485812,-70.82048945093555,-1.2993932314906609,True
QCOM,posterior,mean_pct,0.08207903420611729,-0.37861402498045216,0.612170878092257,True
QCOM,posterior,volatility_pct,3.2752855719046283,2.0710306102341747,3.080469646429006,False
QCOM,posterior,q01_pct,-8.600029833614826,-10.602896937914192,-4.246964871603995,True
QCOM,posterior,q99_pct,11.106580942869186,4.57849110662937,10.733689502812908,False
QCOM,posterior,max_drawdown_pct,-40.97873518485812,-68.57040523926106,-12.388394864202592,True
RCL,prior,mean_pct,-0.07701511503341862,-0.42011757146774187,0.45522948165096727,True
RCL,prior,volatility_pct,2.932331916274621,0.2123767568325391,3.757111591216392,True
RCL,prior,q01_pct,-6.536657400429248,-9.347358371131122,-0.4511408458347419,True
RCL,prior,q99_pct,7.377889566123484,0.48219812195748046,9.325640810653544,True
RCL,prior,max_drawdown_pct,-32.35657675777672,-70.82048945093555,-1.2993932314906609,True
RCL,posterior,mean_pct,-0.07701511503341862,-0.6097941057263654,0.31292180578855516,True
RCL,posterior,volatility_pct,2.932331916274621,2.012856239272817,2.846283901892163,False
RCL,posterior,q01_pct,-6.536657400429248,-8.835309293866157,-4.600563081912697,True
RCL,posterior,q99_pct,7.377889566123484,4.26782918376848,8.296347775496534,True
RCL,posterior,max_drawdown_pct,-32.35657675777672,-81.37050260493625,-17.647382241269213,True
RDDT,prior,mean_pct,-0.0467251306019989,-0.42011757146774187,0.45522948165096727,True
RDDT,prior,volatility_pct,4.489226790882439,0.2123767568325391,3.757111591216392,False
RDDT,prior,q01_pct,-9.085811451077461,-9.347358371131122,-0.4511408458347419,True
RDDT,prior,q99_pct,12.39463090896606,0.48219812195748046,9.325640810653544,False
RDDT,prior,max_drawdown_pct,-54.99242803199267,-70.82048945093555,-1.2993932314906609,True
RDDT,posterior,mean_pct,-0.0467251306019989,-0.5375054931744998,0.5277088979296984,True
RDDT,posterior,volatility_pct,4.489226790882439,2.140038989537041,2.9355961350819166,False
RDDT,posterior,q01_pct,-9.085811451077461,-8.543959554843605,-4.565513990540057,False
RDDT,posterior,q99_pct,12.39463090896606,4.519390757847575,9.091326219402243,False
RDDT,posterior,max_drawdown_pct,-54.99242803199267,-79.05388100135168,-13.41740807632573,True
REG,prior,mean_pct,0.036787093245038704,-0.42011757146774187,0.45522948165096727,True
REG,prior,volatility_pct,0.9963292820761079,0.2123767568325391,3.757111591216392,True
REG,prior,q01_pct,-2.300507416948676,-9.347358371131122,-0.4511408458347419,True
REG,prior,q99_pct,2.3681581299751984,0.48219812195748046,9.325640810653544,True
REG,prior,max_drawdown_pct,-9.567009774440915,-70.82048945093555,-1.2993932314906609,True
REG,posterior,mean_pct,0.036787093245038704,-0.2148376559812365,0.250720496147863,True
REG,posterior,volatility_pct,0.9963292820761079,0.830092239698466,1.5998810417764204,True
REG,posterior,q01_pct,-2.300507416948676,-4.395661179535091,-1.761825012089685,True
REG,posterior,q99_pct,2.3681581299751984,1.7810290587600301,4.686147560831147,True
REG,posterior,max_drawdown_pct,-9.567009774440915,-45.616715478611255,-4.896416645994536,True
REGN,prior,mean_pct,0.16328517820056732,-0.42011757146774187,0.45522948165096727,True
REGN,prior,volatility_pct,2.1078151597660346,0.2123767568325391,3.757111591216392,True
REGN,prior,q01_pct,-4.219870977103709,-9.347358371131122,-0.4511408458347419,True
REGN,prior,q99_pct,5.5301754176616535,0.48219812195748046,9.325640810653544,True
REGN,prior,max_drawdown_pct,-25.85215182548528,-70.82048945093555,-1.2993932314906609,True
REGN,posterior,mean_pct,0.16328517820056732,-0.385993365882225,0.436472960401346,True
REGN,posterior,volatility_pct,2.1078151597660346,1.6377089128289846,3.6184438662643084,True
REGN,posterior,q01_pct,-4.219870977103709,-9.271577969007193,-3.5150968179106714,True
REGN,posterior,q99_pct,5.5301754176616535,3.441740358341483,9.056396920233961,True
REGN,posterior,max_drawdown_pct,-25.85215182548528,-69.12996196780526,-10.46958819885276,True
RF,prior,mean_pct,0.07242058190968237,-0.42011757146774187,0.45522948165096727,True
RF,prior,volatility_pct,1.5016087744156503,0.2123767568325391,3.757111591216392,True
RF,prior,q01_pct,-4.514707718044519,-9.347358371131122,-0.4511408458347419,True
RF,prior,q99_pct,3.517437037080526,0.48219812195748046,9.325640810653544,True
RF,prior,max_drawdown_pct,-18.448013134539575,-70.82048945093555,-1.2993932314906609,True
RF,posterior,mean_pct,0.07242058190968237,-0.2336785456083419,0.5010103655782742,True
RF,posterior,volatility_pct,1.5016087744156503,1.2402027649731873,2.4524931028096497,True
RF,posterior,q01_pct,-4.514707718044519,-7.105524946376681,-2.6222761130891743,True
RF,posterior,q99_pct,3.517437037080526,2.783506540954111,7.124511135742051,True
RF,posterior,max_drawdown_pct,-18.448013134539575,-53.74815284244881,-7.621037257608936,True
RJF,prior,mean_pct,0.03969907635905656,-0.42011757146774187,0.45522948165096727,True
RJF,prior,volatility_pct,1.5973140571061313,0.2123767568325391,3.757111591216392,True
RJF,prior,q01_pct,-4.088280647993088,-9.347358371131122,-0.4511408458347419,True
RJF,prior,q99_pct,2.9771413560956703,0.48219812195748046,9.325640810653544,True
RJF,prior,max_drawdown_pct,-19.641746817568105,-70.82048945093555,-1.2993932314906609,True
RJF,posterior,mean_pct,0.03969907635905656,-0.22721903174943314,0.442653857069601,True
RJF,posterior,volatility_pct,1.5973140571061313,1.3241303060173504,2.6382745088305755,True
RJF,posterior,q01_pct,-4.088280647993088,-6.975536989886313,-2.675535564264283,True
RJF,posterior,q99_pct,2.9771413560956703,2.75013609700836,6.908823372796168,True
RJF,posterior,max_drawdown_pct,-19.641746817568105,-49.90214165582712,-8.203665046274658,True
RL,prior,mean_pct,0.09269301407925923,-0.42011757146774187,0.45522948165096727,True
RL,prior,volatility_pct,2.2031857960744023,0.2123767568325391,3.757111591216392,True
RL,prior,q01_pct,-4.736269786953926,-9.347358371131122,-0.4511408458347419,True
RL,prior,q99_pct,5.096997246146198,0.48219812195748046,9.325640810653544,True
RL,prior,max_drawdown_pct,-18.570302186010778,-70.82048945093555,-1.2993932314906609,True
RL,posterior,mean_pct,0.09269301407925923,-0.4222058157430233,0.3853166121280366,True
RL,posterior,volatility_pct,2.2031857960744023,1.7808881204600981,2.889799674810529,True
RL,posterior,q01_pct,-4.736269786953926,-8.502634343877435,-3.8564604775048794,True
RL,posterior,q99_pct,5.096997246146198,3.787328072823583,8.144805329106736,True
RL,posterior,max_drawdown_pct,-18.570302186010778,-69.72257223536907,-11.97714511141026,True
RMD,prior,mean_pct,-0.053175498007362876,-0.42011757146774187,0.45522948165096727,True
RMD,prior,volatility_pct,1.7792392935388226,0.2123767568325391,3.757111591216392,True
RMD,prior,q01_pct,-5.092894732952118,-9.347358371131122,-0.4511408458347419,True
RMD,prior,q99_pct,4.227213524281978,0.48219812195748046,9.325640810653544,True
RMD,prior,max_drawdown_pct,-34.96698017227315,-70.82048945093555,-1.2993932314906609,True
RMD,posterior,mean_pct,-0.053175498007362876,-0.3387734037785499,0.33581122168776617,True
RMD,posterior,volatility_pct,1.7792392935388226,1.4233819683258895,2.489049214667355,True
RMD,posterior,q01_pct,-5.092894732952118,-7.796349308639765,-3.165656941849738,True
RMD,posterior,q99_pct,4.227213524281978,3.052693793782962,7.777125245518971,True
RMD,posterior,max_drawdown_pct,-34.96698017227315,-63.031228371530815,-10.75610501656503,True
ROK,prior,mean_pct,0.1086467666198132,-0.42011757146774187,0.45522948165096727,True
ROK,prior,volatility_pct,1.9329938609832205,0.2123767568325391,3.757111591216392,True
ROK,prior,q01_pct,-4.921272024512291,-9.347358371131122,-0.4511408458347419,True
ROK,prior,q99_pct,5.031451284885399,0.48219812195748046,9.325640810653544,True
ROK,prior,max_drawdown_pct,-18.72830905010574,-70.82048945093555,-1.2993932314906609,True
ROK,posterior,mean_pct,0.1086467666198132,-0.30262636602643767,0.457340377786977,True
ROK,posterior,volatility_pct,1.9329938609832205,1.5272610468150691,2.7338096362500286,True
ROK,posterior,q01_pct,-4.921272024512291,-7.681421147193759,-2.994244773173705,True
ROK,posterior,q99_pct,5.031451284885399,3.2829464378766677,7.755671622790391,True
ROK,posterior,max_drawdown_pct,-18.72830905010574,-60.254783145375335,-9.667285499973676,True
ROL,prior,mean_pct,-0.15555649146676842,-0.42011757146774187,0.45522948165096727,True
ROL,prior,volatility_pct,1.6879884393678177,0.2123767568325391,3.757111591216392,True
ROL,prior,q01_pct,-4.651757404208183,-9.347358371131122,-0.4511408458347419,True
ROL,prior,q99_pct,3.5001797229051586,0.48219812195748046,9.325640810653544,True
ROL,prior,max_drawdown_pct,-44.94568940817031,-70.82048945093555,-1.2993932314906609,True
ROL,posterior,mean_pct,-0.15555649146676842,-0.42001465968498763,0.2806278891352249,True
ROL,posterior,volatility_pct,1.6879884393678177,1.2413344982297232,3.296822218369584,True
ROL,posterior,q01_pct,-4.651757404208183,-8.677277028933167,-2.7686078990343965,True
ROL,posterior,q99_pct,3.5001797229051586,2.645706779137253,9.174941426143029,True
ROL,posterior,max_drawdown_pct,-44.94568940817031,-68.60947216708489,-9.281416023640915,True
ROP,prior,mean_pct,-0.08024542103086674,-0.42011757146774187,0.45522948165096727,True
ROP,prior,volatility_pct,1.820095864069825,0.2123767568325391,3.757111591216392,True
ROP,prior,q01_pct,-5.09979860857129,-9.347358371131122,-0.4511408458347419,True
ROP,prior,q99_pct,4.643969610333439,0.48219812195748046,9.325640810653544,True
ROP,prior,max_drawdown_pct,-39.91853313054098,-70.82048945093555,-1.2993932314906609,True
ROP,posterior,mean_pct,-0.08024542103086674,-0.28331920628278695,0.41579593793209546,True
ROP,posterior,volatility_pct,1.820095864069825,1.404664686773185,3.3644212069958033,True
ROP,posterior,q01_pct,-5.09979860857129,-8.714000472612678,-3.133509764773771,True
ROP,posterior,q99_pct,4.643969610333439,3.0309562369715395,9.225978774949898,True
ROP,posterior,max_drawdown_pct,-39.91853313054098,-60.604116989339936,-8.273416672482513,True
ROST,prior,mean_pct,0.18781655178230494,-0.42011757146774187,0.45522948165096727,True
ROST,prior,volatility_pct,1.6576384906504635,0.2123767568325391,3.757111591216392,True
ROST,prior,q01_pct,-3.68691936135292,-9.347358371131122,-0.4511408458347419,True
ROST,prior,q99_pct,6.244470532983504,0.48219812195748046,9.325640810653544,True
ROST,prior,max_drawdown_pct,-13.034607266854593,-70.82048945093555,-1.2993932314906609,True
ROST,posterior,mean_pct,0.18781655178230494,-0.2220316656095065,0.4618577247080537,True
ROST,posterior,volatility_pct,1.6576384906504635,1.252328349523718,3.8721544779613675,True
ROST,posterior,q01_pct,-3.68691936135292,-8.76556258779019,-2.680534508964048,True
ROST,posterior,q99_pct,6.244470532983504,2.817264812393111,10.368013211712208,True
ROST,posterior,max_drawdown_pct,-13.034607266854593,-53.748579015390824,-7.413359612963793,True
RSG,prior,mean_pct,-0.006132746388232135,-0.42011757146774187,0.45522948165096727,True
RSG,prior,volatility_pct,1.2036298493325917,0.2123767568325391,3.757111591216392,True
RSG,prior,q01_pct,-2.763929208740592,-9.347358371131122,-0.4511408458347419,True
RSG,prior,q99_pct,3.121442915871736,0.48219812195748046,9.325640810653544,True
RSG,prior,max_drawdown_pct,-14.76404637826787,-70.82048945093555,-1.2993932314906609,True
RSG,posterior,mean_pct,-0.006132746388232135,-0.26906083552299975,0.228576390062841,True
RSG,posterior,volatility_pct,1.2036298493325917,1.013233172793635,1.8351196965786898,True
RSG,posterior,q01_pct,-2.763929208740592,-5.08575787069276,-2.134996087336913,True
RSG,posterior,q99_pct,3.121442915871736,2.0961503949947624,4.695087605435387,True
RSG,posterior,max_drawdown_pct,-14.76404637826787,-53.00285848939042,-6.699548232599599,True
RTX,prior,mean_pct,0.10626431090372535,-0.42011757146774187,0.45522948165096727,True
RTX,prior,volatility_pct,1.6440225844885779,0.2123767568325391,3.757111591216392,True
RTX,prior,q01_pct,-3.717629574239254,-9.347358371131122,-0.4511408458347419,True
RTX,prior,q99_pct,4.30535662919282,0.48219812195748046,9.325640810653544,True
RTX,prior,max_drawdown_pct,-19.315615381634277,-70.82048945093555,-1.2993932314906609,True
RTX,posterior,mean_pct,0.10626431090372535,-0.2420034325138687,0.38575498616662784,True
RTX,posterior,volatility_pct,1.6440225844885779,1.3324305460247141,2.6482747975675123,True
RTX,posterior,q01_pct,-3.717629574239254,-7.280160971730947,-2.5236391489859673,True
RTX,posterior,q99_pct,4.30535662919282,2.80220994958654,7.483295828476534,True
RTX,posterior,max_drawdown_pct,-19.315615381634277,-59.177984312289155,-7.905783937240172,True
RVTY,prior,mean_pct,0.17722481148041425,-0.42011757146774187,0.45522948165096727,True
RVTY,prior,volatility_pct,2.3904309172669094,0.2123767568325391,3.757111591216392,True
RVTY,prior,q01_pct,-5.449818391352892,-9.347358371131122,-0.4511408458347419,True
RVTY,prior,q99_pct,6.320577375590794,0.48219812195748046,9.325640810653544,True
RVTY,prior,max_drawdown_pct,-30.085465709729288,-70.82048945093555,-1.2993932314906609,True
RVTY,posterior,mean_pct,0.17722481148041425,-0.36137804772100424,0.5285798037142937,True
RVTY,posterior,volatility_pct,2.3904309172669094,1.9347749172484674,2.9040572030406113,True
RVTY,posterior,q01_pct,-5.449818391352892,-8.74317082054913,-3.9688068677671255,True
RVTY,posterior,q99_pct,6.320577375590794,4.305179369077086,8.94588472601025,True
RVTY,posterior,max_drawdown_pct,-30.085465709729288,-69.25063775402072,-12.098316990376386,True
SBAC,prior,mean_pct,-0.0009746149885359046,-0.42011757146774187,0.45522948165096727,True
SBAC,prior,volatility_pct,2.1400493032390293,0.2123767568325391,3.757111591216392,True
SBAC,prior,q01_pct,-4.302962888032198,-9.347358371131122,-0.4511408458347419,True
SBAC,prior,q99_pct,5.962121598422521,0.48219812195748046,9.325640810653544,True
SBAC,prior,max_drawdown_pct,-22.389615702316934,-70.82048945093555,-1.2993932314906609,True
SBAC,posterior,mean_pct,-0.0009746149885359046,-0.5034331215737344,0.28852622812904355,True
SBAC,posterior,volatility_pct,2.1400493032390293,1.5115574102442908,3.0514922163973384,True
SBAC,posterior,q01_pct,-4.302962888032198,-10.026858713291585,-3.50087037794292,True
SBAC,posterior,q99_pct,5.962121598422521,3.2676933770533636,10.515835344232567,True
SBAC,posterior,max_drawdown_pct,-22.389615702316934,-76.83493275044297,-12.558243291732492,True
SBUX,prior,mean_pct,0.09183680505771008,-0.42011757146774187,0.45522948165096727,True
SBUX,prior,volatility_pct,1.7429570888615027,0.2123767568325391,3.757111591216392,True
SBUX,prior,q01_pct,-4.0580108761787415,-9.347358371131122,-0.4511408458347419,True
SBUX,prior,q99_pct,4.5191677287220875,0.48219812195748046,9.325640810653544,True
SBUX,prior,max_drawdown_pct,-14.511037254703918,-70.82048945093555,-1.2993932314906609,True
SBUX,posterior,mean_pct,0.09183680505771008,-0.34742280490219635,0.33890467180309963,True
SBUX,posterior,volatility_pct,1.7429570888615027,1.4819247947016116,2.3319741487956076,True
SBUX,posterior,q01_pct,-4.0580108761787415,-6.406680163182318,-3.1718341846950358,True
SBUX,posterior,q99_pct,4.5191677287220875,3.0878758580889545,6.967125697061414,True
SBUX,posterior,max_drawdown_pct,-14.511037254703918,-62.30951936806185,-10.3417859515935,True
SCHW,prior,mean_pct,0.06391562319549848,-0.42011757146774187,0.45522948165096727,True
SCHW,prior,volatility_pct,1.5880952270242519,0.2123767568325391,3.757111591216392,True
SCHW,prior,q01_pct,-4.90360215306282,-9.347358371131122,-0.4511408458347419,True
SCHW,prior,q99_pct,3.2806677278131176,0.48219812195748046,9.325640810653544,True
SCHW,prior,max_drawdown_pct,-19.834419437197592,-70.82048945093555,-1.2993932314906609,True
SCHW,posterior,mean_pct,0.06391562319549848,-0.19934389812785724,0.46254150175599656,True
SCHW,posterior,volatility_pct,1.5880952270242519,1.2739468401695497,2.0398881937633315,True
SCHW,posterior,q01_pct,-4.90360215306282,-5.696640623733401,-2.619686504872516,True
SCHW,posterior,q99_pct,3.2806677278131176,2.90155026381835,5.948279564362016,True
SCHW,posterior,max_drawdown_pct,-19.834419437197592,-47.57238008995893,-6.274344025090071,True
SHW,prior,mean_pct,-0.017846858166592483,-0.42011757146774187,0.45522948165096727,True
SHW,prior,volatility_pct,1.7275733957416228,0.2123767568325391,3.757111591216392,True
SHW,prior,q01_pct,-3.4602144360542297,-9.347358371131122,-0.4511408458347419,True
SHW,prior,q99_pct,4.808739032596336,0.48219812195748046,9.325640810653544,True
SHW,prior,max_drawdown_pct,-21.355625130582588,-70.82048945093555,-1.2993932314906609,True
SHW,posterior,mean_pct,-0.017846858166592483,-0.42506006415261766,0.30782895225848955,True
SHW,posterior,volatility_pct,1.7275733957416228,1.4168068820031472,2.4595084244944196,True
SHW,posterior,q01_pct,-3.4602144360542297,-7.315386296063661,-3.147021934762598,True
SHW,posterior,q99_pct,4.808739032596336,2.825852588703851,7.893695571832353,True
SHW,posterior,max_drawdown_pct,-21.355625130582588,-69.9039132438991,-12.216733949634369,True
SJM,prior,mean_pct,0.09744735940557803,-0.42011757146774187,0.45522948165096727,True
SJM,prior,volatility_pct,1.8329959695600992,0.2123767568325391,3.757111591216392,True
SJM,prior,q01_pct,-3.806610442698002,-9.347358371131122,-0.4511408458347419,True
SJM,prior,q99_pct,4.432601593434808,0.48219812195748046,9.325640810653544,True
SJM,prior,max_drawdown_pct,-22.818967977415383,-70.82048945093555,-1.2993932314906609,True
SJM,posterior,mean_pct,0.09744735940557803,-0.2944394306801641,0.3431899081419658,True
SJM,posterior,volatility_pct,1.8329959695600992,1.526155213936573,2.4992353720308693,True
SJM,posterior,q01_pct,-3.806610442698002,-7.590712170768529,-3.1975388368126008,True
SJM,posterior,q99_pct,4.432601593434808,3.2332208355888703,7.1656546229496305,True
SJM,posterior,max_drawdown_pct,-22.818967977415383,-61.88002391458332,-10.163366160927525,True
SLB,prior,mean_pct,0.21590308925851787,-0.42011757146774187,0.45522948165096727,True
SLB,prior,volatility_pct,2.2655103861119845,0.2123767568325391,3.757111591216392,True
SLB,prior,q01_pct,-5.20067049190402,-9.347358371131122,-0.4511408458347419,True
SLB,prior,q99_pct,5.562396775931119,0.48219812195748046,9.325640810653544,True
SLB,prior,max_drawdown_pct,-22.272018645112613,-70.82048945093555,-1.2993932314906609,True
SLB,posterior,mean_pct,0.21590308925851787,-0.41021521269559713,0.524238819019386,True
SLB,posterior,volatility_pct,2.2655103861119845,1.8424126922658566,2.9351156124208977,True
SLB,posterior,q01_pct,-5.20067049190402,-8.528332281112672,-3.7183555711992082,True
SLB,posterior,q99_pct,5.562396775931119,3.89779662126675,8.725164712034134,True
SLB,posterior,max_drawdown_pct,-22.272018645112613,-69.71422117411588,-10.756959019481402,True
SMCI,prior,mean_pct,0.12737829782736299,-0.42011757146774187,0.45522948165096727,True
SMCI,prior,volatility_pct,5.716591051957373,0.2123767568325391,3.757111591216392,False
SMCI,prior,q01_pct,-11.26654963940382,-9.347358371131122,-0.4511408458347419,False
SMCI,prior,q99_pct,17.16911055147644,0.48219812195748046,9.325640810653544,False
SMCI,prior,max_drawdown_pct,-65.01363302966455,-70.82048945093555,-1.2993932314906609,True
SMCI,posterior,mean_pct,0.12737829782736299,-0.5634007796673615,0.5131001988790869,True
SMCI,posterior,volatility_pct,5.716591051957373,1.9222379376564345,2.98286020496514,False
SMCI,posterior,q01_pct,-11.26654963940382,-9.714014969952405,-4.602706808410586,False
SMCI,posterior,q99_pct,17.16911055147644,4.2549572413787216,9.229757327586388,False
SMCI,posterior,max_drawdown_pct,-65.01363302966455,-79.06749445481657,-14.280916142883072,True
SNA,prior,mean_pct,0.07989354891435596,-0.42011757146774187,0.45522948165096727,True
SNA,prior,volatility_pct,1.2557846927045742,0.2123767568325391,3.757111591216392,True
SNA,prior,q01_pct,-2.877435050904751,-9.347358371131122,-0.4511408458347419,True
SNA,prior,q99_pct,3.171893963590258,0.48219812195748046,9.325640810653544,True
SNA,prior,max_drawdown_pct,-8.671067820120527,-70.82048945093555,-1.2993932314906609,True
SNA,posterior,mean_pct,0.07989354891435596,-0.2617123563403432,0.305424494671243,True
SNA,posterior,volatility_pct,1.2557846927045742,1.0718798441358586,1.6513980844497878,True
SNA,posterior,q01_pct,-2.877435050904751,-4.6972182366065685,-2.238690537260845,True
SNA,posterior,q99_pct,3.171893963590258,2.311111203487962,4.598717171140007,True
SNA,posterior,max_drawdown_pct,-8.671067820120527,-51.79325639346287,-6.754417221344832,True
SNDK,prior,mean_pct,1.6541253119893184,-0.42011757146774187,0.45522948165096727,False
SNDK,prior,volatility_pct,7.363304064772065,0.2123767568325391,3.757111591216392,False
SNDK,prior,q01_pct,-14.435594379901886,-9.347358371131122,-0.4511408458347419,False
SNDK,prior,q99_pct,19.73118677735324,0.48219812195748046,9.325640810653544,False
SNDK,prior,max_drawdown_pct,-56.49293408181211,-70.82048945093555,-1.2993932314906609,True
SNDK,posterior,mean_pct,1.6541253119893184,-0.30154941466101803,0.5681768928333177,False
SNDK,posterior,volatility_pct,7.363304064772065,1.9683018969701784,2.9313111504493774,False
SNDK,posterior,q01_pct,-14.435594379901886,-9.098076440766453,-4.117143945861609,False
SNDK,posterior,q99_pct,19.73118677735324,4.29763765763491,8.95101045593618,False
SNDK,posterior,max_drawdown_pct,-56.49293408181211,-66.09189547877847,-12.272770347181405,True
SNPS,prior,mean_pct,-0.09654009970745392,-0.42011757146774187,0.45522948165096727,True
SNPS,prior,volatility_pct,3.6919690676647203,0.2123767568325391,3.757111591216392,True
SNPS,prior,q01_pct,-8.528852947056293,-9.347358371131122,-0.4511408458347419,True
SNPS,prior,q99_pct,11.080907434225045,0.48219812195748046,9.325640810653544,False
SNPS,prior,max_drawdown_pct,-39.17865900849189,-70.82048945093555,-1.2993932314906609,True
SNPS,posterior,mean_pct,-0.09654009970745392,-0.528944810097201,0.47394979488181826,True
SNPS,posterior,volatility_pct,3.6919690676647203,2.0315366262298897,3.284080366797192,False
SNPS,posterior,q01_pct,-8.528852947056293,-9.589345533028245,-4.24385745599866,True
SNPS,posterior,q99_pct,11.080907434225045,4.2068267933092995,9.865306224115162,False
SNPS,posterior,max_drawdown_pct,-39.17865900849189,-77.9965491663153,-13.292853063553414,True
SO,prior,mean_pct,0.0005047425958082385,-0.42011757146774187,0.45522948165096727,True
SO,prior,volatility_pct,1.0712999874290003,0.2123767568325391,3.757111591216392,True
SO,prior,q01_pct,-2.596224518492818,-9.347358371131122,-0.4511408458347419,True
SO,prior,q99_pct,2.773180352523918,0.48219812195748046,9.325640810653544,True
SO,prior,max_drawdown_pct,-14.99027357402415,-70.82048945093555,-1.2993932314906609,True
SO,posterior,mean_pct,0.0005047425958082385,-0.220276299632582,0.22194206154692608,True
SO,posterior,volatility_pct,1.0712999874290003,0.8877923802852229,1.6426106500748694,True
SO,posterior,q01_pct,-2.596224518492818,-4.159537647757679,-1.8931018330622467,True
SO,posterior,q99_pct,2.773180352523918,1.826259495271369,4.4161937905475455,True
SO,posterior,max_drawdown_pct,-14.99027357402415,-46.48779549072908,-5.6173535131724925,True
SOLV,prior,mean_pct,0.10831816372274261,-0.42011757146774187,0.45522948165096727,True
SOLV,prior,volatility_pct,1.8728025865448399,0.2123767568325391,3.757111591216392,True
SOLV,prior,q01_pct,-4.278898146003484,-9.347358371131122,-0.4511408458347419,True
SOLV,prior,q99_pct,4.915341809391969,0.48219812195748046,9.325640810653544,True
SOLV,prior,max_drawdown_pct,-27.455302320066423,-70.82048945093555,-1.2993932314906609,True
SOLV,posterior,mean_pct,0.10831816372274261,-0.3183680314557007,0.40442922164845996,True
SOLV,posterior,volatility_pct,1.8728025865448399,1.545098176865459,2.845123397382557,True
SOLV,posterior,q01_pct,-4.278898146003484,-7.814371616393328,-3.1512839578092104,True
SOLV,posterior,q99_pct,4.915341809391969,3.20223965537734,8.289832895435378,True
SOLV,posterior,max_drawdown_pct,-27.455302320066423,-62.33911444169499,-9.96841794887543,True
SPG,prior,mean_pct,0.0858691147357149,-0.42011757146774187,0.45522948165096727,True
SPG,prior,volatility_pct,1.1969377825664456,0.2123767568325391,3.757111591216392,True
SPG,prior,q01_pct,-3.168484242632985,-9.347358371131122,-0.4511408458347419,True
SPG,prior,q99_pct,3.27062577009201,0.48219812195748046,9.325640810653544,True
SPG,prior,max_drawdown_pct,-11.539198204898415,-70.82048945093555,-1.2993932314906609,True
SPG,posterior,mean_pct,0.0858691147357149,-0.1701615279127644,0.31044419202925594,True
SPG,posterior,volatility_pct,1.1969377825664456,0.9907155351254083,1.6256158325663606,True
SPG,posterior,q01_pct,-3.168484242632985,-4.7920205823145805,-2.084823810728267,True
SPG,posterior,q99_pct,3.27062577009201,2.119655338488518,5.351880898326615,True
SPG,posterior,max_drawdown_pct,-11.539198204898415,-41.087102833670166,-6.109198658500822,True
SPGI,prior,mean_pct,-0.03792972384530913,-0.42011757146774187,0.45522948165096727,True
SPGI,prior,volatility_pct,1.9510649038333192,0.2123767568325391,3.757111591216392,True
SPGI,prior,q01_pct,-5.7514436542987815,-9.347358371131122,-0.4511408458347419,True
SPGI,prior,q99_pct,4.138361029326911,0.48219812195748046,9.325640810653544,True
SPGI,prior,max_drawdown_pct,-28.92675655989143,-70.82048945093555,-1.2993932314906609,True
SPGI,posterior,mean_pct,-0.03792972384530913,-0.4171673478314428,0.42729903554145204,True
SPGI,posterior,volatility_pct,1.9510649038333192,1.490661786884007,3.559133458701433,True
SPGI,posterior,q01_pct,-5.7514436542987815,-8.508661133237183,-3.066663591982797,True
SPGI,posterior,q99_pct,4.138361029326911,3.111524959513917,9.37756212763486,True
SPGI,posterior,max_drawdown_pct,-28.92675655989143,-69.86738415479134,-9.87485614611945,True
SRE,prior,mean_pct,0.03200643745628895,-0.42011757146774187,0.45522948165096727,True
SRE,prior,volatility_pct,1.310510943488017,0.2123767568325391,3.757111591216392,True
SRE,prior,q01_pct,-3.537437058985233,-9.347358371131122,-0.4511408458347419,True
SRE,prior,q99_pct,2.7434051409363738,0.48219812195748046,9.325640810653544,True
SRE,prior,max_drawdown_pct,-17.509898642537046,-70.82048945093555,-1.2993932314906609,True
SRE,posterior,mean_pct,0.03200643745628895,-0.21497103069655354,0.3313780868504246,True
SRE,posterior,volatility_pct,1.310510943488017,1.0926592969275601,1.7397717548826044,True
SRE,posterior,q01_pct,-3.537437058985233,-5.378580592479556,-2.089595750300214,True
SRE,posterior,q99_pct,2.7434051409363738,2.3221138416789473,5.331877761892972,True
SRE,posterior,max_drawdown_pct,-17.509898642537046,-47.638390694388455,-6.534954703000833,True
STE,prior,mean_pct,-0.016688413906251753,-0.42011757146774187,0.45522948165096727,True
STE,prior,volatility_pct,1.5874044766966726,0.2123767568325391,3.757111591216392,True
STE,prior,q01_pct,-3.8938683085143566,-9.347358371131122,-0.4511408458347419,True
STE,prior,q99_pct,4.510153215378521,0.48219812195748046,9.325640810653544,True
STE,prior,max_drawdown_pct,-25.366849294935847,-70.82048945093555,-1.2993932314906609,True
STE,posterior,mean_pct,-0.016688413906251753,-0.34115209470337504,0.30507372396792926,True
STE,posterior,volatility_pct,1.5874044766966726,1.2576630528816355,2.7777221993923153,True
STE,posterior,q01_pct,-3.8938683085143566,-8.190272176079452,-2.715442589763552,True
STE,posterior,q99_pct,4.510153215378521,2.685634392546486,8.106334736198178,True
STE,posterior,max_drawdown_pct,-25.366849294935847,-65.64861071908345,-8.805558630237428,True
STLD,prior,mean_pct,0.26920328977411145,-0.42011757146774187,0.45522948165096727,True
STLD,prior,volatility_pct,2.2898248735426208,0.2123767568325391,3.757111591216392,True
STLD,prior,q01_pct,-5.073686186224222,-9.347358371131122,-0.4511408458347419,True
STLD,prior,q99_pct,5.45788694173097,0.48219812195748046,9.325640810653544,True
STLD,prior,max_drawdown_pct,-22.37350712844519,-70.82048945093555,-1.2993932314906609,True
STLD,posterior,mean_pct,0.26920328977411145,-0.27970933197347136,0.5799149076701153,True
STLD,posterior,volatility_pct,2.2898248735426208,1.9073963742105802,2.9526127450752333,True
STLD,posterior,q01_pct,-5.073686186224222,-7.840613790787756,-3.802501440420748,True
STLD,posterior,q99_pct,5.45788694173097,3.9034244487993415,8.818458800204064,True
STLD,posterior,max_drawdown_pct,-22.37350712844519,-63.408618202667505,-11.498357921663843,True
STT,prior,mean_pct,0.22622527103806078,-0.42011757146774187,0.45522948165096727,True
STT,prior,volatility_pct,1.5552025118592463,0.2123767568325391,3.757111591216392,True
STT,prior,q01_pct,-3.779372200369835,-9.347358371131122,-0.4511408458347419,True
STT,prior,q99_pct,3.4816424362361422,0.48219812195748046,9.325640810653544,True
STT,prior,max_drawdown_pct,-11.791028877034437,-70.82048945093555,-1.2993932314906609,True
STT,posterior,mean_pct,0.22622527103806078,-0.08097856323099606,0.5390623815509387,True
STT,posterior,volatility_pct,1.5552025118592463,1.2986598327992984,2.2020493814873516,True
STT,posterior,q01_pct,-3.779372200369835,-5.727453105803579,-2.574421857763082,True
STT,posterior,q99_pct,3.4816424362361422,3.0373760177753857,6.2691101871430766,True
STT,posterior,max_drawdown_pct,-11.791028877034437,-36.633257548116696,-6.42995471676169,True
STX,prior,mean_pct,0.7349603842797592,-0.42011757146774187,0.45522948165096727,False
STX,prior,volatility_pct,4.6625388306156195,0.2123767568325391,3.757111591216392,False
STX,prior,q01_pct,-9.536207020282745,-9.347358371131122,-0.4511408458347419,False
STX,prior,q99_pct,12.579700909554928,0.48219812195748046,9.325640810653544,False
STX,prior,max_drawdown_pct,-31.81039761918345,-70.82048945093555,-1.2993932314906609,True
STX,posterior,mean_pct,0.7349603842797592,-0.38010360562012835,0.7859735819202522,True
STX,posterior,volatility_pct,4.6625388306156195,1.5764383471160315,2.962571896403227,False
STX,posterior,q01_pct,-9.536207020282745,-9.547058712691069,-3.3970751288347047,True
STX,posterior,q99_pct,12.579700909554928,3.533066064026199,10.505117209069425,False
STX,posterior,max_drawdown_pct,-31.81039761918345,-69.28977769674476,-9.465281977479762,True
STZ,prior,mean_pct,-0.05464252251954349,-0.42011757146774187,0.45522948165096727,True
STZ,prior,volatility_pct,1.924055056675825,0.2123767568325391,3.757111591216392,True
STZ,prior,q01_pct,-5.503632184118032,-9.347358371131122,-0.4511408458347419,True
STZ,prior,q99_pct,4.701041858643287,0.48219812195748046,9.325640810653544,True
STZ,prior,max_drawdown_pct,-21.97502203590155,-70.82048945093555,-1.2993932314906609,True
STZ,posterior,mean_pct,-0.05464252251954349,-0.4402790981991451,0.37943957057405875,True
STZ,posterior,volatility_pct,1.924055056675825,1.5262684422428232,2.9250543381679734,True
STZ,posterior,q01_pct,-5.503632184118032,-9.131407073698938,-3.3800373340025547,True
STZ,posterior,q99_pct,4.701041858643287,3.0503319238778186,8.336519319936624,True
STZ,posterior,max_drawdown_pct,-21.97502203590155,-71.09846575537712,-12.135166038266554,True
SW,prior,mean_pct,0.04426176956258132,-0.42011757146774187,0.45522948165096727,True
SW,prior,volatility_pct,2.7549648139690754,0.2123767568325391,3.757111591216392,True
SW,prior,q01_pct,-5.859997719526291,-9.347358371131122,-0.4511408458347419,True
SW,prior,q99_pct,9.014074243605124,0.48219812195748046,9.325640810653544,True
SW,prior,max_drawdown_pct,-30.764359805605814,-70.82048945093555,-1.2993932314906609,True
SW,posterior,mean_pct,0.04426176956258132,-0.6762203044696733,0.4692161480055219,True
SW,posterior,volatility_pct,2.7549648139690754,1.9418696213977604,3.1671026821753787,True
SW,posterior,q01_pct,-5.859997719526291,-9.14128596521914,-4.206719481293113,True
SW,posterior,q99_pct,9.014074243605124,3.935003245621918,8.824243660829948,False
SW,posterior,max_drawdown_pct,-30.764359805605814,-84.90382573871568,-13.41906356882219,True
SWK,prior,mean_pct,0.14559121200932168,-0.42011757146774187,0.45522948165096727,True
SWK,prior,volatility_pct,2.3658822684335314,0.2123767568325391,3.757111591216392,True
SWK,prior,q01_pct,-4.848583601415157,-9.347358371131122,-0.4511408458347419,True
SWK,prior,q99_pct,5.812904983758924,0.48219812195748046,9.325640810653544,True
SWK,prior,max_drawdown_pct,-26.135770709502324,-70.82048945093555,-1.2993932314906609,True
SWK,posterior,mean_pct,0.14559121200932168,-0.47865805133079675,0.46230147602690874,True
SWK,posterior,volatility_pct,2.3658822684335314,1.9830379894820254,2.9048735446665597,True
SWK,posterior,q01_pct,-4.848583601415157,-9.034387605637312,-4.228211873583496,True
SWK,posterior,q99_pct,5.812904983758924,4.003631448931989,8.265918457135534,True
SWK,posterior,max_drawdown_pct,-26.135770709502324,-75.18999544245763,-14.607639485020728,True
SWKS,prior,mean_pct,0.04935141153055156,-0.42011757146774187,0.45522948165096727,True
SWKS,prior,volatility_pct,2.9251225034956976,0.2123767568325391,3.757111591216392,True
SWKS,prior,q01_pct,-7.949492707848549,-9.347358371131122,-0.4511408458347419,True
SWKS,prior,q99_pct,7.513919845223397,0.48219812195748046,9.325640810653544,True
SWKS,prior,max_drawdown_pct,-35.23552119752077,-70.82048945093555,-1.2993932314906609,True
SWKS,posterior,mean_pct,0.04935141153055156,-0.4050111909068903,0.49030722610882543,True
SWKS,posterior,volatility_pct,2.9251225034956976,2.035964026833131,3.0895097572174803,True
SWKS,posterior,q01_pct,-7.949492707848549,-9.817978643253445,-4.1272180342115465,True
SWKS,posterior,q99_pct,7.513919845223397,4.270747031271455,9.524884822033336,True
SWKS,posterior,max_drawdown_pct,-35.23552119752077,-74.37120553790669,-12.141337545718041,True
SYF,prior,mean_pct,0.04295259690252351,-0.42011757146774187,0.45522948165096727,True
SYF,prior,volatility_pct,1.9813690370653372,0.2123767568325391,3.757111591216392,True
SYF,prior,q01_pct,-6.328110210597515,-9.347358371131122,-0.4511408458347419,True
SYF,prior,q99_pct,4.285825584083794,0.48219812195748046,9.325640810653544,True
SYF,prior,max_drawdown_pct,-27.61427153168493,-70.82048945093555,-1.2993932314906609,True
SYF,posterior,mean_pct,0.04295259690252351,-0.3200281559514515,0.48099620517791924,True
SYF,posterior,volatility_pct,1.9813690370653372,1.5492248455006,3.4806213752663444,True
SYF,posterior,q01_pct,-6.328110210597515,-8.744846806675195,-3.3340298407711093,True
SYF,posterior,q99_pct,4.285825584083794,3.5121960267424566,9.518293702602362,True
SYF,posterior,max_drawdown_pct,-27.61427153168493,-62.73484657422373,-9.366406596019296,True
SYK,prior,mean_pct,-0.0786823095538125,-0.42011757146774187,0.45522948165096727,True
SYK,prior,volatility_pct,1.757550432787492,0.2123767568325391,3.757111591216392,True
SYK,prior,q01_pct,-5.23629242554307,-9.347358371131122,-0.4511408458347419,True
SYK,prior,q99_pct,4.706958066672086,0.48219812195748046,9.325640810653544,True
SYK,prior,max_drawdown_pct,-27.804165318479757,-70.82048945093555,-1.2993932314906609,True
SYK,posterior,mean_pct,-0.0786823095538125,-0.4352198414696815,0.29862377279900265,True
SYK,posterior,volatility_pct,1.757550432787492,1.4365463622034773,2.6379112431609237,True
SYK,posterior,q01_pct,-5.23629242554307,-7.707808995991945,-3.256586537882686,True
SYK,posterior,q99_pct,4.706958066672086,2.9261526118963914,7.3969437133520755,True
SYK,posterior,max_drawdown_pct,-27.804165318479757,-71.06838647688487,-11.900603588984433,True
SYY,prior,mean_pct,0.02767622613646381,-0.42011757146774187,0.45522948165096727,True
SYY,prior,volatility_pct,1.684851670668654,0.2123767568325391,3.757111591216392,True
SYY,prior,q01_pct,-2.818321129307151,-9.347358371131122,-0.4511408458347419,True
SYY,prior,q99_pct,2.988709146156907,0.48219812195748046,9.325640810653544,True
SYY,prior,max_drawdown_pct,-23.979811645695005,-70.82048945093555,-1.2993932314906609,True
SYY,posterior,mean_pct,0.02767622613646381,-0.3102136086206002,0.2814181495316851,True
SYY,posterior,volatility_pct,1.684851670668654,1.1267634231824464,3.5832381780057987,True
SYY,posterior,q01_pct,-2.818321129307151,-7.24658463448286,-2.3999272115994246,True
SYY,posterior,q99_pct,2.988709146156907,2.2802422548178556,6.965008975844813,True
SYY,posterior,max_drawdown_pct,-23.979811645695005,-63.17858189637311,-7.801549219978933,True
T,prior,mean_pct,-0.016332965981291636,-0.42011757146774187,0.45522948165096727,True
T,prior,volatility_pct,1.5742409782315976,0.2123767568325391,3.757111591216392,True
T,prior,q01_pct,-4.157622344791889,-9.347358371131122,-0.4511408458347419,True
T,prior,q99_pct,4.345432333648203,0.48219812195748046,9.325640810653544,True
T,prior,max_drawdown_pct,-28.885413660816106,-70.82048945093555,-1.2993932314906609,True
T,posterior,mean_pct,-0.016332965981291636,-0.3885235065068855,0.2984412825872944,True
T,posterior,volatility_pct,1.5742409782315976,1.3308500687831557,2.3922779266581586,True
T,posterior,q01_pct,-4.157622344791889,-7.005080503597855,-2.7811030114535242,True
T,posterior,q99_pct,4.345432333648203,2.8264988575130667,7.569639384932812,True
T,posterior,max_drawdown_pct,-28.885413660816106,-70.06695020578834,-7.9758882056542975,True
TAP,prior,mean_pct,-0.047414030893833115,-0.42011757146774187,0.45522948165096727,True
TAP,prior,volatility_pct,1.7719863502840665,0.2123767568325391,3.757111591216392,True
TAP,prior,q01_pct,-4.5334372110664845,-9.347358371131122,-0.4511408458347419,True
TAP,prior,q99_pct,3.7982224300503677,0.48219812195748046,9.325640810653544,True
TAP,prior,max_drawdown_pct,-27.74818403353794,-70.82048945093555,-1.2993932314906609,True
TAP,posterior,mean_pct,-0.047414030893833115,-0.36189122892287884,0.37071383783317197,True
TAP,posterior,volatility_pct,1.7719863502840665,1.4591209894024082,2.3603558633202444,True
TAP,posterior,q01_pct,-4.5334372110664845,-6.722148334421218,-3.115643232967705,True
TAP,posterior,q99_pct,3.7982224300503677,3.0752924477681507,6.676601285859935,True
TAP,posterior,max_drawdown_pct,-27.74818403353794,-65.41046429694558,-11.133735228460823,True
TDG,prior,mean_pct,-0.03156108934945223,-0.42011757146774187,0.45522948165096727,True
TDG,prior,volatility_pct,1.7092845663632201,0.2123767568325391,3.757111591216392,True
TDG,prior,q01_pct,-4.834259934723377,-9.347358371131122,-0.4511408458347419,True
TDG,prior,q99_pct,4.1051261313259575,0.48219812195748046,9.325640810653544,True
TDG,prior,max_drawdown_pct,-21.870344494278214,-70.82048945093555,-1.2993932314906609,True
TDG,posterior,mean_pct,-0.03156108934945223,-0.3102219883025086,0.3180855211353091,True
TDG,posterior,volatility_pct,1.7092845663632201,1.3597517707391054,2.300117245243912,True
TDG,posterior,q01_pct,-4.834259934723377,-7.060000742878765,-2.9493489318061625,True
TDG,posterior,q99_pct,4.1051261313259575,2.7724202188197515,6.995157809928049,True
TDG,posterior,max_drawdown_pct,-21.870344494278214,-59.98531538703969,-10.111075288307834,True
TDY,prior,mean_pct,0.05990818166807799,-0.42011757146774187,0.45522948165096727,True
TDY,prior,volatility_pct,1.6461661993106196,0.2123767568325391,3.757111591216392,True
TDY,prior,q01_pct,-3.188274335116148,-9.347358371131122,-0.4511408458347419,True
TDY,prior,q99_pct,3.9880934730172153,0.48219812195748046,9.325640810653544,True
TDY,prior,max_drawdown_pct,-18.38718293958378,-70.82048945093555,-1.2993932314906609,True
TDY,posterior,mean_pct,0.05990818166807799,-0.3471703706683513,0.3294166646369909,True
TDY,posterior,volatility_pct,1.6461661993106196,1.3284521151800666,2.4497392929062416,True
TDY,posterior,q01_pct,-3.188274335116148,-7.163103247620166,-2.874996564676985,True
TDY,posterior,q99_pct,3.9880934730172153,2.936189093161368,6.643376196548336,True
TDY,posterior,max_drawdown_pct,-18.38718293958378,-65.18315986241508,-9.561180293509446,True
TECH,prior,mean_pct,0.15671873405835868,-0.42011757146774187,0.45522948165096727,True
TECH,prior,volatility_pct,2.9165551572396877,0.2123767568325391,3.757111591216392,True
TECH,prior,q01_pct,-6.060866117477417,-9.347358371131122,-0.4511408458347419,True
TECH,prior,q99_pct,6.90240204334258,0.48219812195748046,9.325640810653544,True
TECH,prior,max_drawdown_pct,-39.25712822253457,-70.82048945093555,-1.2993932314906609,True
TECH,posterior,mean_pct,0.15671873405835868,-0.39435984278058456,0.48795363202493963,True
TECH,posterior,volatility_pct,2.9165551572396877,1.938524894083973,3.2172808395585024,True
TECH,posterior,q01_pct,-6.060866117477417,-10.755683665908872,-4.086862714495512,True
TECH,posterior,q99_pct,6.90240204334258,4.360871307551852,11.093591641262147,True
TECH,posterior,max_drawdown_pct,-39.25712822253457,-69.09392394276489,-14.80504643156416,True
TEL,prior,mean_pct,0.028977842157473788,-0.42011757146774187,0.45522948165096727,True
TEL,prior,volatility_pct,2.1656384806967925,0.2123767568325391,3.757111591216392,True
TEL,prior,q01_pct,-6.733939405530691,-9.347358371131122,-0.4511408458347419,True
TEL,prior,q99_pct,5.038951579481359,0.48219812195748046,9.325640810653544,True
TEL,prior,max_drawdown_pct,-21.108381147095066,-70.82048945093555,-1.2993932314906609,True
TEL,posterior,mean_pct,0.028977842157473788,-0.28795197634523717,0.5790568175418276,True
TEL,posterior,volatility_pct,2.1656384806967925,1.711715529754946,2.9429239428667686,True
TEL,posterior,q01_pct,-6.733939405530691,-9.475355168990792,-3.6194593429565427,True
TEL,posterior,q99_pct,5.038951579481359,3.9946140284650014,8.724521351233118,True
TEL,posterior,max_drawdown_pct,-21.108381147095066,-63.05601898210969,-9.974185645142812,True
TER,prior,mean_pct,0.5473715578091287,-0.42011757146774187,0.45522948165096727,False
TER,prior,volatility_pct,4.755997454410351,0.2123767568325391,3.757111591216392,False
TER,prior,q01_pct,-11.83438804000616,-9.347358371131122,-0.4511408458347419,False
TER,prior,q99_pct,13.067387193441386,0.48219812195748046,9.325640810653544,False
TER,prior,max_drawdown_pct,-33.98437365376144,-70.82048945093555,-1.2993932314906609,True
TER,posterior,mean_pct,0.5473715578091287,-0.2673948702374531,0.6880072469621438,True
TER,posterior,volatility_pct,4.755997454410351,2.082273918699457,3.0492806773505508,False
TER,posterior,q01_pct,-11.83438804000616,-10.755161568336188,-4.36386817758903,False
TER,posterior,q99_pct,13.067387193441386,4.556340637337415,10.711414705403147,False
TER,posterior,max_drawdown_pct,-33.98437365376144,-66.5414581827239,-11.225449548543297,True
TFC,prior,mean_pct,0.0662872159239214,-0.42011757146774187,0.45522948165096727,True
TFC,prior,volatility_pct,1.5004271554897182,0.2123767568325391,3.757111591216392,True
TFC,prior,q01_pct,-4.317106008529663,-9.347358371131122,-0.4511408458347419,True
TFC,prior,q99_pct,3.3995947428047653,0.48219812195748046,9.325640810653544,True
TFC,prior,max_drawdown_pct,-20.673484176452828,-70.82048945093555,-1.2993932314906609,True
TFC,posterior,mean_pct,0.0662872159239214,-0.15067368841953055,0.4331133455839619,True
TFC,posterior,volatility_pct,1.5004271554897182,1.1864007771700864,2.2929221709516767,True
TFC,posterior,q01_pct,-4.317106008529663,-6.132554050628096,-2.433619532128797,True
TFC,posterior,q99_pct,3.3995947428047653,2.790882447920738,6.666422053053952,True
TFC,posterior,max_drawdown_pct,-20.673484176452828,-45.80284126579413,-7.504158951783785,True
TGT,prior,mean_pct,0.24098944781201226,-0.42011757146774187,0.45522948165096727,True
TGT,prior,volatility_pct,1.9179846249819725,0.2123767568325391,3.757111591216392,True
TGT,prior,q01_pct,-4.089382663369179,-9.347358371131122,-0.4511408458347419,True
TGT,prior,q99_pct,4.617681466042994,0.48219812195748046,9.325640810653544,True
TGT,prior,max_drawdown_pct,-13.332516477928468,-70.82048945093555,-1.2993932314906609,True
TGT,posterior,mean_pct,0.24098944781201226,-0.25625806051115063,0.5223436867087228,True
TGT,posterior,volatility_pct,1.9179846249819725,1.6176871703842968,2.5598033889494123,True
TGT,posterior,q01_pct,-4.089382663369179,-7.38530042823404,-3.332606803113595,True
TGT,posterior,q99_pct,4.617681466042994,3.611794117558746,8.197618512250473,True
TGT,posterior,max_drawdown_pct,-13.332516477928468,-58.671472174384505,-9.39306802842668,True
TJX,prior,mean_pct,-0.001771787896132082,-0.42011757146774187,0.45522948165096727,True
TJX,prior,volatility_pct,1.2760354216875773,0.2123767568325391,3.757111591216392,True
TJX,prior,q01_pct,-2.7919446770101786,-9.347358371131122,-0.4511408458347419,True
TJX,prior,q99_pct,2.778497198596596,0.48219812195748046,9.325640810653544,True
TJX,prior,max_drawdown_pct,-21.783562562799254,-70.82048945093555,-1.2993932314906609,True
TJX,posterior,mean_pct,-0.001771787896132082,-0.23442518061037632,0.2625142387626056,True
TJX,posterior,volatility_pct,1.2760354216875773,1.0353846018191704,1.9668421052701472,True
TJX,posterior,q01_pct,-2.7919446770101786,-5.312866028957068,-2.166926216194407,True
TJX,posterior,q99_pct,2.778497198596596,2.1851973316632174,5.244748782180239,True
TJX,posterior,max_drawdown_pct,-21.783562562799254,-51.11884070537404,-6.451228168932569,True
TKO,prior,mean_pct,0.01709723380685091,-0.42011757146774187,0.45522948165096727,True
TKO,prior,volatility_pct,1.9896761532030742,0.2123767568325391,3.757111591216392,True
TKO,prior,q01_pct,-4.853576794266701,-9.347358371131122,-0.4511408458347419,True
TKO,prior,q99_pct,5.410021226853122,0.48219812195748046,9.325640810653544,True
TKO,prior,max_drawdown_pct,-19.605814438648427,-70.82048945093555,-1.2993932314906609,True
TKO,posterior,mean_pct,0.01709723380685091,-0.35784940642615215,0.40272489523798066,True
TKO,posterior,volatility_pct,1.9896761532030742,1.6457091869073757,3.208295049710023,True
TKO,posterior,q01_pct,-4.853576794266701,-9.34912742767483,-3.4997125816531485,True
TKO,posterior,q99_pct,5.410021226853122,3.4150782559066974,9.881955069117206,True
TKO,posterior,max_drawdown_pct,-19.605814438648427,-67.72685360232013,-12.229684923960043,True
TMO,prior,mean_pct,0.10768099883762261,-0.42011757146774187,0.45522948165096727,True
TMO,prior,volatility_pct,1.910302788680169,0.2123767568325391,3.757111591216392,True
TMO,prior,q01_pct,-3.6102427169680595,-9.347358371131122,-0.4511408458347419,True
TMO,prior,q99_pct,5.921041928231698,0.48219812195748046,9.325640810653544,True
TMO,prior,max_drawdown_pct,-31.382694785497357,-70.82048945093555,-1.2993932314906609,True
TMO,posterior,mean_pct,0.10768099883762261,-0.3885935288375464,0.3785000229612475,True
TMO,posterior,volatility_pct,1.910302788680169,1.486544034310953,2.997134197308195,True
TMO,posterior,q01_pct,-3.6102427169680595,-8.161123434454202,-3.193381600920111,True
TMO,posterior,q99_pct,5.921041928231698,3.1602643568534368,9.372233963944,True
TMO,posterior,max_drawdown_pct,-31.382694785497357,-68.95107531487314,-10.384807211228322,True
TMUS,prior,mean_pct,-0.09912477652704865,-0.42011757146774187,0.45522948165096727,True
TMUS,prior,volatility_pct,1.8497085177206927,0.2123767568325391,3.757111591216392,True
TMUS,prior,q01_pct,-4.211056791245937,-9.347358371131122,-0.4511408458347419,True
TMUS,prior,q99_pct,4.585514776408663,0.48219812195748046,9.325640810653544,True
TMUS,prior,max_drawdown_pct,-33.45168463019845,-70.82048945093555,-1.2993932314906609,True
TMUS,posterior,mean_pct,-0.09912477652704865,-0.3967099624324959,0.3569101815337755,True
TMUS,posterior,volatility_pct,1.8497085177206927,1.45514349455114,3.180078088890001,True
TMUS,posterior,q01_pct,-4.211056791245937,-8.464416748471558,-3.3368559359572827,True
TMUS,posterior,q99_pct,4.585514776408663,3.2662179849110515,8.778893042542025,True
TMUS,posterior,max_drawdown_pct,-33.45168463019845,-68.29941369926114,-10.722718588113764,True
TPL,prior,mean_pct,0.11325775009396466,-0.42011757146774187,0.45522948165096727,True
TPL,prior,volatility_pct,3.021714174528762,0.2123767568325391,3.757111591216392,True
TPL,prior,q01_pct,-7.132194377481937,-9.347358371131122,-0.4511408458347419,True
TPL,prior,q99_pct,9.017873071134076,0.48219812195748046,9.325640810653544,True
TPL,prior,max_drawdown_pct,-36.79563186671449,-70.82048945093555,-1.2993932314906609,True
TPL,posterior,mean_pct,0.11325775009396466,-0.438999669955372,0.4993204200590423,True
TPL,posterior,volatility_pct,3.021714174528762,2.0693648144955152,2.8807001239738708,False
TPL,posterior,q01_pct,-7.132194377481937,-7.95463315024972,-4.207283184304834,True
TPL,posterior,q99_pct,9.017873071134076,4.400109738484021,8.41976866722106,False
TPL,posterior,max_drawdown_pct,-36.79563186671449,-73.1790943401421,-13.353636564774634,True
TPR,prior,mean_pct,0.10822594514650064,-0.42011757146774187,0.45522948165096727,True
TPR,prior,volatility_pct,2.5663324630918902,0.2123767568325391,3.757111591216392,True
TPR,prior,q01_pct,-7.282650414854287,-9.347358371131122,-0.4511408458347419,True
TPR,prior,q99_pct,5.768145807087412,0.48219812195748046,9.325640810653544,True
TPR,prior,max_drawdown_pct,-25.876928276833834,-70.82048945093555,-1.2993932314906609,True
TPR,posterior,mean_pct,0.10822594514650064,-0.3738557480500617,0.6183910048230814,True
TPR,posterior,volatility_pct,2.5663324630918902,1.8706754467981905,3.339138959110476,True
TPR,posterior,q01_pct,-7.282650414854287,-9.901000228710473,-3.730942303314805,True
TPR,posterior,q99_pct,5.768145807087412,4.098885293956842,10.804711177758856,True
TPR,posterior,max_drawdown_pct,-25.876928276833834,-67.40609629772871,-10.734382439674771,True
TRGP,prior,mean_pct,0.24133783795718955,-0.42011757146774187,0.45522948165096727,True
TRGP,prior,volatility_pct,1.8501930749065791,0.2123767568325391,3.757111591216392,True
TRGP,prior,q01_pct,-4.249640088528395,-9.347358371131122,-0.4511408458347419,True
TRGP,prior,q99_pct,4.453875143080949,0.48219812195748046,9.325640810653544,True
TRGP,prior,max_drawdown_pct,-16.011252774688035,-70.82048945093555,-1.2993932314906609,True
TRGP,posterior,mean_pct,0.24133783795718955,-0.18494516527512062,0.5441776779470331,True
TRGP,posterior,volatility_pct,1.8501930749065791,1.5899154822691435,2.5985402344108484,True
TRGP,posterior,q01_pct,-4.249640088528395,-7.023565886728465,-3.0985193251632155,True
TRGP,posterior,q99_pct,4.453875143080949,3.389937670994546,7.481122543476499,True
TRGP,posterior,max_drawdown_pct,-16.011252774688035,-50.62994534174979,-8.473274221967444,True
TRMB,prior,mean_pct,-0.10620241929473195,-0.42011757146774187,0.45522948165096727,True
TRMB,prior,volatility_pct,2.0071920069251945,0.2123767568325391,3.757111591216392,True
TRMB,prior,q01_pct,-5.881118681281805,-9.347358371131122,-0.4511408458347419,True
TRMB,prior,q99_pct,4.471659548580642,0.48219812195748046,9.325640810653544,True
TRMB,prior,max_drawdown_pct,-41.48706837269219,-70.82048945093555,-1.2993932314906609,True
TRMB,posterior,mean_pct,-0.10620241929473195,-0.3913309066634696,0.4142888771845534,True
TRMB,posterior,volatility_pct,2.0071920069251945,1.6996506945332088,2.9247300323075702,True
TRMB,posterior,q01_pct,-5.881118681281805,-8.712129110842943,-3.6496691864915194,True
TRMB,posterior,q99_pct,4.471659548580642,3.4585263268090767,8.811075902916487,True
TRMB,posterior,max_drawdown_pct,-41.48706837269219,-68.42737994632515,-11.998399917861784,True
TROW,prior,mean_pct,0.03745470288549768,-0.42011757146774187,0.45522948165096727,True
TROW,prior,volatility_pct,1.5588065730789182,0.2123767568325391,3.757111591216392,True
TROW,prior,q01_pct,-4.695302732288837,-9.347358371131122,-0.4511408458347419,True
TROW,prior,q99_pct,3.709878474473953,0.48219812195748046,9.325640810653544,True
TROW,prior,max_drawdown_pct,-19.75633066004875,-70.82048945093555,-1.2993932314906609,True
TROW,posterior,mean_pct,0.03745470288549768,-0.275257711025219,0.36969182071356066,True
TROW,posterior,volatility_pct,1.5588065730789182,1.2019584488073802,2.4091148449132853,True
TROW,posterior,q01_pct,-4.695302732288837,-6.649256075546145,-2.599053692864255,True
TROW,posterior,q99_pct,3.709878474473953,2.7427175081800637,7.690537675097567,True
TROW,posterior,max_drawdown_pct,-19.75633066004875,-55.63477849044689,-7.614636257131084,True
TRV,prior,mean_pct,0.13668039355962947,-0.42011757146774187,0.45522948165096727,True
TRV,prior,volatility_pct,1.3092703392846006,0.2123767568325391,3.757111591216392,True
TRV,prior,q01_pct,-2.937328964471817,-9.347358371131122,-0.4511408458347419,True
TRV,prior,q99_pct,3.0973736010491795,0.48219812195748046,9.325640810653544,True
TRV,prior,max_drawdown_pct,-8.811237973625396,-70.82048945093555,-1.2993932314906609,True
TRV,posterior,mean_pct,0.13668039355962947,-0.14958002695172468,0.3302065529594813,True
TRV,posterior,volatility_pct,1.3092703392846006,1.0315886096237585,2.0152471837211996,True
TRV,posterior,q01_pct,-2.937328964471817,-6.660778003558517,-2.0486925616860394,True
TRV,posterior,q99_pct,3.0973736010491795,2.252561248885465,6.244335934333491,True
TRV,posterior,max_drawdown_pct,-8.811237973625396,-44.00532259545657,-5.629771573185611,True
TSCO,prior,mean_pct,-0.1975062138399153,-0.42011757146774187,0.45522948165096727,True
TSCO,prior,volatility_pct,2.0134267196590923,0.2123767568325391,3.757111591216392,True
TSCO,prior,q01_pct,-5.653386041522026,-9.347358371131122,-0.4511408458347419,True
TSCO,prior,q99_pct,3.9263302460312803,0.48219812195748046,9.325640810653544,True
TSCO,prior,max_drawdown_pct,-52.694631587573696,-70.82048945093555,-1.2993932314906609,True
TSCO,posterior,mean_pct,-0.1975062138399153,-0.4320007191371289,0.2675274964561252,True
TSCO,posterior,volatility_pct,2.0134267196590923,1.6408482440093524,2.8362987019392145,True
TSCO,posterior,q01_pct,-5.653386041522026,-7.98307253178209,-3.469315018784256,True
TSCO,posterior,q99_pct,3.9263302460312803,3.3434511100873325,7.42333352863787,True
TSCO,posterior,max_drawdown_pct,-52.694631587573696,-71.78180392213848,-13.616414217594164,True
TSLA,prior,mean_pct,0.05350796000129776,-0.42011757146774187,0.45522948165096727,True
TSLA,prior,volatility_pct,2.976549002166548,0.2123767568325391,3.757111591216392,True
TSLA,prior,q01_pct,-6.597858741879463,-9.347358371131122,-0.4511408458347419,True
TSLA,prior,q99_pct,7.063725627958768,0.48219812195748046,9.325640810653544,True
TSLA,prior,max_drawdown_pct,-39.10345389334403,-70.82048945093555,-1.2993932314906609,True
TSLA,posterior,mean_pct,0.05350796000129776,-0.5333963611880934,0.47198660061867753,True
TSLA,posterior,volatility_pct,2.976549002166548,2.083463877992685,2.7922042165527734,False
TSLA,posterior,q01_pct,-6.597858741879463,-8.390668603032827,-4.391379602160305,True
TSLA,posterior,q99_pct,7.063725627958768,4.307988188602029,8.317644752375777,True
TSLA,posterior,max_drawdown_pct,-39.10345389334403,-78.36769433273678,-13.642960856378796,True
TSN,prior,mean_pct,-0.003387123268794312,-0.42011757146774187,0.45522948165096727,True
TSN,prior,volatility_pct,1.665675799265699,0.2123767568325391,3.757111591216392,True
TSN,prior,q01_pct,-4.303313829004765,-9.347358371131122,-0.4511408458347419,True
TSN,prior,q99_pct,4.445976186543678,0.48219812195748046,9.325640810653544,True
TSN,prior,max_drawdown_pct,-23.872776783251727,-70.82048945093555,-1.2993932314906609,True
TSN,posterior,mean_pct,-0.003387123268794312,-0.4206083712157884,0.3009813319536187,True
TSN,posterior,volatility_pct,1.665675799265699,1.3278274690485938,3.0826696794413775,True
TSN,posterior,q01_pct,-4.303313829004765,-8.057518470101058,-2.8021938914433124,True
TSN,posterior,q99_pct,4.445976186543678,2.808330846624447,7.874562943167974,True
TSN,posterior,max_drawdown_pct,-23.872776783251727,-68.39595519495698,-10.704307970712291,True
TT,prior,mean_pct,0.04049021839307443,-0.42011757146774187,0.45522948165096727,True
TT,prior,volatility_pct,1.7858882768877131,0.2123767568325391,3.757111591216392,True
TT,prior,q01_pct,-4.75226080045104,-9.347358371131122,-0.4511408458347419,True
TT,prior,q99_pct,4.232112318277358,0.48219812195748046,9.325640810653544,True
TT,prior,max_drawdown_pct,-16.097174480347142,-70.82048945093555,-1.2993932314906609,True
TT,posterior,mean_pct,0.04049021839307443,-0.2997280668774778,0.4155185030332641,True
TT,posterior,volatility_pct,1.7858882768877131,1.4757062112803312,2.6096282249858795,True
TT,posterior,q01_pct,-4.75226080045104,-7.203429395332932,-3.0703127457760275,True
TT,posterior,q99_pct,4.232112318277358,3.2740200325846627,8.612192425318051,True
TT,posterior,max_drawdown_pct,-16.097174480347142,-60.52737536547985,-9.84611351470713,True
TTD,prior,mean_pct,-0.45888011943588936,-0.42011757146774187,0.45522948165096727,False
TTD,prior,volatility_pct,3.5779660915159885,0.2123767568325391,3.757111591216392,True
TTD,prior,q01_pct,-8.859785348176956,-9.347358371131122,-0.4511408458347419,True
TTD,prior,q99_pct,7.332127653062336,0.48219812195748046,9.325640810653544,True
TTD,prior,max_drawdown_pct,-76.4631512598731,-70.82048945093555,-1.2993932314906609,False
TTD,posterior,mean_pct,-0.45888011943588936,-0.6501497235563107,0.29708885161200005,True
TTD,posterior,volatility_pct,3.5779660915159885,2.0914855025739465,2.9075703115726865,False
TTD,posterior,q01_pct,-8.859785348176956,-9.152117129415274,-4.766486766654999,True
TTD,posterior,q99_pct,7.332127653062336,4.14210385186597,8.779963851906338,True
TTD,posterior,max_drawdown_pct,-76.4631512598731,-84.93144436882416,-17.517214420385855,True
TTWO,prior,mean_pct,-0.01429084774713374,-0.42011757146774187,0.45522948165096727,True
TTWO,prior,volatility_pct,2.0412207469094,0.2123767568325391,3.757111591216392,True
TTWO,prior,q01_pct,-6.649252250790597,-9.347358371131122,-0.4511408458347419,True
TTWO,prior,q99_pct,5.636188816279165,0.48219812195748046,9.325640810653544,True
TTWO,prior,max_drawdown_pct,-27.679288094803777,-70.82048945093555,-1.2993932314906609,True
TTWO,posterior,mean_pct,-0.01429084774713374,-0.41440507976524543,0.4036875181852029,True
TTWO,posterior,volatility_pct,2.0412207469094,1.5339465889882686,3.8371924743146093,True
TTWO,posterior,q01_pct,-6.649252250790597,-9.176194482855498,-3.3082640296779577,True
TTWO,posterior,q99_pct,5.636188816279165,3.0943644518498306,10.005173452198465,True
TTWO,posterior,max_drawdown_pct,-27.679288094803777,-68.65892245463232,-12.992117803964247,True
TXN,prior,mean_pct,0.13661303393064372,-0.42011757146774187,0.45522948165096727,True
TXN,prior,volatility_pct,2.660054524956576,0.2123767568325391,3.757111591216392,True
TXN,prior,q01_pct,-6.0738266073167315,-9.347358371131122,-0.4511408458347419,True
TXN,prior,q99_pct,7.614492364227756,0.48219812195748046,9.325640810653544,True
TXN,prior,max_drawdown_pct,-24.20080013401237,-70.82048945093555,-1.2993932314906609,True
TXN,posterior,mean_pct,0.13661303393064372,-0.487549685644737,0.39996006394362205,True
TXN,posterior,volatility_pct,2.660054524956576,1.944223773218183,2.9122753573302522,True
TXN,posterior,q01_pct,-6.0738266073167315,-9.59670936036855,-4.306702766101807,True
TXN,posterior,q99_pct,7.614492364227756,4.255914135277271,8.708577280677844,True
TXN,posterior,max_drawdown_pct,-24.20080013401237,-75.54329181286943,-13.852338875438855,True
TXT,prior,mean_pct,0.007628797064285209,-0.42011757146774187,0.45522948165096727,True
TXT,prior,volatility_pct,1.6764980120677717,0.2123767568325391,3.757111591216392,True
TXT,prior,q01_pct,-4.350849352777004,-9.347358371131122,-0.4511408458347419,True
TXT,prior,q99_pct,3.4556961804628354,0.48219812195748046,9.325640810653544,True
TXT,prior,max_drawdown_pct,-21.50028932151654,-70.82048945093555,-1.2993932314906609,True
TXT,posterior,mean_pct,0.007628797064285209,-0.344391709322875,0.44211109450343067,True
TXT,posterior,volatility_pct,1.6764980120677717,1.3957407770114958,2.3489227235711936,True
TXT,posterior,q01_pct,-4.350849352777004,-6.768983704596757,-2.850007670698687,True
TXT,posterior,q99_pct,3.4556961804628354,3.0707007324323032,6.687394479010244,True
TXT,posterior,max_drawdown_pct,-21.50028932151654,-65.08185402536108,-9.353608997644539,True
TYL,prior,mean_pct,-0.1322981067460205,-0.42011757146774187,0.45522948165096727,True
TYL,prior,volatility_pct,2.5570847872054765,0.2123767568325391,3.757111591216392,True
TYL,prior,q01_pct,-7.34278704971075,-9.347358371131122,-0.4511408458347419,True
TYL,prior,q99_pct,5.691275447607037,0.48219812195748046,9.325640810653544,True
TYL,prior,max_drawdown_pct,-51.37431518174063,-70.82048945093555,-1.2993932314906609,True
TYL,posterior,mean_pct,-0.1322981067460205,-0.49139507475355515,0.5146660910860391,True
TYL,posterior,volatility_pct,2.5570847872054765,1.9707838702839438,2.9542018980674722,True
TYL,posterior,q01_pct,-7.34278704971075,-9.142353953421116,-4.224195327889174,True
TYL,posterior,q99_pct,5.691275447607037,4.147080410551276,9.245186921395351,True
TYL,posterior,max_drawdown_pct,-51.37431518174063,-76.39921474735335,-13.021474333551454,True
UAL,prior,mean_pct,0.0671195785969303,-0.42011757146774187,0.45522948165096727,True
UAL,prior,volatility_pct,2.9981132288127927,0.2123767568325391,3.757111591216392,True
UAL,prior,q01_pct,-5.745286345481873,-9.347358371131122,-0.4511408458347419,True
UAL,prior,q99_pct,8.593218810856328,0.48219812195748046,9.325640810653544,True
UAL,prior,max_drawdown_pct,-27.499362269982043,-70.82048945093555,-1.2993932314906609,True
UAL,posterior,mean_pct,0.0671195785969303,-0.6175986369156021,0.4166883990920163,True
UAL,posterior,volatility_pct,2.9981132288127927,2.127363851131486,2.856304220328187,False
UAL,posterior,q01_pct,-5.745286345481873,-9.095164591819048,-4.596901705209166,True
UAL,posterior,q99_pct,8.593218810856328,4.330648276116696,8.71118012480435,True
UAL,posterior,max_drawdown_pct,-27.499362269982043,-82.79732707611815,-15.560604881896419,True
UBER,prior,mean_pct,-0.06724665073818414,-0.42011757146774187,0.45522948165096727,True
UBER,prior,volatility_pct,2.2462525522144214,0.2123767568325391,3.757111591216392,True
UBER,prior,q01_pct,-5.211684759706259,-9.347358371131122,-0.4511408458347419,True
UBER,prior,q99_pct,5.996397230774164,0.48219812195748046,9.325640810653544,True
UBER,prior,max_drawdown_pct,-34.125870500495544,-70.82048945093555,-1.2993932314906609,True
UBER,posterior,mean_pct,-0.06724665073818414,-0.535608477547008,0.3920165690282561,True
UBER,posterior,volatility_pct,2.2462525522144214,1.8885281485478225,2.9977296596804996,True
UBER,posterior,q01_pct,-5.211684759706259,-9.691895017586647,-4.020562169607729,True
UBER,posterior,q99_pct,5.996397230774164,3.9520160376094275,8.344328518025572,True
UBER,posterior,max_drawdown_pct,-34.125870500495544,-79.23419739159004,-13.979515255334366,True
UDR,prior,mean_pct,-0.0019393932802813652,-0.42011757146774187,0.45522948165096727,True
UDR,prior,volatility_pct,1.2840778338564431,0.2123767568325391,3.757111591216392,True
UDR,prior,q01_pct,-3.489220179617405,-9.347358371131122,-0.4511408458347419,True
UDR,prior,q99_pct,3.197490163147445,0.48219812195748046,9.325640810653544,True
UDR,prior,max_drawdown_pct,-15.564502040447458,-70.82048945093555,-1.2993932314906609,True
UDR,posterior,mean_pct,-0.0019393932802813652,-0.3504199194313138,0.2529837530527476,True
UDR,posterior,volatility_pct,1.2840778338564431,1.0793140157687189,2.3185036276015705,True
UDR,posterior,q01_pct,-3.489220179617405,-6.8625673125498,-2.369268041010946,True
UDR,posterior,q99_pct,3.197490163147445,2.2309669340495,5.838944967184193,True
UDR,posterior,max_drawdown_pct,-15.564502040447458,-61.31992036395463,-8.68302219457768,True
UHS,prior,mean_pct,-0.0032002346344484067,-0.42011757146774187,0.45522948165096727,True
UHS,prior,volatility_pct,2.0128075429465455,0.2123767568325391,3.757111591216392,True
UHS,prior,q01_pct,-5.783816184848547,-9.347358371131122,-0.4511408458347419,True
UHS,prior,q99_pct,4.5673740841448245,0.48219812195748046,9.325640810653544,True
UHS,prior,max_drawdown_pct,-42.00248018090459,-70.82048945093555,-1.2993932314906609,True
UHS,posterior,mean_pct,-0.0032002346344484067,-0.3808918997731965,0.3977453099618822,True
UHS,posterior,volatility_pct,2.0128075429465455,1.4888810892023412,2.9335405764454086,True
UHS,posterior,q01_pct,-5.783816184848547,-8.924484083242714,-3.322938326466829,True
UHS,posterior,q99_pct,4.5673740841448245,3.3251405473798505,10.179849099740354,True
UHS,posterior,max_drawdown_pct,-42.00248018090459,-68.90809302161345,-10.347216057558033,True
ULTA,prior,mean_pct,0.04987956842228414,-0.42011757146774187,0.45522948165096727,True
ULTA,prior,volatility_pct,2.2757540508075556,0.2123767568325391,3.757111591216392,True
ULTA,prior,q01_pct,-5.331700276583433,-9.347358371131122,-0.4511408458347419,True
ULTA,prior,q99_pct,4.81152046471834,0.48219812195748046,9.325640810653544,True
ULTA,prior,max_drawdown_pct,-36.22846039788967,-70.82048945093555,-1.2993932314906609,True
ULTA,posterior,mean_pct,0.04987956842228414,-0.4046467069317927,0.43007995179868885,True
ULTA,posterior,volatility_pct,2.2757540508075556,1.700820896239189,2.9310383355572323,True
ULTA,posterior,q01_pct,-5.331700276583433,-8.244144773483276,-3.6327009517699476,True
ULTA,posterior,q99_pct,4.81152046471834,3.6959014172665743,8.151053497195232,True
ULTA,posterior,max_drawdown_pct,-36.22846039788967,-69.45011743495003,-11.461976215748756,True
UNH,prior,mean_pct,0.14248027696339705,-0.42011757146774187,0.45522948165096727,True
UNH,prior,volatility_pct,2.221527248694067,0.2123767568325391,3.757111591216392,True
UNH,prior,q01_pct,-3.3918118290603165,-9.347358371131122,-0.4511408458347419,True
UNH,prior,q99_pct,5.974646583199481,0.48219812195748046,9.325640810653544,True
UNH,prior,max_drawdown_pct,-28.960657410448388,-70.82048945093555,-1.2993932314906609,True
UNH,posterior,mean_pct,0.14248027696339705,-0.33217932804294037,0.4349956720379688,True
UNH,posterior,volatility_pct,2.221527248694067,1.5677977649957247,3.32876263725594,True
UNH,posterior,q01_pct,-3.3918118290603165,-8.272105533257127,-3.18981307707727,True
UNH,posterior,q99_pct,5.974646583199481,3.5159430120140294,9.034735695086395,True
UNH,posterior,max_drawdown_pct,-28.960657410448388,-67.00048871104984,-10.669795595838606,True
UNP,prior,mean_pct,0.12358911320689003,-0.42011757146774187,0.45522948165096727,True
UNP,prior,volatility_pct,1.4004772772975895,0.2123767568325391,3.757111591216392,True
UNP,prior,q01_pct,-3.450969196856022,-9.347358371131122,-0.4511408458347419,True
UNP,prior,q99_pct,3.636300303041931,0.48219812195748046,9.325640810653544,True
UNP,prior,max_drawdown_pct,-12.282292720754429,-70.82048945093555,-1.2993932314906609,True
UNP,posterior,mean_pct,0.12358911320689003,-0.1946314050528315,0.37572166813516483,True
UNP,posterior,volatility_pct,1.4004772772975895,1.0907716411066992,2.9213807976710524,True
UNP,posterior,q01_pct,-3.450969196856022,-7.637839506566524,-2.3696972292847933,True
UNP,posterior,q99_pct,3.636300303041931,2.263235348090529,7.976910334825506,True
UNP,posterior,max_drawdown_pct,-12.282292720754429,-55.33700570903104,-6.655867866783335,True
UPS,prior,mean_pct,0.10376839616696998,-0.42011757146774187,0.45522948165096727,True
UPS,prior,volatility_pct,1.8306628192696424,0.2123767568325391,3.757111591216392,True
UPS,prior,q01_pct,-5.0631085224449635,-9.347358371131122,-0.4511408458347419,True
UPS,prior,q99_pct,4.261307343840596,0.48219812195748046,9.325640810653544,True
UPS,prior,max_drawdown_pct,-19.89829589549522,-70.82048945093555,-1.2993932314906609,True
UPS,posterior,mean_pct,0.10376839616696998,-0.2523699285778278,0.5243742241462355,True
UPS,posterior,volatility_pct,1.8306628192696424,1.4735332605003388,3.7469687416357598,True
UPS,posterior,q01_pct,-5.0631085224449635,-8.684451363421976,-2.907065711775795,True
UPS,posterior,q99_pct,4.261307343840596,3.3513552851974944,9.39023810438809,True
UPS,posterior,max_drawdown_pct,-19.89829589549522,-64.78745856299189,-8.611263470982268,True
URI,prior,mean_pct,0.06005634291170736,-0.42011757146774187,0.45522948165096727,True
URI,prior,volatility_pct,2.698827243908223,0.2123767568325391,3.757111591216392,True
URI,prior,q01_pct,-5.703566558659077,-9.347358371131122,-0.4511408458347419,True
URI,prior,q99_pct,6.558100078254929,0.48219812195748046,9.325640810653544,True
URI,prior,max_drawdown_pct,-30.042730531351847,-70.82048945093555,-1.2993932314906609,True
URI,posterior,mean_pct,0.06005634291170736,-0.4230865002837297,0.5526859802499188,True
URI,posterior,volatility_pct,2.698827243908223,1.8502932626552935,3.9132056190263844,True
URI,posterior,q01_pct,-5.703566558659077,-9.562793814204632,-3.831892586220056,True
URI,posterior,q99_pct,6.558100078254929,4.074599975161252,9.276982409693286,True
URI,posterior,max_drawdown_pct,-30.042730531351847,-74.29230914013041,-12.775020595337788,True
USB,prior,mean_pct,0.12804159709958185,-0.42011757146774187,0.45522948165096727,True
USB,prior,volatility_pct,1.3876993212593334,0.2123767568325391,3.757111591216392,True
USB,prior,q01_pct,-3.642251510173082,-9.347358371131122,-0.4511408458347419,True
USB,prior,q99_pct,3.174564540386198,0.48219812195748046,9.325640810653544,True
USB,prior,max_drawdown_pct,-16.213542106707823,-70.82048945093555,-1.2993932314906609,True
USB,posterior,mean_pct,0.12804159709958185,-0.18830444720975104,0.40193341332379967,True
USB,posterior,volatility_pct,1.3876993212593334,1.1236730818263738,2.342599805885129,True
USB,posterior,q01_pct,-3.642251510173082,-6.2902528961189095,-2.37019123104401,True
USB,posterior,q99_pct,3.174564540386198,2.4011284472420806,6.955338331870716,True
USB,posterior,max_drawdown_pct,-16.213542106707823,-47.059643585887756,-6.068033257876942,True
V,prior,mean_pct,0.03988331643896004,-0.42011757146774187,0.45522948165096727,True
V,prior,volatility_pct,1.3928280279970022,0.2123767568325391,3.757111591216392,True
V,prior,q01_pct,-3.1878881808370356,-9.347358371131122,-0.4511408458347419,True
V,prior,q99_pct,3.4103916771709852,0.48219812195748046,9.325640810653544,True
V,prior,max_drawdown_pct,-17.180513882943092,-70.82048945093555,-1.2993932314906609,True
V,posterior,mean_pct,0.03988331643896004,-0.26599003152664125,0.2692477201856852,True
V,posterior,volatility_pct,1.3928280279970022,1.1195570068670597,2.4271981437014047,True
V,posterior,q01_pct,-3.1878881808370356,-6.831656828336417,-2.393348028790206,True
V,posterior,q99_pct,3.4103916771709852,2.3210247362032503,6.66283593848347,True
V,posterior,max_drawdown_pct,-17.180513882943092,-55.85517092165243,-7.024780188789412,True
VEEV,prior,mean_pct,0.03896824096045748,-0.42011757146774187,0.45522948165096727,True
VEEV,prior,volatility_pct,2.6710797681414618,0.2123767568325391,3.757111591216392,True
VEEV,prior,q01_pct,-5.629130303859711,-9.347358371131122,-0.4511408458347419,True
VEEV,prior,q99_pct,8.297975882887838,0.48219812195748046,9.325640810653544,True
VEEV,prior,max_drawdown_pct,-50.54862805507329,-70.82048945093555,-1.2993932314906609,True
VEEV,posterior,mean_pct,0.03896824096045748,-0.4578186505258621,0.4350023083725602,True
VEEV,posterior,volatility_pct,2.6710797681414618,1.7931588347003635,3.0028092293643653,True
VEEV,posterior,q01_pct,-5.629130303859711,-9.54841893967241,-3.7539893623441456,True
VEEV,posterior,q99_pct,8.297975882887838,4.019523294828828,9.951437894068631,True
VEEV,posterior,max_drawdown_pct,-50.54862805507329,-76.33068845720224,-13.090137955526904,True
VICI,prior,mean_pct,-0.07695507731568796,-0.42011757146774187,0.45522948165096727,True
VICI,prior,volatility_pct,1.1364079250865788,0.2123767568325391,3.757111591216392,True
VICI,prior,q01_pct,-2.8917152900248766,-9.347358371131122,-0.4511408458347419,True
VICI,prior,q99_pct,2.6931500062346427,0.48219812195748046,9.325640810653544,True
VICI,prior,max_drawdown_pct,-19.87656610620141,-70.82048945093555,-1.2993932314906609,True
VICI,posterior,mean_pct,-0.07695507731568796,-0.3184542626176494,0.1785202299291617,True
VICI,posterior,volatility_pct,1.1364079250865788,0.9460189989840095,1.5566322554210248,True
VICI,posterior,q01_pct,-2.8917152900248766,-4.775421787891537,-2.123546839039773,True
VICI,posterior,q99_pct,2.6931500062346427,1.885760614927857,4.422771097905925,True
VICI,posterior,max_drawdown_pct,-19.87656610620141,-58.22153077967196,-7.837794462492741,True
VLO,prior,mean_pct,0.3845374274703772,-0.42011757146774187,0.45522948165096727,True
VLO,prior,volatility_pct,2.260166526337514,0.2123767568325391,3.757111591216392,True
VLO,prior,q01_pct,-4.692349620163441,-9.347358371131122,-0.4511408458347419,True
VLO,prior,q99_pct,6.564487218856809,0.48219812195748046,9.325640810653544,True
VLO,prior,max_drawdown_pct,-12.117163870818892,-70.82048945093555,-1.2993932314906609,True
VLO,posterior,mean_pct,0.3845374274703772,-0.19782606345200549,0.668601083469662,True
VLO,posterior,volatility_pct,2.260166526337514,1.8750791197457444,2.7841157351462718,True
VLO,posterior,q01_pct,-4.692349620163441,-8.364295195415616,-3.694285842124373,True
VLO,posterior,q99_pct,6.564487218856809,4.065588509012013,9.369321357458823,True
VLO,posterior,max_drawdown_pct,-12.117163870818892,-52.71319479275869,-9.951771538014015,True
VLTO,prior,mean_pct,-0.026784249291722517,-0.42011757146774187,0.45522948165096727,True
VLTO,prior,volatility_pct,1.4472351952063656,0.2123767568325391,3.757111591216392,True
VLTO,prior,q01_pct,-4.033066593110561,-9.347358371131122,-0.4511408458347419,True
VLTO,prior,q99_pct,4.307066351175306,0.48219812195748046,9.325640810653544,True
VLTO,prior,max_drawdown_pct,-24.338540333859783,-70.82048945093555,-1.2993932314906609,True
VLTO,posterior,mean_pct,-0.026784249291722517,-0.372001821674651,0.3092179420037411,True
VLTO,posterior,volatility_pct,1.4472351952063656,1.131641106448624,2.6237259017640993,True
VLTO,posterior,q01_pct,-4.033066593110561,-7.153819610644131,-2.599680455867201,True
VLTO,posterior,q99_pct,4.307066351175306,2.373461577529086,7.166638111229965,True
VLTO,posterior,max_drawdown_pct,-24.338540333859783,-66.36443944378445,-8.324262697453598,True
VMC,prior,mean_pct,-0.021668877809588594,-0.42011757146774187,0.45522948165096727,True
VMC,prior,volatility_pct,1.771060331766663,0.2123767568325391,3.757111591216392,True
VMC,prior,q01_pct,-4.340938776731491,-9.347358371131122,-0.4511408458347419,True
VMC,prior,q99_pct,4.17266707867384,0.48219812195748046,9.325640810653544,True
VMC,prior,max_drawdown_pct,-22.054987612582188,-70.82048945093555,-1.2993932314906609,True
VMC,posterior,mean_pct,-0.021668877809588594,-0.29869444319022875,0.39797357887823265,True
VMC,posterior,volatility_pct,1.771060331766663,1.463566990214489,2.3750389287859988,True
VMC,posterior,q01_pct,-4.340938776731491,-7.0214175422675895,-2.986083036940545,True
VMC,posterior,q99_pct,4.17266707867384,3.0729144874960146,7.3807721083983715,True
VMC,posterior,max_drawdown_pct,-22.054987612582188,-59.770824883955065,-9.487557984011643,True
VMRK,prior,mean_pct,0.025825039335813926,-0.42011757146774187,0.45522948165096727,True
VMRK,prior,volatility_pct,1.285157417652382,0.2123767568325391,3.757111591216392,True
VMRK,prior,q01_pct,-3.330861125141382,-9.347358371131122,-0.4511408458347419,True
VMRK,prior,q99_pct,3.007997311651698,0.48219812195748046,9.325640810653544,True
VMRK,prior,max_drawdown_pct,-11.575415869617778,-70.82048945093555,-1.2993932314906609,True
VMRK,posterior,mean_pct,0.025825039335813926,-0.2742650136410134,0.29812629639332044,True
VMRK,posterior,volatility_pct,1.285157417652382,1.0864697974110546,1.8640216254574966,True
VMRK,posterior,q01_pct,-3.330861125141382,-5.125672785844654,-2.256988656381145,True
VMRK,posterior,q99_pct,3.007997311651698,2.2558630771003663,5.150840450450771,True
VMRK,posterior,max_drawdown_pct,-11.575415869617778,-56.231110053314275,-7.433006282055126,True
VRSK,prior,mean_pct,-0.11299955260142269,-0.42011757146774187,0.45522948165096727,True
VRSK,prior,volatility_pct,2.175244661783603,0.2123767568325391,3.757111591216392,True
VRSK,prior,q01_pct,-6.0547018982470036,-9.347358371131122,-0.4511408458347419,True
VRSK,prior,q99_pct,5.193865168839692,0.48219812195748046,9.325640810653544,True
VRSK,prior,max_drawdown_pct,-42.19155774417253,-70.82048945093555,-1.2993932314906609,True
VRSK,posterior,mean_pct,-0.11299955260142269,-0.4567657454372238,0.41042319862209786,True
VRSK,posterior,volatility_pct,2.175244661783603,1.7283622849663511,3.2935357546815953,True
VRSK,posterior,q01_pct,-6.0547018982470036,-8.726242609880865,-3.668465698510409,True
VRSK,posterior,q99_pct,5.193865168839692,3.673414892051367,8.625353813543903,True
VRSK,posterior,max_drawdown_pct,-42.19155774417253,-74.08342005076805,-11.803038306694617,True
VRSN,prior,mean_pct,0.0487633454596903,-0.42011757146774187,0.45522948165096727,True
VRSN,prior,volatility_pct,1.7954645745410784,0.2123767568325391,3.757111591216392,True
VRSN,prior,q01_pct,-4.722593612968922,-9.347358371131122,-0.4511408458347419,True
VRSN,prior,q99_pct,4.732254128903144,0.48219812195748046,9.325640810653544,True
VRSN,prior,max_drawdown_pct,-26.41528196610212,-70.82048945093555,-1.2993932314906609,True
VRSN,posterior,mean_pct,0.0487633454596903,-0.3231013755344563,0.4617022071860575,True
VRSN,posterior,volatility_pct,1.7954645745410784,1.42051935770867,3.7088800848413617,True
VRSN,posterior,q01_pct,-4.722593612968922,-9.681348336860538,-3.0804448490031073,True
VRSN,posterior,q99_pct,4.732254128903144,3.0917177106719436,9.19180380031462,True
VRSN,posterior,max_drawdown_pct,-26.41528196610212,-64.42770849319275,-8.73267911876296,True
VRT,prior,mean_pct,0.3721249089807088,-0.42011757146774187,0.45522948165096727,True
VRT,prior,volatility_pct,4.110601057641163,0.2123767568325391,3.757111591216392,False
VRT,prior,q01_pct,-9.112151749432087,-9.347358371131122,-0.4511408458347419,True
VRT,prior,q99_pct,9.190624840557572,0.48219812195748046,9.325640810653544,True
VRT,prior,max_drawdown_pct,-40.704781388380454,-70.82048945093555,-1.2993932314906609,True
VRT,posterior,mean_pct,0.3721249089807088,-0.45772050992212954,0.6582852070541773,True
VRT,posterior,volatility_pct,4.110601057641163,2.1450803405043684,2.915814639298089,False
VRT,posterior,q01_pct,-9.112151749432087,-8.934560424648225,-4.190921250730753,False
VRT,posterior,q99_pct,9.190624840557572,4.6297458996996195,9.186347646452464,False
VRT,posterior,max_drawdown_pct,-40.704781388380454,-74.46262174107997,-12.613178501581247,True
VRTX,prior,mean_pct,0.14541477262284275,-0.42011757146774187,0.45522948165096727,True
VRTX,prior,volatility_pct,1.7945864823177906,0.2123767568325391,3.757111591216392,True
VRTX,prior,q01_pct,-3.437259364873171,-9.347358371131122,-0.4511408458347419,True
VRTX,prior,q99_pct,5.841858349740502,0.48219812195748046,9.325640810653544,True
VRTX,prior,max_drawdown_pct,-15.21125511788204,-70.82048945093555,-1.2993932314906609,True
VRTX,posterior,mean_pct,0.14541477262284275,-0.3489191762465449,0.33540172123966255,True
VRTX,posterior,volatility_pct,1.7945864823177906,1.4465004056193353,3.0729972854276175,True
VRTX,posterior,q01_pct,-3.437259364873171,-7.2186610346660025,-3.07214546953328,True
VRTX,posterior,q99_pct,5.841858349740502,2.999706875579429,7.656250299699579,True
VRTX,posterior,max_drawdown_pct,-15.21125511788204,-63.25678454003699,-10.560563234105468,True
VST,prior,mean_pct,-0.05704313488195112,-0.42011757146774187,0.45522948165096727,True
VST,prior,volatility_pct,3.110921486566052,0.2123767568325391,3.757111591216392,True
VST,prior,q01_pct,-7.942187339067459,-9.347358371131122,-0.4511408458347419,True
VST,prior,q99_pct,6.752201728522775,0.48219812195748046,9.325640810653544,True
VST,prior,max_drawdown_pct,-38.01310219210377,-70.82048945093555,-1.2993932314906609,True
VST,posterior,mean_pct,-0.05704313488195112,-0.5378327389368636,0.5115417900419459,True
VST,posterior,volatility_pct,3.110921486566052,2.1695850129309187,2.8368783726987044,False
VST,posterior,q01_pct,-7.942187339067459,-8.133212380670011,-4.432187947072089,True
VST,posterior,q99_pct,6.752201728522775,4.412680544704197,8.054517257958647,True
VST,posterior,max_drawdown_pct,-38.01310219210377,-78.59033062932365,-13.887923064001676,True
VTR,prior,mean_pct,0.13307660682926326,-0.42011757146774187,0.45522948165096727,True
VTR,prior,volatility_pct,1.4025128934387507,0.2123767568325391,3.757111591216392,True
VTR,prior,q01_pct,-3.3699046820402145,-9.347358371131122,-0.4511408458347419,True
VTR,prior,q99_pct,3.553969152271747,0.48219812195748046,9.325640810653544,True
VTR,prior,max_drawdown_pct,-13.498457730759483,-70.82048945093555,-1.2993932314906609,True
VTR,posterior,mean_pct,0.13307660682926326,-0.20962622412227283,0.40826886122272565,True
VTR,posterior,volatility_pct,1.4025128934387507,1.1011332052860794,3.1759589334992597,True
VTR,posterior,q01_pct,-3.3699046820402145,-6.961159776709973,-2.354368181806058,True
VTR,posterior,q99_pct,3.553969152271747,2.5552196118514976,7.547990648634725,True
VTR,posterior,max_drawdown_pct,-13.498457730759483,-49.760298746382226,-6.20129506922964,True
VTRS,prior,mean_pct,0.22286943792551028,-0.42011757146774187,0.45522948165096727,True
VTRS,prior,volatility_pct,2.024983943581624,0.2123767568325391,3.757111591216392,True
VTRS,prior,q01_pct,-5.160337891429663,-9.347358371131122,-0.4511408458347419,True
VTRS,prior,q99_pct,6.017596721649155,0.48219812195748046,9.325640810653544,True
VTRS,prior,max_drawdown_pct,-18.96609315500323,-70.82048945093555,-1.2993932314906609,True
VTRS,posterior,mean_pct,0.22286943792551028,-0.26866448782979546,0.4984624641050935,True
VTRS,posterior,volatility_pct,2.024983943581624,1.5642850130371637,3.5304451659755154,True
VTRS,posterior,q01_pct,-5.160337891429663,-9.613241595588622,-3.349738160241395,True
VTRS,posterior,q99_pct,6.017596721649155,3.5297168897464863,9.58710961081086,True
VTRS,posterior,max_drawdown_pct,-18.96609315500323,-63.2490253064692,-9.249869348231448,True
VZ,prior,mean_pct,0.08954529239417752,-0.42011757146774187,0.45522948165096727,True
VZ,prior,volatility_pct,1.5673849176725196,0.2123767568325391,3.757111591216392,True
VZ,prior,q01_pct,-3.8945240527391434,-9.347358371131122,-0.4511408458347419,True
VZ,prior,q99_pct,3.7708059139549706,0.48219812195748046,9.325640810653544,True
VZ,prior,max_drawdown_pct,-17.046393596957465,-70.82048945093555,-1.2993932314906609,True
VZ,posterior,mean_pct,0.08954529239417752,-0.24375338333559315,0.3924488490439798,True
VZ,posterior,volatility_pct,1.5673849176725196,1.1763077635854446,2.8819103955613286,True
VZ,posterior,q01_pct,-3.8945240527391434,-7.824556422233582,-2.459085786342621,True
VZ,posterior,q99_pct,3.7708059139549706,2.4413333709351708,8.064750560745562,True
VZ,posterior,max_drawdown_pct,-17.046393596957465,-56.37511408765127,-7.937176833298287,True
WAB,prior,mean_pct,0.1605339944859452,-0.42011757146774187,0.45522948165096727,True
WAB,prior,volatility_pct,1.6656758702716952,0.2123767568325391,3.757111591216392,True
WAB,prior,q01_pct,-3.7722896225750446,-9.347358371131122,-0.4511408458347419,True
WAB,prior,q99_pct,5.076303351670499,0.48219812195748046,9.325640810653544,True
WAB,prior,max_drawdown_pct,-10.846741486393475,-70.82048945093555,-1.2993932314906609,True
WAB,posterior,mean_pct,0.1605339944859452,-0.3445621914627246,0.42208200119798855,True
WAB,posterior,volatility_pct,1.6656758702716952,1.3061536537068004,2.5297824791977574,True
WAB,posterior,q01_pct,-3.7722896225750446,-7.27027509715408,-2.6894405639730397,True
WAB,posterior,q99_pct,5.076303351670499,2.8742754857987163,7.216561536863434,True
WAB,posterior,max_drawdown_pct,-10.846741486393475,-62.772611322140655,-8.065791648939513,True
WAT,prior,mean_pct,0.15036637664991304,-0.42011757146774187,0.45522948165096727,True
WAT,prior,volatility_pct,2.2747462703065784,0.2123767568325391,3.757111591216392,True
WAT,prior,q01_pct,-4.836327880620956,-9.347358371131122,-0.4511408458347419,True
WAT,prior,q99_pct,6.463373005390164,0.48219812195748046,9.325640810653544,True
WAT,prior,max_drawdown_pct,-31.323023073360513,-70.82048945093555,-1.2993932314906609,True
WAT,posterior,mean_pct,0.15036637664991304,-0.3911154403355379,0.5192130078160453,True
WAT,posterior,volatility_pct,2.2747462703065784,1.642965130118835,3.7431828110030247,True
WAT,posterior,q01_pct,-4.836327880620956,-10.772447687759994,-3.531255662348121,True
WAT,posterior,q99_pct,6.463373005390164,3.445529639348384,10.051460463926174,True
WAT,posterior,max_drawdown_pct,-31.323023073360513,-69.72441716106636,-10.366928458268372,True
WBD,prior,mean_pct,0.36589385822480835,-0.42011757146774187,0.45522948165096727,True
WBD,prior,volatility_pct,2.6923856754311006,0.2123767568325391,3.757111591216392,True
WBD,prior,q01_pct,-3.7435353919863705,-9.347358371131122,-0.4511408458347419,True
WBD,prior,q99_pct,8.388733156025356,0.48219812195748046,9.325640810653544,True
WBD,prior,max_drawdown_pct,-15.677114246517043,-70.82048945093555,-1.2993932314906609,True
WBD,posterior,mean_pct,0.36589385822480835,-0.4545807479735515,0.3870826739977047,True
WBD,posterior,volatility_pct,2.6923856754311006,1.444098255923703,3.807743029206332,True
WBD,posterior,q01_pct,-3.7435353919863705,-10.550084016658365,-3.2095499947201462,True
WBD,posterior,q99_pct,8.388733156025356,3.2455029183998687,10.38240419477222,True
WBD,posterior,max_drawdown_pct,-15.677114246517043,-73.62290189966977,-10.531447977767604,True
WDAY,prior,mean_pct,-0.004877049428841929,-0.42011757146774187,0.45522948165096727,True
WDAY,prior,volatility_pct,3.3630336763337696,0.2123767568325391,3.757111591216392,True
WDAY,prior,q01_pct,-7.313956953585148,-9.347358371131122,-0.4511408458347419,True
WDAY,prior,q99_pct,9.087267592549322,0.48219812195748046,9.325640810653544,True
WDAY,prior,max_drawdown_pct,-54.58032288768165,-70.82048945093555,-1.2993932314906609,True
WDAY,posterior,mean_pct,-0.004877049428841929,-0.5206313394331801,0.4354471506574739,True
WDAY,posterior,volatility_pct,3.3630336763337696,2.071204020559341,2.938966521352781,False
WDAY,posterior,q01_pct,-7.313956953585148,-9.508708394691348,-4.2469256322830935,True
WDAY,posterior,q99_pct,9.087267592549322,4.38784976424649,9.253557077981519,True
WDAY,posterior,max_drawdown_pct,-54.58032288768165,-77.16956612533943,-13.617543786864609,True
WDC,prior,mean_pct,0.8075404147021459,-0.42011757146774187,0.45522948165096727,False
WDC,prior,volatility_pct,5.016120081472667,0.2123767568325391,3.757111591216392,False
WDC,prior,q01_pct,-10.543677993118763,-9.347358371131122,-0.4511408458347419,False
WDC,prior,q99_pct,14.162031337618803,0.48219812195748046,9.325640810653544,False
WDC,prior,max_drawdown_pct,-41.800785128966254,-70.82048945093555,-1.2993932314906609,True
WDC,posterior,mean_pct,0.8075404147021459,-0.3446671930008023,0.6463069788705124,False
WDC,posterior,volatility_pct,5.016120081472667,1.3884134784723299,3.0217628741963622,False
WDC,posterior,q01_pct,-10.543677993118763,-10.392131935805082,-3.070348616689454,False
WDC,posterior,q99_pct,14.162031337618803,3.3803830274380733,10.084689162299027,False
WDC,posterior,max_drawdown_pct,-41.800785128966254,-64.6811085501688,-9.186022031203503,True
WEC,prior,mean_pct,0.016815402079828345,-0.42011757146774187,0.45522948165096727,True
WEC,prior,volatility_pct,1.006048293768543,0.2123767568325391,3.757111591216392,True
WEC,prior,q01_pct,-2.2585531137883663,-9.347358371131122,-0.4511408458347419,True
WEC,prior,q99_pct,2.260185051709413,0.48219812195748046,9.325640810653544,True
WEC,prior,max_drawdown_pct,-11.222418390388833,-70.82048945093555,-1.2993932314906609,True
WEC,posterior,mean_pct,0.016815402079828345,-0.19506734382892432,0.2384004119488166,True
WEC,posterior,volatility_pct,1.006048293768543,0.7754587144781285,1.3167456820799275,True
WEC,posterior,q01_pct,-2.2585531137883663,-3.8655549448914828,-1.6273839299567046,True
WEC,posterior,q99_pct,2.260185051709413,1.8066849413793522,4.035862476471808,True
WEC,posterior,max_drawdown_pct,-11.222418390388833,-47.34314976976357,-5.040237367539076,True
WELL,prior,mean_pct,0.15046567191063787,-0.42011757146774187,0.45522948165096727,True
WELL,prior,volatility_pct,1.4314018360882328,0.2123767568325391,3.757111591216392,True
WELL,prior,q01_pct,-3.5707790590822692,-9.347358371131122,-0.4511408458347419,True
WELL,prior,q99_pct,3.439129292964934,0.48219812195748046,9.325640810653544,True
WELL,prior,max_drawdown_pct,-12.61166330269755,-70.82048945093555,-1.2993932314906609,True
WELL,posterior,mean_pct,0.15046567191063787,-0.17027226924279049,0.4707183676016492,True
WELL,posterior,volatility_pct,1.4314018360882328,1.1886269689373328,2.021297162958466,True
WELL,posterior,q01_pct,-3.5707790590822692,-5.68787084557116,-2.312522013811395,True
WELL,posterior,q99_pct,3.439129292964934,2.7471969979349518,6.150958530791096,True
WELL,posterior,max_drawdown_pct,-12.61166330269755,-42.983742907093514,-5.770496349899411,True
WFC,prior,mean_pct,0.05842548937948777,-0.42011757146774187,0.45522948165096727,True
WFC,prior,volatility_pct,1.6546528700829257,0.2123767568325391,3.757111591216392,True
WFC,prior,q01_pct,-4.274235777556896,-9.347358371131122,-0.4511408458347419,True
WFC,prior,q99_pct,3.693864345550536,0.48219812195748046,9.325640810653544,True
WFC,prior,max_drawdown_pct,-23.018298887976485,-70.82048945093555,-1.2993932314906609,True
WFC,posterior,mean_pct,0.05842548937948777,-0.28802837488491884,0.4284124158099231,True
WFC,posterior,volatility_pct,1.6546528700829257,1.3572307228502907,2.4898764619912344,True
WFC,posterior,q01_pct,-4.274235777556896,-7.689901797287165,-2.70279212538153,True
WFC,posterior,q99_pct,3.693864345550536,2.8892652187962073,6.627649669069784,True
WFC,posterior,max_drawdown_pct,-23.018298887976485,-57.06812007635247,-7.637242802457219,True
WM,prior,mean_pct,0.004354503874992588,-0.42011757146774187,0.45522948165096727,True
WM,prior,volatility_pct,1.2655819146620406,0.2123767568325391,3.757111591216392,True
WM,prior,q01_pct,-3.9647401124238963,-9.347358371131122,-0.4511408458347419,True
WM,prior,q99_pct,3.2492906786501337,0.48219812195748046,9.325640810653544,True
WM,prior,max_drawdown_pct,-13.87740443680796,-70.82048945093555,-1.2993932314906609,True
WM,posterior,mean_pct,0.004354503874992588,-0.2980041696616471,0.25295981629178493,True
WM,posterior,volatility_pct,1.2655819146620406,1.070951775780535,2.429166526563227,True
WM,posterior,q01_pct,-3.9647401124238963,-6.401972680352628,-2.259270728798583,True
WM,posterior,q99_pct,3.2492906786501337,2.1780680133029793,6.187752138730133,True
WM,posterior,max_drawdown_pct,-13.87740443680796,-55.61140445954909,-7.499879530857204,True
WMB,prior,mean_pct,0.11954003783216649,-0.42011757146774187,0.45522948165096727,True
WMB,prior,volatility_pct,1.507584419457289,0.2123767568325391,3.757111591216392,True
WMB,prior,q01_pct,-3.939794898033142,-9.347358371131122,-0.4511408458347419,True
WMB,prior,q99_pct,3.364265821874141,0.48219812195748046,9.325640810653544,True
WMB,prior,max_drawdown_pct,-12.360428538858127,-70.82048945093555,-1.2993932314906609,True
WMB,posterior,mean_pct,0.11954003783216649,-0.25066507618638667,0.4051897470075118,True
WMB,posterior,volatility_pct,1.507584419457289,1.2910064198940314,2.03015021186138,True
WMB,posterior,q01_pct,-3.939794898033142,-5.815005080308765,-2.7128339188639075,True
WMB,posterior,q99_pct,3.364265821874141,2.7245635157451016,6.342665707599358,True
WMB,posterior,max_drawdown_pct,-12.360428538858127,-55.99450476973673,-7.407779440702195,True
WMT,prior,mean_pct,0.05905453637069513,-0.42011757146774187,0.45522948165096727,True
WMT,prior,volatility_pct,1.630050666933552,0.2123767568325391,3.757111591216392,True
WMT,prior,q01_pct,-3.8344372995197773,-9.347358371131122,-0.4511408458347419,True
WMT,prior,q99_pct,4.000129532068965,0.48219812195748046,9.325640810653544,True
WMT,prior,max_drawdown_pct,-23.341506713023207,-70.82048945093555,-1.2993932314906609,True
WMT,posterior,mean_pct,0.05905453637069513,-0.24701485016365154,0.39859710798855724,True
WMT,posterior,volatility_pct,1.630050666933552,1.2880966234277598,3.0271184009748917,True
WMT,posterior,q01_pct,-3.8344372995197773,-8.124952550418675,-2.8069555405527353,True
WMT,posterior,q99_pct,4.000129532068965,2.7536650586407623,8.302835231646874,True
WMT,posterior,max_drawdown_pct,-23.341506713023207,-54.34826228705896,-7.468155089123929,True
WRB,prior,mean_pct,0.008844431994248225,-0.42011757146774187,0.45522948165096727,True
WRB,prior,volatility_pct,1.4032177872860012,0.2123767568325391,3.757111591216392,True
WRB,prior,q01_pct,-3.5507052391767506,-9.347358371131122,-0.4511408458347419,True
WRB,prior,q99_pct,3.2997602596878983,0.48219812195748046,9.325640810653544,True
WRB,prior,max_drawdown_pct,-17.618187229015447,-70.82048945093555,-1.2993932314906609,True
WRB,posterior,mean_pct,0.008844431994248225,-0.2473316684493838,0.36964644494887006,True
WRB,posterior,volatility_pct,1.4032177872860012,1.1547030483700347,2.5624934738087912,True
WRB,posterior,q01_pct,-3.5507052391767506,-6.517939471919089,-2.3849498044233775,True
WRB,posterior,q99_pct,3.2997602596878983,2.4599115363787845,7.375930678658182,True
WRB,posterior,max_drawdown_pct,-17.618187229015447,-55.40260696696604,-6.967678375605688,True
WSM,prior,mean_pct,0.10214226352047717,-0.42011757146774187,0.45522948165096727,True
WSM,prior,volatility_pct,2.1276246919956705,0.2123767568325391,3.757111591216392,True
WSM,prior,q01_pct,-3.872429206967354,-9.347358371131122,-0.4511408458347419,True
WSM,prior,q99_pct,5.425737481564279,0.48219812195748046,9.325640810653544,True
WSM,prior,max_drawdown_pct,-23.273694708731284,-70.82048945093555,-1.2993932314906609,True
WSM,posterior,mean_pct,0.10214226352047717,-0.4453222013264764,0.48187217240625524,True
WSM,posterior,volatility_pct,2.1276246919956705,1.800036796610774,2.804724690139144,True
WSM,posterior,q01_pct,-3.872429206967354,-7.671556236408651,-3.785530856437981,True
WSM,posterior,q99_pct,5.425737481564279,3.875285346899175,8.000843734294172,True
WSM,posterior,max_drawdown_pct,-23.273694708731284,-71.94524355500268,-11.81201315529012,True
WST,prior,mean_pct,0.1505579445321814,-0.42011757146774187,0.45522948165096727,True
WST,prior,volatility_pct,2.116934458873276,0.2123767568325391,3.757111591216392,True
WST,prior,q01_pct,-5.049756411463021,-9.347358371131122,-0.4511408458347419,True
WST,prior,q99_pct,6.204747017472956,0.48219812195748046,9.325640810653544,True
WST,prior,max_drawdown_pct,-24.70467744036697,-70.82048945093555,-1.2993932314906609,True
WST,posterior,mean_pct,0.1505579445321814,-0.33103761187802405,0.49839837517238905,True
WST,posterior,volatility_pct,2.116934458873276,1.5754715888557018,3.4267687893486953,True
WST,posterior,q01_pct,-5.049756411463021,-9.59666575193405,-3.342341658752412,True
WST,posterior,q99_pct,6.204747017472956,3.6792480004951313,10.07959417160599,True
WST,posterior,max_drawdown_pct,-24.70467744036697,-64.6814470174634,-9.92877389650121,True
WTW,prior,mean_pct,0.03209257012457556,-0.42011757146774187,0.45522948165096727,True
WTW,prior,volatility_pct,1.8762520220482075,0.2123767568325391,3.757111591216392,True
WTW,prior,q01_pct,-3.678644988685846,-9.347358371131122,-0.4511408458347419,True
WTW,prior,q99_pct,4.810605105012647,0.48219812195748046,9.325640810653544,True
WTW,prior,max_drawdown_pct,-30.38699533995587,-70.82048945093555,-1.2993932314906609,True
WTW,posterior,mean_pct,0.03209257012457556,-0.3507462900637144,0.3689709914604222,True
WTW,posterior,volatility_pct,1.8762520220482075,1.2932077595878209,3.7772140012756465,True
WTW,posterior,q01_pct,-3.678644988685846,-9.252553342841566,-2.8276894349139186,True
WTW,posterior,q99_pct,4.810605105012647,2.9316836518235485,10.343460468947871,True
WTW,posterior,max_drawdown_pct,-30.38699533995587,-62.822136974883534,-10.011740485973975,True
WY,prior,mean_pct,-0.015617157043834595,-0.42011757146774187,0.45522948165096727,True
WY,prior,volatility_pct,1.6834841766428157,0.2123767568325391,3.757111591216392,True
WY,prior,q01_pct,-3.6849331110715866,-9.347358371131122,-0.4511408458347419,True
WY,prior,q99_pct,4.421576932072636,0.48219812195748046,9.325640810653544,True
WY,prior,max_drawdown_pct,-18.355637589032614,-70.82048945093555,-1.2993932314906609,True
WY,posterior,mean_pct,-0.015617157043834595,-0.3820118965200976,0.3259529623833969,True
WY,posterior,volatility_pct,1.6834841766428157,1.363121123592529,2.690499178704532,True
WY,posterior,q01_pct,-3.6849331110715866,-7.340519242174923,-3.0058650672901424,True
WY,posterior,q99_pct,4.421576932072636,2.6504147574771175,7.331682483479362,True
WY,posterior,max_drawdown_pct,-18.355637589032614,-66.10742031354901,-10.691337162804798,True
WYNN,prior,mean_pct,-0.1010936351036662,-0.42011757146774187,0.45522948165096727,True
WYNN,prior,volatility_pct,2.1125600173079055,0.2123767568325391,3.757111591216392,True
WYNN,prior,q01_pct,-6.274490002542735,-9.347358371131122,-0.4511408458347419,True
WYNN,prior,q99_pct,5.080209914594888,0.48219812195748046,9.325640810653544,True
WYNN,prior,max_drawdown_pct,-31.43062348118024,-70.82048945093555,-1.2993932314906609,True
WYNN,posterior,mean_pct,-0.1010936351036662,-0.5811974953672845,0.34687514189421065,True
WYNN,posterior,volatility_pct,2.1125600173079055,1.7750800493864418,2.684182866918775,True
WYNN,posterior,q01_pct,-6.274490002542735,-8.523869643546641,-3.852902231924236,True
WYNN,posterior,q99_pct,5.080209914594888,3.57757523804903,7.853776486404218,True
WYNN,posterior,max_drawdown_pct,-31.43062348118024,-79.90005253051194,-15.840040506172167,True
XEL,prior,mean_pct,0.0371994870420167,-0.42011757146774187,0.45522948165096727,True
XEL,prior,volatility_pct,1.230093947138149,0.2123767568325391,3.757111591216392,True
XEL,prior,q01_pct,-2.972040828317404,-9.347358371131122,-0.4511408458347419,True
XEL,prior,q99_pct,3.1654036138206694,0.48219812195748046,9.325640810653544,True
XEL,prior,max_drawdown_pct,-11.496770852142891,-70.82048945093555,-1.2993932314906609,True
XEL,posterior,mean_pct,0.0371994870420167,-0.2816961572658485,0.28817575790075467,True
XEL,posterior,volatility_pct,1.230093947138149,0.9833792965164956,2.1908865326771014,True
XEL,posterior,q01_pct,-2.972040828317404,-6.381470637954771,-2.0270268389955164,True
XEL,posterior,q99_pct,3.1654036138206694,1.9721957074478267,6.3873101453296695,True
XEL,posterior,max_drawdown_pct,-11.496770852142891,-54.25776444318345,-7.082981306710577,True
XOM,prior,mean_pct,0.15768235168991396,-0.42011757146774187,0.45522948165096727,True
XOM,prior,volatility_pct,1.6191539729072495,0.2123767568325391,3.757111591216392,True
XOM,prior,q01_pct,-4.062311500310898,-9.347358371131122,-0.4511408458347419,True
XOM,prior,q99_pct,3.94237210974097,0.48219812195748046,9.325640810653544,True
XOM,prior,max_drawdown_pct,-20.11225755893139,-70.82048945093555,-1.2993932314906609,True
XOM,posterior,mean_pct,0.15768235168991396,-0.2558201219012055,0.4348162178609485,True
XOM,posterior,volatility_pct,1.6191539729072495,1.3786259599520136,2.1649182199685564,True
XOM,posterior,q01_pct,-4.062311500310898,-6.620250945165753,-2.732894899463281,True
XOM,posterior,q99_pct,3.94237210974097,2.905347200017422,6.413254167046391,True
XOM,posterior,max_drawdown_pct,-20.11225755893139,-55.302950631609725,-7.118601720942649,True
XYL,prior,mean_pct,-0.10329362688992205,-0.42011757146774187,0.45522948165096727,True
XYL,prior,volatility_pct,1.5491131565487501,0.2123767568325391,3.757111591216392,True
XYL,prior,q01_pct,-4.4316209852695465,-9.347358371131122,-0.4511408458347419,True
XYL,prior,q99_pct,3.2690290734171845,0.48219812195748046,9.325640810653544,True
XYL,prior,max_drawdown_pct,-30.040991512892578,-70.82048945093555,-1.2993932314906609,True
XYL,posterior,mean_pct,-0.10329362688992205,-0.2982959839524888,0.3234022068183668,True
XYL,posterior,volatility_pct,1.5491131565487501,1.2502032500801374,2.135121135433501,True
XYL,posterior,q01_pct,-4.4316209852695465,-6.479178925137966,-2.6038752875756477,True
XYL,posterior,q99_pct,3.2690290734171845,2.5788165078964065,6.4841422421857535,True
XYL,posterior,max_drawdown_pct,-30.040991512892578,-56.2897832968971,-9.762519853978356,True
XYZ,prior,mean_pct,0.05239572664095249,-0.42011757146774187,0.45522948165096727,True
XYZ,prior,volatility_pct,2.945614273717208,0.2123767568325391,3.757111591216392,True
XYZ,prior,q01_pct,-7.4649204313755035,-9.347358371131122,-0.4511408458347419,True
XYZ,prior,q99_pct,6.819766685366628,0.48219812195748046,9.325640810653544,True
XYZ,prior,max_drawdown_pct,-39.47725291926548,-70.82048945093555,-1.2993932314906609,True
XYZ,posterior,mean_pct,0.05239572664095249,-0.42314326717505324,0.5696056242290017,True
XYZ,posterior,volatility_pct,2.945614273717208,2.135657048728712,2.981053637439995,True
XYZ,posterior,q01_pct,-7.4649204313755035,-8.454903551749885,-4.358098626788705,True
XYZ,posterior,q99_pct,6.819766685366628,4.248751263972371,8.686832577548907,True
XYZ,posterior,max_drawdown_pct,-39.47725291926548,-72.26260134139105,-13.565431759279361,True
YUM,prior,mean_pct,0.03228837135793583,-0.42011757146774187,0.45522948165096727,True
YUM,prior,volatility_pct,1.4906278945894202,0.2123767568325391,3.757111591216392,True
YUM,prior,q01_pct,-3.449702225625515,-9.347358371131122,-0.4511408458347419,True
YUM,prior,q99_pct,3.655582647770639,0.48219812195748046,9.325640810653544,True
YUM,prior,max_drawdown_pct,-13.576932722361034,-70.82048945093555,-1.2993932314906609,True
YUM,posterior,mean_pct,0.03228837135793583,-0.3232372321436192,0.2696307602602541,True
YUM,posterior,volatility_pct,1.4906278945894202,1.1623507856729456,2.206303949733451,True
YUM,posterior,q01_pct,-3.449702225625515,-6.142029325012118,-2.644552764762193,True
YUM,posterior,q99_pct,3.655582647770639,2.6028094844892613,6.757682896312318,True
YUM,posterior,max_drawdown_pct,-13.576932722361034,-58.95058156673048,-9.126369207359762,True
ZBH,prior,mean_pct,-0.002590663768842205,-0.42011757146774187,0.45522948165096727,True
ZBH,prior,volatility_pct,1.9820272425925316,0.2123767568325391,3.757111591216392,True
ZBH,prior,q01_pct,-4.584969040006399,-9.347358371131122,-0.4511408458347419,True
ZBH,prior,q99_pct,4.000524487346411,0.48219812195748046,9.325640810653544,True
ZBH,prior,max_drawdown_pct,-24.407099422697776,-70.82048945093555,-1.2993932314906609,True
ZBH,posterior,mean_pct,-0.002590663768842205,-0.2946291918455657,0.42705473497669555,True
ZBH,posterior,volatility_pct,1.9820272425925316,1.483360691750189,3.3584647906234264,True
ZBH,posterior,q01_pct,-4.584969040006399,-7.5029704529792065,-3.074263577861712,True
ZBH,posterior,q99_pct,4.000524487346411,3.1625146263744677,8.236463891714767,True
ZBH,posterior,max_drawdown_pct,-24.407099422697776,-60.77971874754516,-9.217159119101623,True
ZBRA,prior,mean_pct,0.09253552365748874,-0.42011757146774187,0.45522948165096727,True
ZBRA,prior,volatility_pct,3.0996649631366524,0.2123767568325391,3.757111591216392,True
ZBRA,prior,q01_pct,-7.537510208785533,-9.347358371131122,-0.4511408458347419,True
ZBRA,prior,q99_pct,7.9762948676943655,0.48219812195748046,9.325640810653544,True
ZBRA,prior,max_drawdown_pct,-38.2742814101279,-70.82048945093555,-1.2993932314906609,True
ZBRA,posterior,mean_pct,0.09253552365748874,-0.47867441198930294,0.48433608340027007,True
ZBRA,posterior,volatility_pct,3.0996649631366524,2.038977200424914,3.0025640061058696,False
ZBRA,posterior,q01_pct,-7.537510208785533,-9.298145868442953,-4.222095801308751,True
ZBRA,posterior,q99_pct,7.9762948676943655,4.078692342527208,9.053740964084845,True
ZBRA,posterior,max_drawdown_pct,-38.2742814101279,-75.66487044880023,-14.577060481877451,True
ZTS,prior,mean_pct,-0.24151758789798805,-0.42011757146774187,0.45522948165096727,True
ZTS,prior,volatility_pct,2.354343340945985,0.2123767568325391,3.757111591216392,True
ZTS,prior,q01_pct,-6.627963241189717,-9.347358371131122,-0.4511408458347419,True
ZTS,prior,q99_pct,4.176796786487101,0.48219812195748046,9.325640810653544,True
ZTS,prior,max_drawdown_pct,-53.495455395738766,-70.82048945093555,-1.2993932314906609,True
ZTS,posterior,mean_pct,-0.24151758789798805,-0.4391857319391903,0.314468044563881,True
ZTS,posterior,volatility_pct,2.354343340945985,1.541973444663648,4.552964888129165,True
ZTS,posterior,q01_pct,-6.627963241189717,-9.668850425258277,-3.2899202007800343,True
ZTS,posterior,q99_pct,4.176796786487101,3.4197153311222728,10.069639926403713,True
ZTS,posterior,max_drawdown_pct,-53.495455395738766,-75.23148044422904,-13.250696093806656,True
