ticker,name,sector,membership_snapshot,as_of,window_start,predictive_gain_probability,gain_probability_posterior_q05,gain_probability_posterior_q95,predictive_median_net_return_pct,predictive_es95_pct,gain_to_es_posterior_q05,gain_to_es_posterior_q95,es95_posterior_q05_pct,es95_posterior_q95_pct,coverage_ok,coverage_reason,sigma_boundary_mass,horizon_days,round_trip_cost_pct,n_parameter_draws,n_replications,mu_q05,mu_median,mu_q95,sigma_bar_q05,sigma_bar_median,sigma_bar_q95,q_q05,q_median,q_q95,nu_q05,nu_median,nu_q95,gain_to_es,rank
EVRG,Evergy,Utilities,2026-09-06,2026-09-04,2025-08-29,0.629669189453125,0.49482421875,0.7654296874999998,1.5969733248680562,8.14653315928976,5.361569802886844,12.05154299807604,6.00040927411741,9.576245039608322,True,,0.0,20,0.2,64,512,-0.00018507878339732998,0.0008605982584413141,0.001769842393696308,0.009589583706110716,0.010553028434515,0.011653280165046452,0.5240225970745087,0.5590369403362274,0.6117973178625107,6.184781646728515,9.72196340560913,11.87037558555603,7.729290204080155,1
JNJ,Johnson & Johnson,Health Care,2026-09-06,2026-09-04,2025-08-29,0.688873291015625,0.55361328125,0.80712890625,2.743665517107685,9.075979250334248,4.89368754863943,13.901160967376939,5.764872177664054,11.22181162901997,True,,0.0,20,0.2,64,512,0.00046201244549592957,0.0015087303472682834,0.0025716662523336707,0.011184261506423354,0.01237953593954444,0.01378116593696177,0.5655277997255326,0.628979504108429,0.689699912071228,5.147964072227478,8.876556396484375,11.682738161087036,7.59007124206741,2
BNY,BNY Mellon,Financials,2026-09-06,2026-09-04,2025-08-29,0.69061279296875,0.55478515625,0.81689453125,3.171602234688964,9.659694849852801,4.837804743998137,11.185017207894543,7.0927368891066305,11.962581260855936,True,,0.0,20,0.2,64,512,0.0005668308789609,0.001669890247285366,0.00283290819497779,0.012726620025932788,0.013882716186344624,0.015648630261421204,0.5368905603885651,0.5876090228557587,0.6427875012159348,4.938924551010132,9.044914245605469,11.697205924987793,7.149426598908286,3
FE,FirstEnergy,Utilities,2026-09-06,2026-09-04,2025-08-29,0.594573974609375,0.4314453125,0.7423828124999999,1.1273649609036986,8.372133792159715,4.292274094238823,11.415739687465512,6.406867548129972,10.524214294814579,True,,0.0,20,0.2,64,512,-0.00020322465570643544,0.0007647604506928474,0.001661614462500438,0.009468593262135982,0.010413588024675846,0.011722232401371002,0.5325359404087067,0.5801021158695221,0.6415146678686142,4.805196332931518,8.341234683990479,11.687917280197142,7.101821224670084,4
STT,State Street Corporation,Financials,2026-09-06,2026-09-04,2025-08-29,0.722015380859375,0.5669921875,0.8315429687499998,4.33311228922848,10.62482966607986,4.086147520598176,11.145468599695825,7.188167070146716,13.105322285811322,True,,0.0,20,0.2,64,512,0.0008916917839087547,0.002201332477852702,0.003589692327659577,0.014637210639193654,0.016113946214318275,0.01811247579753399,0.5241532236337662,0.5533035099506378,0.6100360453128815,4.480304622650147,7.910149574279785,11.505524492263794,6.795547821010574,5
CNP,CenterPoint Energy,Utilities,2026-09-06,2026-09-04,2025-08-29,0.595001220703125,0.4375,0.7228515624999999,1.2342586185860485,9.103440327969423,4.268381977601133,10.517969086599145,6.434170599302346,10.916167543046955,True,,0.0,20,0.2,64,512,-0.0002128344807715621,0.0007549144502263516,0.0017000144987832754,0.010071399481967091,0.0111410953104496,0.012235963344573974,0.525794294476509,0.5652844309806824,0.6230943739414215,5.598517799377442,9.388195514678955,11.778331851959228,6.536003964073257,6
L,Loews Corporation,Financials,2026-09-06,2026-09-04,2025-08-29,0.5733642578125,0.419140625,0.68916015625,0.8731417958365519,8.898890414656725,4.02892164549125,10.19982128513099,6.737728719389555,10.573957583689417,True,,0.0,20,0.2,64,512,-0.0003343139687785879,0.000595855584833771,0.0015337367774918675,0.00943324463441968,0.01055963896214962,0.012337786797434091,0.5231615424156189,0.5542033612728119,0.6136068791151047,3.486105799674988,6.5873918533325195,10.911790943145752,6.443098308842559,7
O,Realty Income,Real Estate,2026-09-06,2026-09-04,2025-08-29,0.5682373046875,0.43779296875,0.7005859375,0.805571084419632,8.977952092991604,3.984965872898149,10.282090344051866,6.5102840689435215,10.537256403835054,True,,0.0,20,0.2,64,512,-0.00028986922407057134,0.0006701518723275512,0.0015444161312188952,0.009524204628542065,0.010481384582817554,0.01154796853661537,0.5248850733041763,0.5667657554149628,0.6236160606145859,5.470325684547424,9.028491020202637,11.700947284698486,6.329253027882373,8
ATO,Atmos Energy,Utilities,2026-09-06,2026-09-04,2025-08-29,0.538299560546875,0.4171875,0.64111328125,0.4257392728624911,8.52466866645177,4.3348120024044645,9.001691501089047,6.885834433564768,10.027990980486063,True,,0.0,20,0.2,64,512,-0.0003467098213150166,0.000457400587038137,0.0012364599446300416,0.009248988423496484,0.010104096494615078,0.011282816529273987,0.5229598343372345,0.5478410422801971,0.5988976031541824,4.706813406944275,8.381467342376709,11.575931930541993,6.314609770879597,9
ETR,Entergy,Utilities,2026-09-06,2026-09-04,2025-08-29,0.63800048828125,0.45419921875,0.78095703125,2.119902391727979,10.158254845157181,3.9061676554207754,11.78631575045169,6.424004735235439,11.74774581776337,True,,0.0,20,0.2,64,512,-0.00010012260281655472,0.0010843694908544421,0.00217155764112249,0.011707565234974026,0.013146608602255583,0.016021589003503322,0.5233582437038422,0.5493463575839996,0.6028783798217774,3.0344578981399537,5.5787622928619385,10.2585618019104,6.280611168023695,10
AEE,Ameren,Utilities,2026-09-06,2026-09-04,2025-08-29,0.575653076171875,0.40771484375,0.72822265625,0.9083676252657271,9.40743681988434,3.6919575995429113,10.522632497013308,6.726886898022134,11.072985977189692,True,,0.0,20,0.2,64,512,-0.0004592780605889857,0.0005816965422127396,0.0015414158639032393,0.010098561039194464,0.011195758823305368,0.012439374439418316,0.5507795363664627,0.6109017729759216,0.6704265266656876,5.087381672859192,8.747035503387451,11.651640605926513,6.119127741098689,11
LNT,Alliant Energy,Utilities,2026-09-06,2026-09-04,2025-08-29,0.5589599609375,0.4099609375,0.71650390625,0.7167288966559495,9.145721743631661,3.721130165137973,11.647141542047962,6.089245087938759,11.121224763301543,True,,0.0,20,0.2,64,512,-0.0003779585735173896,0.000484063129988499,0.0014382782450411465,0.009612551284953951,0.01052844524383545,0.0119703549426049,0.5382062256336212,0.6008049249649048,0.6553898751735687,4.335365653038025,7.99002742767334,11.455785131454467,6.111709678098554,12
FRT,Federal Realty Investment Trust,Real Estate,2026-09-06,2026-09-04,2025-08-29,0.548553466796875,0.392578125,0.7162109375,0.5816123345326332,9.154506158097805,3.6404877937116353,10.520735072201203,6.506781730795301,10.611651335558529,True,,0.0,20,0.2,64,512,-0.00033216985320905223,0.00063570641214028,0.0015569656388834119,0.00973349018022418,0.010756821371614933,0.011912921257317065,0.5239623308181762,0.5533024072647095,0.6051894426345825,4.8266921043396,8.213418006896973,11.502026510238647,5.992168854587977,13
REG,Regency Centers,Real Estate,2026-09-06,2026-09-04,2025-08-29,0.521942138671875,0.39287109375,0.6811523437499998,0.24926674938237098,9.061931299204302,3.7734009732669316,10.17925854004243,7.003770553452174,10.598453855703948,True,,0.001953125,20,0.2,64,512,-0.0006314263300737366,0.00025097333127632737,0.0011807738163042813,0.009330628020688892,0.010450778529047966,0.0117401460185647,0.5245784759521485,0.5527755916118622,0.6051069051027298,4.440698623657227,8.32335901260376,11.495338487625121,5.759722971169568,14
NI,NiSource,Utilities,2026-09-06,2026-09-04,2025-08-29,0.575103759765625,0.4078125,0.7567382812499996,1.025126350425998,9.99472363332668,3.5274207257756935,10.695752699166748,7.214832876733116,12.025125919224504,True,,0.0,20,0.2,64,512,-0.0005027248000260443,0.0006716495845466852,0.001815338630694896,0.010997237637639046,0.01211025333032012,0.01353559005074203,0.5250729590654373,0.5534043908119202,0.6112194210290909,4.986415314674377,8.87980318069458,11.79222388267517,5.75407365790469,15
DUK,Duke Energy,Utilities,2026-09-06,2026-09-04,2025-08-29,0.526519775390625,0.37421875,0.66064453125,0.3206869119619206,9.169460097331658,3.766663137943051,9.25165906501684,6.98170433706619,10.333920344069348,True,,0.0,20,0.2,64,512,-0.0007212561933556572,0.0002615230332594365,0.0011730887868907302,0.00942534115165472,0.010451180394738913,0.011550925392657518,0.5262590020895004,0.5693866610527039,0.6186808317899704,5.417451119422912,9.076718807220459,11.716014051437378,5.7421022590397,16
BAC,Bank of America,Financials,2026-09-06,2026-09-04,2025-08-29,0.629364013671875,0.49453125,0.7440429687499999,2.0755196197830506,10.977829202811096,3.462420230339271,9.119547028061424,7.726073695376033,13.886594093603327,True,,0.0,20,0.2,64,512,0.00020996782695874573,0.001299662224482745,0.002479984308592975,0.012670418573543429,0.013743660412728786,0.015611365670338273,0.5282131612300873,0.5638863742351532,0.6212094604969025,4.161918020248413,7.773445129394531,11.581360387802125,5.733046142772139,17
DTE,DTE Energy,Utilities,2026-09-06,2026-09-04,2025-08-29,0.530670166015625,0.37763671875,0.681640625,0.386691386598559,9.575113250500047,3.336309095095489,9.41620589096715,7.205359227183962,10.982864231505097,True,,0.0,20,0.2,64,512,-0.0006376873207045719,0.0003706523566506803,0.0013682633580174295,0.009977175341919064,0.010998903773725033,0.012357331020757556,0.5305328756570816,0.5789545178413391,0.6373216658830643,5.021505212783813,8.883956909179688,11.626007986068725,5.542181613234825,18
GL,Globe Life,Financials,2026-09-06,2026-09-04,2025-08-29,0.610198974609375,0.4677734375,0.748828125,1.667316218742465,11.069145248631498,3.7901693556014977,10.523404078740295,7.2694479063673585,13.972043420238192,True,,0.001953125,20,0.2,64,512,6.446895918088558e-06,0.0010222731507383287,0.002038435288704932,0.011738840956240892,0.013154175598174334,0.01640995405614376,0.5230161428451539,0.5459406971931458,0.5985044181346894,2.856074500083923,4.901817083358765,9.348422336578368,5.512611506157761,19
WEC,WEC Energy Group,Utilities,2026-09-06,2026-09-04,2025-08-29,0.5130615234375,0.3369140625,0.65703125,0.14243295160963915,9.317905487442255,3.0367221903977026,8.763916028795299,7.214935044791368,11.061057223268957,True,,0.0,20,0.2,64,512,-0.0008123444160446525,0.0002699285396374762,0.0012642439862247555,0.009670096170157193,0.010652190074324608,0.011684034811332821,0.5338271409273148,0.5807127058506012,0.6394827544689179,6.134822416305542,9.808645725250244,11.850383472442626,5.5061893912634465,20
BRK-B,Berkshire Hathaway,Financials,2026-09-06,2026-09-04,2025-08-29,0.476165771484375,0.28662109375,0.6327148437499999,-0.2466506255660415,8.696600111938299,3.0476312640911987,9.129584042839289,6.59008314904688,10.45511276308832,True,,0.0,20,0.2,64,512,-0.0009088935825275257,-5.5732713008183055e-05,0.0007917274924693628,0.008410372445359826,0.009308361914008856,0.01062120757997036,0.5231243193149566,0.5496722459793091,0.6031873494386673,3.644315505027771,6.588291168212891,10.979889345169067,5.475309492852456,21
ED,Consolidated Edison,Utilities,2026-09-06,2026-09-04,2025-08-29,0.541595458984375,0.37421875,0.71455078125,0.5521346779718719,10.004299728901636,3.3543877508524464,9.440148390107224,7.40933636304359,11.621646258524116,True,,0.0,20,0.2,64,512,-0.0006559459579875693,0.0004134160408284515,0.0016241134668234735,0.01044945688918233,0.011595699470490217,0.012742346851155162,0.522843673825264,0.5493111312389374,0.5982951790094375,6.232593631744384,9.971586227416992,11.868905210494995,5.4136268770491585,22
PNW,Pinnacle West Capital,Utilities,2026-09-06,2026-09-04,2025-08-29,0.51715087890625,0.38876953125,0.6597656249999999,0.19380067496311842,9.700797789423387,3.5124346549226,7.942465313478991,7.771648503520509,11.435585118402258,True,,0.0,20,0.2,64,512,-0.0005750464886659756,0.0004320755251683295,0.0013913873583078383,0.009824352245777846,0.01084565743803978,0.01210854253731668,0.5303329050540924,0.572788655757904,0.6340074360370636,5.489876461029053,9.188639163970947,11.767876482009887,5.331013903517201,23
SPG,Simon Property Group,Real Estate,2026-09-06,2026-09-04,2025-08-29,0.5465087890625,0.399609375,0.67041015625,0.6472520914154847,10.280854398141818,3.340669112848527,8.463456927748105,7.718017610318936,12.427033709700586,True,,0.0,20,0.2,64,512,-0.0005981367896310984,0.00047464850649703294,0.0015454374952241776,0.01112540615722537,0.012183116748929024,0.013730493234470486,0.5269638359546661,0.5650787055492401,0.6268706262111664,4.609508609771728,8.007529258728027,11.525030088424682,5.315791547065165,24
KMI,Kinder Morgan,Energy,2026-09-06,2026-09-04,2025-08-29,0.585357666015625,0.48662109375,0.6935546874999999,1.2658502735079182,11.108578376307745,4.048502946637005,8.609876479942967,8.39178096641415,13.06285177225823,True,,0.0,20,0.2,64,512,-0.0002805426702252589,0.0008028520387597382,0.0019437274371739476,0.012168973963707686,0.013572214171290398,0.01544558797031641,0.5277070730924607,0.5667432844638824,0.6234891891479492,3.842470383644104,7.3235697746276855,11.332972574234008,5.269420138080579,25
CINF,Cincinnati Financial,Financials,2026-09-06,2026-09-04,2025-08-29,0.592864990234375,0.422265625,0.7821289062499999,1.4242684273299335,11.305599968927107,3.2134295897628826,10.31980048005959,7.229533693960873,13.428932412892511,True,,0.0,20,0.2,64,512,-0.00033292205771431324,0.0007496186590287834,0.001857679267413914,0.012244553351774812,0.013632881920784712,0.015754572581499815,0.5512328803539276,0.6159244477748871,0.6783162236213685,4.372949314117432,7.939855098724365,11.48722891807556,5.243994054838626,26
D,Dominion Energy,Utilities,2026-09-06,2026-09-04,2025-08-29,0.560638427734375,0.4244140625,0.70947265625,0.8433290964184217,10.811318654016912,3.217978390330659,8.828610867486383,7.652823978664178,14.082494014509244,True,,0.0,20,0.2,64,512,-0.0004736087343189865,0.0005462017725221813,0.0015310823277104645,0.01116767036728561,0.012544874101877213,0.015577684948220847,0.5231619119644165,0.5526159107685089,0.6087908655405044,2.9142331957817076,5.095057487487793,9.93298110961914,5.185661857502198,27
CMS,CMS Energy,Utilities,2026-09-06,2026-09-04,2025-08-29,0.516876220703125,0.37890625,0.626953125,0.20207377479019034,9.970791758209591,3.3398948656547813,7.848682791939159,7.911646655149836,11.478782591171619,True,,0.0,20,0.2,64,512,-0.0006188505911268293,0.00033186851942446083,0.0012322367285378273,0.009996137348935008,0.01111913938075304,0.012300863675773143,0.5290040969848633,0.5755340158939362,0.6363233387470245,5.357252025604248,9.359292030334473,11.774096059799195,5.183903477650586,28
AFL,Aflac,Financials,2026-09-06,2026-09-04,2025-08-29,0.5155029296875,0.3599609375,0.66015625,0.20796312100346287,10.068676058788279,3.251272594652665,8.90833844194024,7.093809311828365,12.601869922393732,True,,0.0,20,0.2,64,512,-0.0005684684874722734,0.00034886568028014153,0.0013590192538686097,0.010150333307683468,0.011219917796552181,0.012570249335840344,0.5222130447626114,0.5440495312213898,0.5956861704587937,4.783011412620544,8.222458362579346,11.39407958984375,5.119868060881268,29
WELL,Welltower,Real Estate,2026-09-06,2026-09-04,2025-08-29,0.615203857421875,0.4828125,0.7518554687499999,1.9252221006354597,12.118098737119135,3.4327177263420623,7.772653093875126,9.128005311795773,15.072006378581113,True,,0.0,20,0.2,64,512,0.00012813280627597124,0.0013379781739786267,0.002632242534309625,0.013606685027480126,0.015343334525823593,0.017356806248426438,0.5451325058937073,0.6121020615100861,0.6753382623195648,3.9884199857711793,7.181149959564209,11.244167232513428,5.076735804581577,30
CVX,Chevron Corporation,Energy,2026-09-06,2026-09-04,2025-08-29,0.624755859375,0.4947265625,0.7549804687499999,2.2632792582779726,12.324321024093932,3.3994132830900603,8.038393377205443,8.927158390127678,15.787868632881539,True,,0.0,20,0.2,64,512,9.616805327823388e-05,0.0012583722127601504,0.0024791581672616303,0.014096122467890382,0.015780547633767128,0.01819127844646573,0.5292260706424713,0.5695010721683502,0.6329515635967254,3.744422471523285,7.379914283752441,11.18689947128296,5.06929232169146,31
AEP,American Electric Power,Utilities,2026-09-06,2026-09-04,2025-08-29,0.559478759765625,0.39873046875,0.70390625,0.8042875196692003,11.076857155968156,3.0937806207773977,8.342364014641936,8.271180372786453,14.364993383068414,True,,0.0,20,0.2,64,512,-0.0005304719292325899,0.00047214173537213355,0.0015332826937083154,0.011304269917309285,0.012541834264993668,0.016154139954596757,0.5277863502502441,0.5819550454616547,0.6454513043165206,2.836235785484314,5.391197681427002,10.252253532409668,5.050879973334139,32
NDSN,Nordson Corporation,Industrials,2026-09-06,2026-09-04,2025-08-29,0.589752197265625,0.43623046875,0.708984375,1.4162728370701652,11.742220990495824,2.9688626109768306,8.873792344731498,7.963962800219851,15.166268951499232,True,,0.001953125,20,0.2,64,512,-0.0002586253816843964,0.0008722110069356859,0.002046027861069888,0.012769544497132301,0.014234908390790224,0.016825425811111926,0.5258839517831803,0.5620657503604889,0.6266968429088593,3.3976610898971558,6.269265651702881,10.913099765777588,5.022492744285528,33
USB,U.S. Bancorp,Financials,2026-09-06,2026-09-04,2025-08-29,0.6029052734375,0.41640625,0.7448242187499998,1.704948464537881,12.169254372642651,2.8475259491649263,8.210526593774695,8.503127299599372,15.951144014557153,True,,0.0,20,0.2,64,512,-3.223358994546286e-05,0.0010980328661389649,0.002189958293456584,0.01310253175906837,0.014778261072933674,0.01756042968481779,0.5329784393310547,0.588534027338028,0.6529435992240906,3.1241174936294556,5.5101234912872314,10.385891819000243,4.954332081289006,34
PFG,Principal Financial Group,Financials,2026-09-06,2026-09-04,2025-08-29,0.620391845703125,0.47294921875,0.76923828125,2.123100312095627,12.536062385525662,3.3324023377631424,8.792255015456101,8.554929086605668,15.54603478245239,True,,0.0,20,0.2,64,512,-1.1388148141122655e-05,0.0012554158456623554,0.002554316131863743,0.013740529818460346,0.015382664278149605,0.019037611596286298,0.5258943021297455,0.5629972517490387,0.6273972153663635,3.0045249700546264,5.249298572540283,10.430328464508056,4.9488573574700725,35
CSX,CSX Corporation,Industrials,2026-09-06,2026-09-04,2025-08-29,0.620025634765625,0.50576171875,0.7455078125,1.9373834858629424,12.68501205297434,3.5205299659488145,8.363789808656842,8.88189675329846,16.18292914907988,True,,0.0078125,20,0.2,64,512,1.5035986052680535e-05,0.0011158648994751275,0.002102441247552633,0.013033389393240214,0.015280229039490223,0.021343924850225446,0.5230696469545364,0.5609071552753448,0.625423789024353,2.4725793480873106,3.559547185897827,6.829017496109008,4.887860036524312,36
NEE,NextEra Energy,Utilities,2026-09-06,2026-09-04,2025-08-29,0.59332275390625,0.43349609375000003,0.75439453125,1.4487592486578162,12.145922341639036,2.8699037626098596,9.292283619300411,8.044995802099516,15.905338744321673,True,,0.0,20,0.2,64,512,-0.00028122776857344436,0.0008573431987315416,0.0019359281344804914,0.012372653651982545,0.01404736377298832,0.01845830678939819,0.5399552017450333,0.5984758734703064,0.6689904630184174,2.800558292865753,4.9766411781311035,9.592377758026123,4.884954285210618,37
KO,Coca-Cola Company (The),Consumer Staples,2026-09-06,2026-09-04,2025-08-29,0.523529052734375,0.38818359375,0.7064453125,0.31903566977563597,10.740677782506241,2.8869939046238176,8.989573973787513,7.602791758449387,14.13333658093648,True,,0.0,20,0.2,64,512,-0.0007829053298337385,0.0002175879926653579,0.001316698035225272,0.01061721215955913,0.011929443571716547,0.014180875709280371,0.531045737862587,0.5906020402908325,0.6514771401882171,3.217698311805725,6.1963958740234375,10.577772760391236,4.874264579345887,38
WMB,Williams Companies,Energy,2026-09-06,2026-09-04,2025-08-29,0.602325439453125,0.4373046875,0.7181640625,1.8166317800302423,12.424251801101349,2.995355011849768,7.904438561498593,9.055951153424441,14.678308721896396,True,,0.0,20,0.2,64,512,-0.0003460919120698236,0.0009080780728254467,0.0022496923571452498,0.01433003917336464,0.015857400372624397,0.017635474726557732,0.5265526384115219,0.5671150088310242,0.6269794434309005,5.0232819557189945,8.962627410888672,11.750531864166259,4.8479815854966155,39
TFC,Truist Financial,Financials,2026-09-06,2026-09-04,2025-08-29,0.6177978515625,0.44951171875,0.7735351562499999,2.103615024720984,12.784559722323891,3.2171963163432573,7.5519534681809,9.713182041745466,14.98045967601037,True,,0.0,20,0.2,64,512,-0.00026661512092687186,0.0011190584627911448,0.0022526809596456585,0.01395115116611123,0.015575028955936432,0.018170031160116194,0.5648479551076889,0.6270402669906616,0.6806267380714416,3.646866512298584,6.66207218170166,11.23967685699463,4.83237487235267,40
XOM,ExxonMobil,Energy,2026-09-06,2026-09-04,2025-08-29,0.609710693359375,0.49248046875,0.7580078124999999,2.0681417174161165,12.623279848812178,3.5314251645415298,8.28672660667055,9.197344073077673,14.558400604729677,True,,0.0,20,0.2,64,512,-0.00016151601885212584,0.0012722309329546988,0.0026021476718597115,0.015130383521318435,0.01651931181550026,0.01839304156601429,0.5248284190893173,0.5614720582962036,0.6223719209432602,5.127334237098694,8.513407707214355,11.596437311172485,4.830049722907374,41
PNC,PNC Financial Services,Financials,2026-09-06,2026-09-04,2025-08-29,0.582061767578125,0.4080078125,0.721484375,1.3138537819096465,12.058450717226657,2.920637867531983,8.252029353056223,8.301906983605303,15.843726556098789,True,,0.0,20,0.2,64,512,-0.00041393521387362854,0.0007521578227169812,0.001987926778383553,0.012588077131658793,0.014055585488677025,0.01665398934856057,0.5295481860637665,0.5751258134841919,0.63973308801651,3.174112415313721,5.945190668106079,10.397453641891477,4.8270029146165,42
PRU,Prudential Financial,Financials,2026-09-06,2026-09-04,2025-08-29,0.607452392578125,0.4671875,0.7416015625,1.8275154701760998,12.60939598600353,3.4688085885972306,8.527502425267167,8.62696332635054,16.407409707326742,True,,0.00390625,20,0.2,64,512,1.4579343405785054e-05,0.0011710211401805282,0.0022996864281594753,0.013434915943071246,0.015263088047504425,0.018563264422118662,0.5300295412540436,0.5879997611045837,0.6523397088050842,2.9659831285476685,4.7098894119262695,9.814375352859496,4.81745829262876,43
AIZ,Assurant,Financials,2026-09-06,2026-09-04,2025-08-29,0.617706298828125,0.47109375,0.736328125,1.9365801464305665,12.855470036626013,2.9615730884880556,8.829026459189075,7.944036949684485,17.038700540073727,True,,0.00390625,20,0.2,64,512,0.0001619562834093813,0.0012167359236627817,0.0022743174573406576,0.012697135470807553,0.014991173055022955,0.021497072465717793,0.5253200858831406,0.5650635063648224,0.6350817114114762,2.4440889239311216,3.5159608125686646,6.402219295501707,4.8050074953948965,44
TRV,Travelers Companies (The),Financials,2026-09-06,2026-09-04,2025-08-29,0.565765380859375,0.41240234375,0.69306640625,0.994021456860428,11.920013183667796,2.8290796789178603,7.946439534922125,7.819868924659549,16.46264575348293,True,,0.00390625,20,0.2,64,512,-0.0002648550012963824,0.0007962386589497328,0.0018912661413196471,0.011779918894171714,0.013322190381586552,0.017734580300748346,0.5298212110996247,0.5853094756603241,0.6532839208841323,2.6946683645248415,4.72664213180542,9.854913997650145,4.746348616749504,45
PLD,Prologis,Real Estate,2026-09-06,2026-09-04,2025-08-29,0.565887451171875,0.43193359375,0.7240234375,1.0064179816230092,11.926508751083894,3.1887848847094467,8.784472099458696,8.460867097540788,14.74516149145729,True,,0.0,20,0.2,64,512,-0.0003742864922969602,0.0006484800833277404,0.0018690359895117581,0.012480873940512538,0.01392829092219472,0.01633787713944912,0.5412605553865433,0.5957715809345245,0.6608420550823212,3.5143551588058473,6.651172161102295,11.208457326889038,4.744787120710799,46
SCHW,Charles Schwab Corporation,Financials,2026-09-06,2026-09-04,2025-08-29,0.618927001953125,0.4384765625,0.729296875,2.1641335072836276,13.080903316133188,3.010562091524844,7.968777297088148,9.157917072105935,17.096864916745375,True,,0.00390625,20,0.2,64,512,-0.00012303072107897606,0.0011806946713477373,0.0024360832525417205,0.014619827084243298,0.016267523169517517,0.01961886016651988,0.5376007407903671,0.594000369310379,0.6554580181837082,3.306931495666504,6.013401508331299,10.606087636947631,4.731531049463367,47
KIM,Kimco Realty,Real Estate,2026-09-06,2026-09-04,2025-08-29,0.5030517578125,0.367578125,0.6852539062499998,0.037955351075913586,10.64920720347049,2.858223375835523,9.120344571917789,7.4773754798643015,12.656068437321617,True,,0.0,20,0.2,64,512,-0.0008401273720664903,0.00014289551472757012,0.0013337586016859857,0.010624181479215622,0.011709966231137514,0.013079383131116628,0.5256749212741851,0.5619264543056488,0.6228526800870895,4.992158770561218,8.853709697723389,11.719360589981079,4.723842331178977,48
VTR,Ventas,Real Estate,2026-09-06,2026-09-04,2025-08-29,0.605072021484375,0.49501953125,0.7604492187499996,1.5753828519755264,12.869837068482568,3.1151504431380324,7.736597019560106,9.125194125817059,15.970306177013368,True,,0.005859375,20,0.2,64,512,0.00010777265633805656,0.0011388323619030416,0.0021677052369341253,0.01309510781429708,0.01556736184284091,0.021725038439035414,0.562120458483696,0.6381421983242035,0.7025414675474166,2.47907794713974,3.596842050552368,6.618302297592162,4.70147382802661,49
NTRS,Northern Trust,Financials,2026-09-06,2026-09-04,2025-08-29,0.61907958984375,0.48857421875,0.75361328125,2.175439016497893,13.266190675893661,2.9221747006145087,8.201692145408021,9.14848739718662,17.81285353803033,True,,0.001953125,20,0.2,64,512,0.0001634774736885447,0.00130055210320279,0.0025100830011069775,0.014530982915312051,0.016446380876004696,0.02049480862915516,0.5255616128444671,0.5702371895313263,0.6359368652105332,2.8161050915718078,4.583449363708496,9.834759235382077,4.666596500596781,50
ESS,Essex Property Trust,Real Estate,2026-09-06,2026-09-04,2025-08-29,0.540557861328125,0.36337890625,0.65205078125,0.605295324088462,11.598370602115937,2.640619693338639,7.443787129522171,8.26953678182187,14.004398631767431,True,,0.0,20,0.2,64,512,-0.00042740916978800664,0.0007274679664988071,0.001652646466391161,0.011735286889597773,0.013295284006744623,0.0166821775957942,0.5230308026075363,0.5445617735385895,0.5953095257282257,2.980023503303528,5.279439449310303,10.237459278106689,4.660636221000809,51
SRE,Sempra,Utilities,2026-09-06,2026-09-04,2025-08-29,0.567840576171875,0.408203125,0.7282226562499998,1.0534462277757342,12.203618792928543,3.079920222597874,8.633201605933134,8.11840934815542,15.272465572193628,True,,0.0,20,0.2,64,512,-0.00048735061136540025,0.0006323302804958075,0.0016595010005403309,0.01224640877917409,0.013655371498316526,0.016001230478286742,0.5264022648334503,0.5613837540149689,0.6220656812191009,3.4963422536849977,6.2794575691223145,10.703221845626832,4.653050753280769,52
ACGL,Arch Capital Group,Financials,2026-09-06,2026-09-04,2025-08-29,0.55401611328125,0.38232421875,0.7066406249999999,0.8091672384925033,11.93738471799775,2.8741773578810967,7.641789054443862,8.895419322322377,14.993454849340845,True,,0.0,20,0.2,64,512,-0.0006877276668092236,0.0005421620735432953,0.001656693877885118,0.012220670748502017,0.013585481327027082,0.01588208172470331,0.5315847784280777,0.5778158605098724,0.6375217825174331,3.5037967920303346,6.157398700714111,11.031819820404053,4.641017495615864,53
UNP,Union Pacific Corporation,Industrials,2026-09-06,2026-09-04,2025-08-29,0.605072021484375,0.46337890625,0.7568359374999999,1.6900817981223004,13.043477965575272,3.079227653180578,8.913810843473637,8.070217132829011,16.56518564819627,True,,0.00390625,20,0.2,64,512,-8.702037375769578e-05,0.0010492357541806996,0.0021836630883626637,0.012768995016813278,0.015179602894932032,0.021352478861808778,0.5275530278682709,0.577159583568573,0.644618570804596,2.459435772895813,3.4450777769088745,5.979227924346923,4.638885603067669,54
PPL,PPL Corporation,Utilities,2026-09-06,2026-09-04,2025-08-29,0.49005126953125,0.34326171875,0.6299804687499999,-0.13346856897297182,10.566016397073309,2.7329963734809315,7.551048535819176,7.943561355858917,13.1239686989781,True,,0.0,20,0.2,64,512,-0.0010019028675742447,0.0001478961348766461,0.0012032279686536639,0.010530751850455999,0.011559611652046442,0.012820401461794972,0.5243567764759064,0.5599033534526825,0.6229158759117126,5.145087862014771,9.19892168045044,11.710433769226075,4.637994596213098,55
MTB,M&T Bank,Financials,2026-09-06,2026-09-04,2025-08-29,0.55975341796875,0.39716796875,0.7147460937499999,1.0140717391206924,12.077329704511673,2.915978142650636,7.830316417655905,8.646853819658432,14.45905365959661,True,,0.001953125,20,0.2,64,512,-0.0004850043769693002,0.0006751211767550558,0.0018939079483971,0.012959589902311563,0.014061346650123596,0.01585586778819561,0.5234843581914902,0.5564068257808685,0.6115323573350906,4.6450659990310665,7.72547721862793,11.46765398979187,4.63474486218295,56
EXC,Exelon,Utilities,2026-09-06,2026-09-04,2025-08-29,0.510589599609375,0.369140625,0.63642578125,0.14832738089415337,11.029097617112333,2.973379199605541,7.8907798548513615,7.967928967300408,13.029167508874268,True,,0.0,20,0.2,64,512,-0.0008172769710654392,0.00027925831091124564,0.0014391575183253734,0.011153136612847447,0.012322464026510715,0.013914000755175949,0.5272732228040695,0.5725189745426178,0.6322159260511399,4.3940712213516235,7.872725486755371,11.553937005996705,4.629477563215719,57
NSC,Norfolk Southern,Industrials,2026-09-06,2026-09-04,2025-08-29,0.58428955078125,0.4548828125,0.72236328125,1.2542430595803846,12.746240716937315,2.7166432133594305,8.386820565022285,8.294534202932818,19.10033915055608,True,,0.0078125,20,0.2,64,512,-0.00045671811676584184,0.0006152037240099162,0.0016108099080156533,0.011762091703712941,0.014451261144131422,0.022418222203850743,0.5261057555675507,0.5816482603549957,0.6473935335874558,2.2690625190734863,2.985962986946106,4.926814770698546,4.584014720550829,58
JPM,JPMorgan Chase,Financials,2026-09-06,2026-09-04,2025-08-29,0.58905029296875,0.44033203125,0.7323242187499999,1.5175375910949531,12.861570964487118,2.7607414486668516,7.515562738532093,8.722932244466522,17.025871925738777,True,,0.00390625,20,0.2,64,512,-4.4701791557599785e-05,0.0011257980950176716,0.002129285724367946,0.013303988333791494,0.01497228117659688,0.018334416020661593,0.5258889585733414,0.5709940791130066,0.6392625480890274,3.0103758573532104,5.479511260986328,10.691545867919922,4.5799249142675755,59
TRGP,Targa Resources,Energy,2026-09-06,2026-09-04,2025-08-29,0.6431884765625,0.5232421875,0.74189453125,3.2669644509507045,14.188359046241905,3.2874832439310944,7.29779802656561,10.577088513150812,16.52679662232305,True,,0.001953125,20,0.2,64,512,0.0005231135874055326,0.0018700146465562284,0.003349984751548618,0.017325005680322646,0.01910644955933094,0.021089408732950687,0.5215748757123947,0.546789675951004,0.594960218667984,5.082327795028687,9.01514482498169,11.629996013641357,4.533212575649207,60
CB,Chubb Limited,Financials,2026-09-06,2026-09-04,2025-08-29,0.54144287109375,0.399609375,0.67939453125,0.6000963781003568,12.037471116871101,2.8418973115334514,7.6580761726825894,9.009525910932464,15.895388780115496,True,,0.001953125,20,0.2,64,512,-0.0004904716624878347,0.0006124306237325072,0.0016035198408644643,0.011839635949581862,0.013180829118937254,0.01634949957951903,0.5369195908308029,0.6033555865287781,0.6640875667333603,2.994995903968811,5.206510782241821,10.229655885696408,4.497978569060835,61
MNST,Monster Beverage,Consumer Staples,2026-09-06,2026-09-04,2025-08-29,0.6207275390625,0.5220703125,0.7178710937499999,2.2553815323353876,13.89600384054657,3.0317669452574734,7.094593694045091,9.778174192575829,17.815067058577444,True,,0.009765625,20,0.2,64,512,0.00011834595643449576,0.0013454126892611384,0.0024722410249523818,0.014553213817998767,0.017142157070338726,0.022931012324988842,0.5245849668979645,0.5672700107097626,0.6357457339763641,2.534545564651489,3.5219058990478516,5.8230853319168085,4.466949967668439,62
MET,MetLife,Financials,2026-09-06,2026-09-04,2025-08-29,0.5911865234375,0.416796875,0.7615234374999998,1.6342160833290764,13.240370579300764,2.519333348891933,8.057582566841143,8.785421225354934,16.597064347190344,True,,0.0,20,0.2,64,512,-0.0005198905477300286,0.0007889654370956123,0.002079720236361027,0.014182959403842687,0.015834317542612553,0.019132782146334647,0.527578940987587,0.572151243686676,0.6317413985729218,3.2525704503059387,5.877504825592041,10.074390411376951,4.465030037465319,63
CTVA,Corteva,Materials,2026-09-06,2026-09-04,2025-08-29,0.619903564453125,0.4884765625,0.7491210937499999,2.2811116663916664,13.932584634742993,3.024587371968203,7.408641720209408,9.886499457982238,17.84743501779852,True,,0.005859375,20,0.2,64,512,2.836131416188437e-05,0.0014332520077005029,0.0026357455761171875,0.015073895547538995,0.017485596239566803,0.022511612996459006,0.5239615678787232,0.558411568403244,0.625250181555748,2.7086700081825255,3.8558175563812256,6.511943387985228,4.449307725052696,64
ALL,Allstate,Financials,2026-09-06,2026-09-04,2025-08-29,0.595703125,0.4404296875,0.72041015625,1.801015115178739,13.420207508964028,2.6587328237504186,7.5811834215470695,9.48709986981614,16.736573020032477,True,,0.001953125,20,0.2,64,512,-9.143567076534964e-05,0.0012176682357676327,0.0024324874277226625,0.01487794085405767,0.016548413783311844,0.019928341172635554,0.5290503054857254,0.5726501047611237,0.6363287448883057,3.2858548402786254,5.846122980117798,10.594429016113281,4.438851818066897,65
CME,CME Group,Financials,2026-09-06,2026-09-04,2025-08-29,0.57867431640625,0.442578125,0.7064453125,1.2641371822547434,13.091253493568386,2.9844813445617713,7.32766424382768,9.748736721975638,16.010323217267707,True,,0.0,20,0.2,64,512,-0.0003515427481033839,0.0008176476403605193,0.0019716535811312493,0.01404899130575359,0.0154753471724689,0.017247784975916145,0.5772340565919876,0.6430549323558807,0.6926871985197067,4.424241757392883,7.838403701782227,11.453924798965454,4.420312513928078,66
HIG,Hartford (The),Financials,2026-09-06,2026-09-04,2025-08-29,0.509002685546875,0.35439453125,0.6798828124999999,0.12266832239767894,11.522471058507776,2.477848818616902,7.971408734976396,8.497533714699577,13.521677813839156,True,,0.0,20,0.2,64,512,-0.0009269479109207168,0.00014045779244042933,0.0013504163885954767,0.011414534226059914,0.01275040814653039,0.014345429698005318,0.5267163246870041,0.5623882710933685,0.6233564108610153,4.456273937225342,7.560235500335693,11.294639062881469,4.417478533574148,67
KEY,KeyCorp,Financials,2026-09-06,2026-09-04,2025-08-29,0.563232421875,0.4087890625,0.7119140624999999,1.1211817005315374,12.776105020469775,2.7735813093361914,7.232754481393982,9.547958453507485,15.069959702987113,True,,0.0,20,0.2,64,512,-0.0004330623836722225,0.0008181187440641224,0.002032817539293319,0.013502634875476361,0.01506490120664239,0.017294027935713528,0.5233428746461868,0.5511605441570282,0.6030076831579209,3.6419487833976745,6.729974269866943,11.298951530456543,4.4084830311945105,68
SO,Southern Company,Utilities,2026-09-06,2026-09-04,2025-08-29,0.46270751953125,0.26962890625,0.6134765624999999,-0.44938354394080654,10.62472152844582,2.058808119400039,7.25300846301173,8.318421126566863,12.901295468625554,True,,0.0,20,0.2,64,512,-0.0010315026331227273,-7.021362034720369e-05,0.000965125096263364,0.00978238545358181,0.010988940019160509,0.012270165421068669,0.5299040734767914,0.5766606330871582,0.6388322144746781,4.3722117185592655,7.769033908843994,11.457346963882445,4.355008442267707,69
HST,Host Hotels & Resorts,Real Estate,2026-09-06,2026-09-04,2025-08-29,0.5655517578125,0.42822265625,0.6885742187499999,1.1496592659476892,12.989462591727573,2.8153467581647686,6.180786775717942,10.34120611489775,15.441025468954695,True,,0.0,20,0.2,64,512,-0.0004630228300811723,0.0007802753534633666,0.0020684530027210712,0.014448139816522598,0.016060663387179375,0.018544082809239627,0.5258727729320526,0.5605599880218506,0.617689099907875,3.666886067390442,7.100275039672852,11.292748975753783,4.353927299291623,70
OKE,Oneok,Energy,2026-09-06,2026-09-04,2025-08-29,0.599609375,0.49052734375,0.70087890625,1.970781920075504,13.917015407008728,3.027695886547566,6.3302822048626215,10.762515021366154,16.2816649599478,True,,0.0,20,0.2,64,512,-0.00012036769185215234,0.0011863200343213975,0.002530033618677407,0.01576997824013233,0.017522823065519333,0.019473547767847776,0.5309506446123123,0.5826540887355804,0.6480225324630737,4.553246068954468,8.082835674285889,11.387519359588623,4.3084623927198615,71
SNA,Snap-on,Industrials,2026-09-06,2026-09-04,2025-08-29,0.507110595703125,0.3611328125,0.697265625,0.09862810669569749,11.799446146393624,2.6067660807563913,7.893685602136086,8.7339292475413,13.956098996932917,True,,0.0,20,0.2,64,512,-0.0008667394809890539,0.0003988523385487497,0.0015093756199348717,0.011936054239049554,0.013068548403680325,0.014577933959662915,0.534579974412918,0.5888029038906097,0.6452598303556443,5.4225016832351685,9.224433422088623,11.762908363342286,4.2977491435741495,72
VMRK,Vivmark Residential,Real Estate,2026-09-06,2026-09-04,2025-08-29,0.506927490234375,0.352734375,0.65478515625,0.1041940865865622,11.864882256600918,2.60157652077606,7.299931522438266,8.94861449589232,13.791487784788295,True,,0.0,20,0.2,64,512,-0.0009549800568493083,0.0002065416338155046,0.0014747964043635873,0.012115274230018258,0.013310156296938658,0.015181304048746824,0.5237914055585862,0.562169224023819,0.6227276712656021,4.027131271362305,7.537798881530762,11.350297164916991,4.272503336072725,73
BEN,Franklin Resources,Financials,2026-09-06,2026-09-04,2025-08-29,0.614654541015625,0.49169921875,0.75361328125,2.409401733614691,14.446117226202542,2.8648147647962996,6.884285720475027,10.775451822344209,17.649431403170528,True,,0.001953125,20,0.2,64,512,8.23085793797419e-06,0.0015107370563782752,0.0031423925422132013,0.016519891656935216,0.018349929712712765,0.02145217377692461,0.5318645149469375,0.584325522184372,0.6470012605190277,4.033470618724823,7.369017601013184,11.284849405288696,4.25480792790991,74
RF,Regions Financial Corporation,Financials,2026-09-06,2026-09-04,2025-08-29,0.56732177734375,0.42998046875,0.7105468749999999,1.1601655977172334,13.428702512255303,2.760089337311005,7.3974364493759746,9.462208693719763,16.835611764036415,True,,0.001953125,20,0.2,64,512,-0.0003202836727723479,0.0008332241559401155,0.0020622679498046637,0.01408695220015943,0.015882511623203754,0.020077289454638957,0.5244624346494675,0.561033308506012,0.6214689999818802,2.839410960674286,4.858461856842041,8.941030597686767,4.224695400214584,75
EG,Everest Group,Financials,2026-09-06,2026-09-04,2025-08-29,0.5601806640625,0.37841796875,0.7007812499999999,0.9949064809774091,13.26206551121345,2.601307057672176,7.330949913133342,9.088703302907158,17.047020168541746,True,,0.0,20,0.2,64,512,-0.0004943031031871215,0.0007499755010940135,0.00208298199577257,0.013556763995438814,0.015332571230828762,0.018371871672570705,0.5220317929983139,0.5480598211288452,0.6034557223320007,3.1747192621231077,5.6037702560424805,10.064773607254027,4.223932264464019,76
ES,Eversource Energy,Utilities,2026-09-06,2026-09-04,2025-08-29,0.57928466796875,0.445703125,0.7159179687499999,1.3464174578336043,13.715658733533745,2.8715191164696723,7.302524978541258,9.651372933871459,17.295843980402292,True,,0.005859375,20,0.2,64,512,-0.00010138323887076695,0.0009585926018189639,0.0021003640606068073,0.013651198707520962,0.01610980834811926,0.022349491342902185,0.5228221714496613,0.5514786839485168,0.6113781541585922,2.493478608131409,3.4067108631134033,5.63532817363739,4.223527861279043,77
C,Citigroup,Financials,2026-09-06,2026-09-04,2025-08-29,0.625335693359375,0.51005859375,0.74970703125,2.6128139333139733,15.00346580163894,3.009758934312409,6.407556712382177,11.242253415667614,17.27747954031457,True,,0.00390625,20,0.2,64,512,2.5247167695852133e-05,0.0014803808880969882,0.002883369324263185,0.016902522183954716,0.01876411959528923,0.022186070680618286,0.5281708627939224,0.5742640197277069,0.6297595113515854,3.224922037124634,5.45248818397522,9.965378808975219,4.1679416051394265,78
LH,Labcorp,Health Care,2026-09-06,2026-09-04,2025-08-29,0.54302978515625,0.4470703125,0.6478515625,0.7097573426743888,13.036397527028692,2.966877033737056,6.154459659279886,10.008641577056979,15.265772384024876,True,,0.001953125,20,0.2,64,512,-0.0006203021359397099,0.000563804991543293,0.0018699148378800597,0.013686038088053465,0.01525120111182332,0.017546011693775655,0.5240628272294998,0.5635101497173309,0.6229537099599838,3.870936393737793,6.9160051345825195,11.259602165222168,4.165489614982764,79
MS,Morgan Stanley,Financials,2026-09-06,2026-09-04,2025-08-29,0.614227294921875,0.50390625,0.725390625,2.3984769283235674,14.79515601807338,2.8818174599867317,7.1412893816350556,10.415857735342707,18.29504679248543,True,,0.009765625,20,0.2,64,512,-6.229638802324189e-05,0.001427961338777095,0.0027589755016379056,0.01634295452386141,0.01836512517184019,0.021811681613326073,0.5260539919137954,0.5731756389141083,0.6328736484050751,3.39801744222641,6.0459020137786865,11.024368190765381,4.151543208949948,80
LIN,Linde plc,Materials,2026-09-06,2026-09-04,2025-08-29,0.47802734375,0.32900390625,0.6413085937499998,-0.2998084806653865,11.560343572197503,2.3574621646096814,7.289642110614901,8.781783521802724,13.776890163819516,True,,0.0,20,0.2,64,512,-0.0010849593731109054,5.011284338252153e-05,0.001228319341316819,0.011246881075203418,0.01243937574326992,0.014012691611424087,0.5245698273181916,0.5567900240421295,0.6095827043056488,4.361955261230468,8.0258207321167,11.542757654190064,4.135061737262294,81
EIX,Edison International,Utilities,2026-09-06,2026-09-04,2025-08-29,0.601806640625,0.470703125,0.7289062499999999,2.089872945859239,14.660770095936716,2.5782948464110014,6.280530184939667,11.68308770391966,17.598485021685427,True,,0.0,20,0.2,64,512,-0.00012289415099075995,0.0012537718866951764,0.0026434477302245793,0.016574068553745748,0.018323715776205063,0.021042721159756184,0.5487705886363983,0.6118820905685425,0.6764020591974258,4.041359901428223,7.572144508361816,11.31294469833374,4.104877415626297,82
EXPD,Expeditors International,Industrials,2026-09-06,2026-09-04,2025-08-29,0.637542724609375,0.52822265625,0.7357421875,2.6217698086990704,15.61533290438126,2.9508287169611997,6.84418948839578,10.937309784244045,19.17126814719907,True,,0.033203125,20,0.2,64,512,0.00034631699527380987,0.001529413100797683,0.0027741226367652416,0.01605035038664937,0.019868962466716766,0.024366363883018494,0.5379037648439408,0.6008169651031494,0.6692204773426056,2.42912437915802,2.84491503238678,4.014586186408996,4.082799441505963,83
CAH,Cardinal Health,Health Care,2026-09-06,2026-09-04,2025-08-29,0.612884521484375,0.5111328125,0.70869140625,2.150296374442806,15.152668526973583,2.902656793029738,6.262362566275331,11.088088611795966,18.4285765662214,True,,0.01171875,20,0.2,64,512,0.0001405727212841157,0.0012342220288701355,0.002464913635049015,0.015511806029826403,0.018503211438655853,0.023631082847714424,0.5310027867555618,0.5937933027744293,0.6653996765613556,2.5461709260940553,3.3604931831359863,5.693583154678344,4.044729945708021,84
COST,Costco,Consumer Staples,2026-09-06,2026-09-04,2025-08-29,0.484222412109375,0.3794921875,0.60625,-0.2080778033962392,12.003707899942883,2.62169711612155,6.4921032972198605,9.286796586948176,14.44497695366537,True,,0.0,20,0.2,64,512,-0.001059528155019507,9.26594620977994e-05,0.001183417672291398,0.011846157349646091,0.012964065186679363,0.014689840795472264,0.5240664541721344,0.5506422817707062,0.6063480347394943,3.874354803562164,7.03502893447876,11.10081820487976,4.033940313656575,85
WAB,Wabtec,Industrials,2026-09-06,2026-09-04,2025-08-29,0.564361572265625,0.41357421875,0.6796875,1.1832596893202931,14.017233670029706,2.535769046925793,6.350362220751274,10.394567938928075,16.774258318187883,True,,0.0,20,0.2,64,512,-0.000584442910621874,0.0007899558404460549,0.002055556501727551,0.015001244144514203,0.01682329922914505,0.01967347078025341,0.5229196935892105,0.5515539646148682,0.6097594827413559,3.3393978595733644,5.8729212284088135,10.730349111557006,4.026197932850962,86
EQIX,Equinix,Real Estate,2026-09-06,2026-09-04,2025-08-29,0.537811279296875,0.384765625,0.66728515625,0.6489088602583795,13.375983781874618,2.342002728922705,6.6608977359378265,9.701310884785611,16.216257147518075,True,,0.0,20,0.2,64,512,-0.0007667015888728201,0.00041551038157194853,0.0016281404066830873,0.013828698825091124,0.015269100200384855,0.018116405140608548,0.5238954871892929,0.5559057891368866,0.6180071830749512,3.2802039265632628,5.7461981773376465,10.765144395828246,4.0207231712230875,87
IEX,IDEX Corporation,Industrials,2026-09-06,2026-09-04,2025-08-29,0.537872314453125,0.37626953125,0.70087890625,0.6452343532018403,13.403453773897715,2.5130023455673096,7.7152058463685895,9.340202539925482,16.222899383591002,True,,0.0,20,0.2,64,512,-0.0007892613619333133,0.0005321816424839199,0.0017676114104688166,0.013397261267527938,0.014934902545064688,0.01829482037574053,0.5238998234272003,0.5512903332710266,0.6023105710744858,3.191500723361969,5.505282878875732,10.305928993225098,4.012938183892524,88
CFG,Citizens Financial Group,Financials,2026-09-06,2026-09-04,2025-08-29,0.5906982421875,0.41669921875,0.72431640625,1.778075704881632,14.75031767013529,2.351823640896947,6.881037503676518,10.287121734030528,18.81621264160439,True,,0.01171875,20,0.2,64,512,-0.0001296028000069782,0.0011367143597453833,0.0024833661853335795,0.015624976297840477,0.017753008753061295,0.022062976844608784,0.5226918905973434,0.5527776479721069,0.6084537327289581,2.764228355884552,4.206803798675537,7.977290010452269,4.004647597410572,89
AMP,Ameriprise Financial,Financials,2026-09-06,2026-09-04,2025-08-29,0.58001708984375,0.4484375,0.7113281249999999,1.4885070120198576,14.519529093538267,2.707312338419384,6.162579203826654,11.529660121476368,17.35116902855734,True,,0.0,20,0.2,64,512,-0.0004525939279119484,0.0009161818015854806,0.0021743229706771674,0.015149014303460717,0.017051261849701405,0.020382109656929968,0.550182843208313,0.6226139664649963,0.6814046382904053,3.1920259833335876,5.542079210281372,10.158067274093627,3.9947376124056206,90
PFE,Pfizer,Health Care,2026-09-06,2026-09-04,2025-08-29,0.524383544921875,0.37724609375,0.7068359374999996,0.4214382209639102,13.216574506095544,2.5602801922468745,6.574463872850082,9.742506989392353,15.765537435209417,True,,0.0,20,0.2,64,512,-0.000881678334553726,0.00041021952347364277,0.001691803429275751,0.013608267903327942,0.015114405192434788,0.017663144506514072,0.5227908879518509,0.5544851124286652,0.6095826864242554,3.4988895297050475,6.7132415771484375,10.866608285903931,3.9676206923361796,91
CPT,Camden Property Trust,Real Estate,2026-09-06,2026-09-04,2025-08-29,0.47998046875,0.3376953125,0.6154296874999999,-0.29004580921583295,12.126546440354117,2.5663355446173433,6.296774632770184,9.203006606917494,14.381752057178012,True,,0.0,20,0.2,64,512,-0.0010505545709747822,5.446018076327164e-05,0.0011020696081686765,0.011756970454007388,0.01298966584727168,0.01484321798197925,0.5251041352748871,0.5610831379890442,0.624916511774063,3.9647390246391296,7.698801040649414,11.362277841567993,3.958096982606234,92
AAPL,Apple Inc.,Information Technology,2026-09-06,2026-09-04,2025-08-29,0.581451416015625,0.4693359375,0.7159179687499999,1.439342545035083,14.73121149306967,2.6066445087299845,7.432658587872058,9.53505935230277,19.223526022061826,True,,0.00390625,20,0.2,64,512,-0.0002361989303608425,0.0008920667169149965,0.002078148943837732,0.014480714173987507,0.017048856243491173,0.022895441576838493,0.5397686451673508,0.60621577501297,0.6773954391479492,2.5589484930038453,3.7116531133651733,6.785251522064207,3.947071266264625,93
XEL,Xcel Energy,Utilities,2026-09-06,2026-09-04,2025-08-29,0.492462158203125,0.36640625,0.6791015624999998,-0.10562808004667118,12.514481991921114,2.5062438531462,8.149043031167155,8.367129139565067,16.512093805485932,True,,0.0,20,0.2,64,512,-0.0008119967009406537,0.00018751786410575733,0.0013004573236685246,0.011257748166099191,0.01291106827557087,0.017650744412094355,0.5248921632766723,0.5636994540691376,0.6337992340326309,2.5995330810546875,4.093482494354248,8.279819726943968,3.9351381744848912,94
WRB,W. R. Berkley Corporation,Financials,2026-09-06,2026-09-04,2025-08-29,0.526702880859375,0.37138671875,0.7150390624999999,0.4583545969804594,13.39275133188915,2.357960366900649,7.376643490583107,9.63376221502538,16.44646041445528,True,,0.00390625,20,0.2,64,512,-0.0007808203459717334,0.00038407804095186293,0.0016169419337529688,0.013107123179361224,0.014937643427401781,0.01917184628546238,0.5227982640266419,0.5485451221466064,0.6177008748054504,2.7117346048355104,4.3213934898376465,8.520364713668823,3.93274591461469,95
PEG,Public Service Enterprise Group,Utilities,2026-09-06,2026-09-04,2025-08-29,0.448883056640625,0.3078125,0.57109375,-0.6961478163386268,11.497684175587802,2.5337440938898035,5.822287058620959,9.14427770488319,13.887942931830635,True,,0.0,20,0.2,64,512,-0.0010765249840915202,5.979833872515883e-07,0.00113215169403702,0.010997828003019095,0.012023458257317543,0.013233051029965281,0.5261651068925858,0.5626513659954071,0.6187326788902283,5.108692193031311,9.1512770652771,11.717219161987305,3.904117122939468,96
PG,Procter & Gamble,Consumer Staples,2026-09-06,2026-09-04,2025-08-29,0.4642333984375,0.3150390625,0.6297851562499999,-0.5081245846503821,11.943331330019928,2.3203131751007517,6.809795206287091,9.071993505393124,13.88926267634781,True,,0.0,20,0.2,64,512,-0.001294110808521509,-0.00014820996875641868,0.0009575011587003245,0.011741557437926532,0.012832693289965391,0.014300102274864912,0.5300732612609863,0.5746075212955475,0.6362536966800689,5.528000354766846,9.526905059814453,11.797688484191895,3.886967426505494,97
FDX,FedEx,Industrials,2026-09-06,2026-09-04,2025-08-29,0.609344482421875,0.51318359375,0.7181640625,2.217405727165911,15.691359308417471,2.392156767211782,6.367529975567078,11.320237290906004,20.262072901832855,True,,0.01953125,20,0.2,64,512,0.0001449423536541872,0.0014241004246287048,0.0028424621094018223,0.016577938012778758,0.019177584908902645,0.023832838423550128,0.5262894481420517,0.5773184299468994,0.6472118735313416,2.7059011578559877,3.8273569345474243,6.734526586532592,3.883312276808283,98
AME,Ametek,Industrials,2026-09-06,2026-09-04,2025-08-29,0.519927978515625,0.36943359375,0.7010742187499999,0.33214830270937873,13.389923659257386,2.654106606321672,7.153540527291983,9.53751376541125,15.647528584847317,True,,0.0,20,0.2,64,512,-0.0009184787806589157,0.00036252055724617094,0.0016936606320086865,0.013409886742010713,0.014967062510550022,0.01742920484393835,0.5264093697071075,0.5619368553161621,0.6320964127779007,3.5760090827941893,6.4132208824157715,11.248780965805054,3.882979408595527,99
HSIC,Henry Schein,Health Care,2026-09-06,2026-09-04,2025-08-29,0.54443359375,0.39560546875,0.6916015624999999,0.8149413034908684,14.051891073373755,2.631731832478535,6.084337957119125,11.2354210256271,16.655256969213735,True,,0.0,20,0.2,64,512,-0.0007321986748138442,0.000617210054770112,0.0018332138191908597,0.014684320846572518,0.016289381310343742,0.018820608034729954,0.5264557838439942,0.574274331331253,0.6392422497272491,3.644480085372925,6.640989303588867,11.154758501052855,3.874450712058399,100
CL,Colgate-Palmolive,Consumer Staples,2026-09-06,2026-09-04,2025-08-29,0.5089111328125,0.38310546875,0.6686523437499998,0.14163661574697634,13.243064180764991,2.397450705100314,6.1478989383764056,10.282112242443574,15.92238484650145,True,,0.0,20,0.2,64,512,-0.0009012431517476216,0.00023250843514688313,0.0015799931017681952,0.01360275917686522,0.014866141602396965,0.01651131846010685,0.5232009887695312,0.5483800768852234,0.6029703110456467,4.985973882675171,9.077966690063477,11.757048606872559,3.8428503091578503,101
ROST,Ross Stores,Consumer Discretionary,2026-09-06,2026-09-04,2025-08-29,0.612579345703125,0.50810546875,0.7234375,2.0417671277670912,16.005744528599752,2.4566826102283783,5.993010281139415,11.461344425692547,20.73452841768626,True,,0.03125,20,0.2,64,512,0.00018488639834686184,0.0012678810162469745,0.002312442730180919,0.015432144748046994,0.019490474835038185,0.024315981194376945,0.5550579518079758,0.6312955319881439,0.6965794384479522,2.3748967051506042,2.8087633848190308,4.097609877586364,3.8272468025997908,102
TGT,Target Corporation,Consumer Staples,2026-09-06,2026-09-04,2025-08-29,0.59564208984375,0.46572265625,0.7630859375,2.2028841440006497,15.706436297708807,2.5780760315714732,6.34953868849379,11.604963949267647,18.969930455014065,True,,0.001953125,20,0.2,64,512,-0.00011079499272454995,0.0014860514202155173,0.003054021275602281,0.01811484359204769,0.02001047693192959,0.0224220460280776,0.5304475456476212,0.5769668221473694,0.6409161329269409,4.559233140945435,7.8375349044799805,11.326853322982789,3.792343970036283,103
WM,Waste Management,Industrials,2026-09-06,2026-09-04,2025-08-29,0.485260009765625,0.33466796875,0.607421875,-0.23131483037834283,12.844882041766532,2.321079224444289,6.21691769895869,9.238504114180175,16.321764178616757,True,,0.0,20,0.2,64,512,-0.001183894375571981,-1.7388882042723708e-05,0.0009156449203146621,0.011770062474533915,0.01325742993503809,0.016466397885233165,0.5252958625555039,0.5712940394878387,0.6324180006980896,2.922866415977478,4.953603029251099,9.63202176094055,3.7778471471185897,104
VLO,Valero Energy,Energy,2026-09-06,2026-09-04,2025-08-29,0.639434814453125,0.49609375,0.7666992187499999,3.680680997746477,16.960548818817482,2.4955853361581326,6.050907908391694,12.669796131962494,19.99514353045717,True,,0.0859375,20,0.2,64,512,0.00012547349397209472,0.0018631667480804026,0.0035529310815036286,0.021187638491392137,0.023121677339076996,0.024777271784842014,0.5260194718837738,0.5622824430465698,0.6178179323673249,4.0495096206665036,6.4551239013671875,10.37332329750061,3.770130443796025,105
NUE,Nucor,Materials,2026-09-06,2026-09-04,2025-08-29,0.587066650390625,0.47744140625,0.6920898437499998,2.0403339495662975,15.676641068116833,2.6357805621588577,5.267334432215141,12.466220801023841,18.579331809350354,True,,0.005859375,20,0.2,64,512,-1.7082286012737254e-05,0.0014361889334395528,0.002923337463289499,0.018669052794575692,0.02046238724142313,0.023078176751732828,0.522324162721634,0.5416994392871857,0.592484837770462,4.225081467628479,7.377968788146973,11.292020797729492,3.7448497279471535,106
EXR,Extra Space Storage,Real Estate,2026-09-06,2026-09-04,2025-08-29,0.497467041015625,0.361328125,0.6244140625,-0.04569845295526714,13.37149239134973,2.48514880592253,5.695084888059182,10.991592209385152,15.405924525001929,True,,0.0,20,0.2,64,512,-0.0011352315195836127,0.00013236231461632997,0.0014074911770876497,0.013567338418215513,0.015088025946170092,0.01711280196905136,0.5288241326808929,0.5757269561290741,0.6386495918035507,3.881110632419586,7.503230571746826,11.33360571861267,3.720355413262964,107
WFC,Wells Fargo,Financials,2026-09-06,2026-09-04,2025-08-29,0.5618896484375,0.42900390625,0.6966796875,1.2073135439384821,15.110139401590311,2.471345643656986,6.101554447298961,11.241642335676582,17.917120201438337,True,,0.0,20,0.2,64,512,-0.0006615557736949995,0.0007869868131820112,0.002195679920259863,0.01570595670491457,0.01759575493633747,0.020624761842191218,0.5275987803936004,0.5774492621421814,0.6415060818195343,3.2971067667007445,5.763880729675293,10.428697347640991,3.7186265030643084,108
RSG,Republic Services,Industrials,2026-09-06,2026-09-04,2025-08-29,0.44744873046875,0.28544921875,0.6244140624999998,-0.7166626918596539,12.09185513154654,1.994786164437437,6.54960397345178,9.470553385774554,14.83554857409502,True,,0.0,20,0.2,64,512,-0.0013267409347463399,-0.0002254188002552837,0.0008242843701737,0.011346465302631259,0.012531795538961887,0.014037239504978061,0.5296821981668473,0.5881546139717102,0.6483829647302627,4.9264579057693485,8.772199630737305,11.767058277130127,3.7004142507579116,109
MPC,Marathon Petroleum,Energy,2026-09-06,2026-09-04,2025-08-29,0.627838134765625,0.51123046875,0.7276367187499999,3.086548860538041,16.967054391804805,2.719310222672918,6.006078261422635,11.755746908128648,19.746298535963327,True,,0.03125,20,0.2,64,512,0.00043020517477998515,0.0020253428956493735,0.0035177260404452683,0.01970704961568117,0.021962784230709076,0.024333532340824603,0.5399277567863464,0.59993776679039,0.6636170089244843,3.619082248210907,5.7683329582214355,10.749977016448973,3.7003366657967147,110
MO,Altria,Consumer Staples,2026-09-06,2026-09-04,2025-08-29,0.555206298828125,0.423046875,0.6994140624999999,0.983867906061964,15.004919911745725,2.511629438549671,6.4334428218004325,10.74227487151418,18.167581832793424,True,,0.009765625,20,0.2,64,512,-0.0003044640689040534,0.0008085316512733698,0.0019426987739279864,0.014603959955275058,0.01705007255077362,0.022593031637370583,0.5474037438631058,0.619769275188446,0.686870151758194,2.625840973854065,4.0857744216918945,7.444865798950195,3.7001616942554567,111
MCD,McDonald's,Consumer Discretionary,2026-09-06,2026-09-04,2025-08-29,0.427337646484375,0.26845703125,0.6310546874999999,-0.999127366475566,11.571029280530897,1.9296210464087424,6.83648289354788,8.61137793588174,13.632021672615766,True,,0.0,20,0.2,64,512,-0.0014182636747136711,-0.0003793881041929126,0.0007375007640803231,0.010789072187617422,0.011936194729059935,0.013441861001774668,0.5273704171180725,0.5702032744884491,0.632903802394867,4.538061809539795,8.39976167678833,11.550170278549194,3.693168828147396,112
PCG,PG&E Corporation,Utilities,2026-09-06,2026-09-04,2025-08-29,0.575103759765625,0.46123046875,0.6888671875,1.5081850516051378,15.668910010755651,2.43452107911948,5.680308214584368,11.99449287578286,19.17104431706705,True,,0.009765625,20,0.2,64,512,-0.0005659939313773065,0.000846542970975861,0.0020716784754768016,0.01696803169324994,0.018879604525864124,0.02223715726286173,0.5445019274950027,0.6179194152355194,0.6820834547281265,3.4754584789276124,6.157313346862793,10.712968635559083,3.670349497003014,113
RJF,Raymond James Financial,Financials,2026-09-06,2026-09-04,2025-08-29,0.54339599609375,0.4185546875,0.666796875,0.8395406527257123,14.830520353595562,2.457751509060581,5.849902403110636,10.995138977083,19.284355723888833,True,,0.005859375,20,0.2,64,512,-0.000559804611839354,0.0007368465012405068,0.0020857705385424197,0.014867855189368128,0.01698362547904253,0.020874794386327267,0.5231546431779861,0.549790233373642,0.6042872905731201,2.948340821266174,5.008808135986328,10.176558399200438,3.664038638819623,114
NDAQ,"Nasdaq, Inc.",Financials,2026-09-06,2026-09-04,2025-08-29,0.569732666015625,0.42275390625,0.69580078125,1.3153909520120524,15.589527155673933,2.2632949354985246,5.403283632954308,11.967798938324487,19.68361380124933,True,,0.0078125,20,0.2,64,512,-0.0005358366557629779,0.0007825840439181775,0.0020155107602477075,0.01566673321649432,0.017773931846022606,0.02205645516514778,0.5885753333568573,0.6505123674869537,0.7068252503871918,3.018813729286194,4.6959662437438965,9.772882986068725,3.654585930197801,115
PM,Philip Morris International,Consumer Staples,2026-09-06,2026-09-04,2025-08-29,0.55718994140625,0.42861328125,0.6968749999999999,1.2192380851554165,15.267447384140006,2.4399308407965266,5.9442303109993695,11.319059262203044,17.739085646349782,True,,0.001953125,20,0.2,64,512,-0.000445227901218459,0.0007975685875862837,0.002194581471849233,0.01671207556501031,0.018407752737402916,0.021370399929583072,0.5254558026790619,0.5593592524528503,0.615390521287918,3.6146442532539367,6.69767427444458,11.187365436553954,3.6495291412306754,116
CVS,CVS Health,Health Care,2026-09-06,2026-09-04,2025-08-29,0.59844970703125,0.47685546875,0.7320312499999999,2.1043975933314862,16.427340388747155,2.3952323174375367,6.064349362867421,11.965854945469719,20.87342191042501,True,,0.0078125,20,0.2,64,512,-0.0001281078286410775,0.001246342493686825,0.0028074096306227145,0.017793033551424742,0.020050899125635624,0.023448440805077554,0.5309761047363282,0.5873759090900421,0.6521463453769684,2.9537562251091005,4.122457504272461,7.379731655120849,3.6430103283255293,117
CHD,Church & Dwight,Consumer Staples,2026-09-06,2026-09-04,2025-08-29,0.49896240234375,0.3658203125,0.64501953125,-0.012485570858799915,13.740712445659566,2.250393277665703,5.6612261981034,10.144184867267905,17.486951300571775,True,,0.0,20,0.2,64,512,-0.0009984009200707078,0.000263306763372384,0.0013841113250236958,0.013703257637098431,0.015118270181119442,0.01695798635482788,0.5238121688365937,0.549818754196167,0.6025477468967437,4.186985111236572,7.656964302062988,11.530781412124634,3.6312702439338427,118
TJX,TJX Companies,Consumer Discretionary,2026-09-06,2026-09-04,2025-08-29,0.468536376953125,0.31455078125,0.61689453125,-0.469448808427436,12.906163973501078,1.8390149844312695,6.194901335485899,9.507928276920683,15.543794778045205,True,,0.0,20,0.2,64,512,-0.0011024647275917232,-3.967632437706925e-05,0.0010674831573851404,0.011837816704064608,0.013167774304747581,0.016161311790347098,0.5288797557353974,0.5732059180736542,0.6384421318769455,3.224749970436096,5.74753737449646,10.646748256683349,3.6303302663372583,119
COP,ConocoPhillips,Energy,2026-09-06,2026-09-04,2025-08-29,0.580078125,0.44951171875,0.716796875,1.8397958080188515,15.98710312739167,2.4350437140765693,5.955329104311472,11.903808659956612,18.64691260891731,True,,0.001953125,20,0.2,64,512,-0.00034522059868322683,0.0011894552735611796,0.00269300666404888,0.01856855899095535,0.020376965403556824,0.02241181880235672,0.522167706489563,0.5485429167747498,0.6027559220790863,6.418467569351196,9.965170860290527,11.855970239639282,3.6284129799983407,120
DOC,Healthpeak Properties,Real Estate,2026-09-06,2026-09-04,2025-08-29,0.540985107421875,0.4322265625,0.6810546875,0.7525611303256798,14.915135552337274,2.4465796107742306,6.594352283285091,10.268615133715043,19.277150449808016,True,,0.009765625,20,0.2,64,512,-0.000741952343378216,0.0005791842704638839,0.00196392037323676,0.014958248101174831,0.01713533978909254,0.021561213396489618,0.5221229583024979,0.5462307035923004,0.6064055353403092,2.8506678700447083,4.829288482666016,8.46493010520935,3.6270881047212473,121
IVZ,Invesco,Financials,2026-09-06,2026-09-04,2025-08-29,0.60992431640625,0.4900390625,0.7354492187499999,2.7444838519709913,16.877567489704624,2.4067447719782797,5.813477501460647,12.563527532660409,21.545183836323183,True,,0.03515625,20,0.2,64,512,0.00015656335090170616,0.0016213281196542084,0.0032746878918260337,0.01944799618795514,0.021546587347984314,0.024432057701051235,0.5493236780166626,0.6104852855205536,0.6742209464311599,3.7439576625823974,6.73051118850708,10.799901723861694,3.6138164861631035,122
EOG,EOG Resources,Energy,2026-09-06,2026-09-04,2025-08-29,0.555755615234375,0.39345703125,0.7116210937499998,1.2151258980817594,15.393644798524287,2.3946875431500425,6.486291284580508,11.637890947515354,18.37165979776373,True,,0.001953125,20,0.2,64,512,-0.000542929969378747,0.0008209230145439506,0.0023169291554950176,0.01685703620314598,0.018569212406873703,0.02063837219029665,0.536731094121933,0.5999332964420319,0.6625035524368286,4.634202718734741,8.226873874664307,11.630743932723998,3.6102925753337676,123
FITB,Fifth Third Bancorp,Financials,2026-09-06,2026-09-04,2025-08-29,0.56988525390625,0.44208984375,0.7479492187499999,1.3433355495161783,15.795282439252023,2.4347569294712703,6.653699978825164,10.962331020908985,20.85743644301155,True,,0.013671875,20,0.2,64,512,-0.0003774839176912792,0.0008182130986824632,0.0020615035085938867,0.01533435913734138,0.018557842820882797,0.02372873444110155,0.5445497304201126,0.6219096481800079,0.6867383122444153,2.5525826811790466,3.334762454032898,5.60717554092407,3.607945955369929,124
COR,Cencora,Health Care,2026-09-06,2026-09-04,2025-08-29,0.602508544921875,0.4880859375,0.70556640625,2.1202039247975923,16.745453892139743,2.6911693954077083,5.499215496320435,12.48308083896345,20.317403318380887,True,,0.03125,20,0.2,64,512,9.675058136053849e-05,0.0013219857355579734,0.0025072468444705008,0.016511320881545544,0.020261172205209732,0.024304629862308504,0.5290215522050857,0.5742227733135223,0.6361356735229492,2.5308684349060058,3.104958415031433,4.783308386802673,3.5980424824715582,125
ECL,Ecolab,Materials,2026-09-06,2026-09-04,2025-08-29,0.478607177734375,0.305078125,0.6375,-0.337520711894662,13.317980946749136,1.9928114167525206,6.100074333550827,10.240446121703538,16.7664510851565,True,,0.001953125,20,0.2,64,512,-0.0011485658993478864,6.365962144627701e-05,0.0013620058423839507,0.012743024155497551,0.014243753626942635,0.016598792653530835,0.5244665116071701,0.5678465068340302,0.6308539360761642,3.6348271131515504,6.511955261230469,11.066301822662354,3.593691713841962,126
UDR,"UDR, Inc.",Real Estate,2026-09-06,2026-09-04,2025-08-29,0.465423583984375,0.3072265625,0.6140625,-0.532229004721618,13.009277862495553,2.1605867336159195,6.151406233996646,9.728886671808208,16.34243275228888,True,,0.0,20,0.2,64,512,-0.001115594507427886,-5.934221189818345e-05,0.0009874912560917436,0.012043408025056124,0.013444744981825352,0.016876685619354247,0.5239632844924926,0.5559835731983185,0.6159228026866913,3.0593484163284304,5.327010869979858,10.261788177490233,3.5776281274316126,127
PSX,Phillips 66,Energy,2026-09-06,2026-09-04,2025-08-29,0.584625244140625,0.44541015625,0.7150390624999999,1.9812652034561062,16.350350363886285,2.439455378894657,6.339430101572765,11.732502300131447,19.27812365364583,True,,0.0078125,20,0.2,64,512,-0.00015022796651464887,0.0012555090361274779,0.0029146623564884062,0.018277517054229975,0.020353076048195362,0.023521264642477037,0.5251054376363754,0.5583814680576324,0.622444874048233,3.564677131175995,6.035111904144287,10.481821584701537,3.575612944857204,128
JCI,Johnson Controls,Industrials,2026-09-06,2026-09-04,2025-08-29,0.5760498046875,0.3916015625,0.7409179687499998,1.6434622381430675,16.285331338059965,2.126959041766974,6.2481203136231755,11.469384045630536,19.497689500422595,True,,0.015625,20,0.2,64,512,-0.0002688776774448343,0.0009681045485194772,0.0023428500862792134,0.01739566624164581,0.019392943009734154,0.02322767712175846,0.5423637062311173,0.6151664853096008,0.6793048709630967,3.0882622361183167,5.034952163696289,9.612781572341918,3.5372310991378546,129
HBAN,Huntington Bancshares,Financials,2026-09-06,2026-09-04,2025-08-29,0.53125,0.40966796875,0.6690429687499999,0.584747016458498,15.08662097976783,2.4704899991104514,5.273994521903932,12.073675910154604,18.256524615585644,True,,0.005859375,20,0.2,64,512,-0.0006902927532792091,0.0005257696902845055,0.001823344751028344,0.015505374688655139,0.01729260664433241,0.02039385503157973,0.5328994929790497,0.5929133296012878,0.655034539103508,3.5862172842025757,5.997652769088745,10.5467924118042,3.521331918608162,130
PSA,Public Storage,Real Estate,2026-09-06,2026-09-04,2025-08-29,0.486419677734375,0.36748046875,0.621875,-0.21615423279160423,13.882418091267212,2.352349892194518,5.63057561961427,10.55406729923364,16.900958268008694,True,,0.0,20,0.2,64,512,-0.0012607074168045074,0.00019140870426781476,0.0015299746301025152,0.014042512187734247,0.015362591948360205,0.016999577265232803,0.5249483197927475,0.5563222169876099,0.6124509155750275,5.410752296447754,9.288428783416748,11.817615318298339,3.503854116311042,131
PEP,PepsiCo,Consumer Staples,2026-09-06,2026-09-04,2025-08-29,0.464447021484375,0.31533203125,0.6306640624999998,-0.5467029625760731,13.280531646251834,2.09846666934441,6.140499440374095,10.374027005524036,15.687119119966878,True,,0.0,20,0.2,64,512,-0.0013596237811725586,-0.00022555484611075372,0.0008101136831101028,0.012539917463436722,0.013729932252317667,0.015587205626070499,0.530795106291771,0.5813727974891663,0.6415931075811386,4.1000415802001955,7.642539978027344,11.417239141464233,3.4972020236513344,132
ADM,Archer Daniels Midland,Consumer Staples,2026-09-06,2026-09-04,2025-08-29,0.5328369140625,0.41357421875,0.6517578125,0.658035741811869,15.277981463736293,2.457285894522719,5.541295630292618,11.597911695506086,18.181959572703214,True,,0.001953125,20,0.2,64,512,-0.0007645721023436635,0.0006798645190428942,0.0020175349432975053,0.016117119789123537,0.017805399373173714,0.0201319120824337,0.5221843302249909,0.5471722483634949,0.5998195260763168,4.4137180805206295,7.929089546203613,11.40113763809204,3.4876133036765222,133
NWSA,News Corp (Class A),Communication Services,2026-09-06,2026-09-04,2025-08-29,0.54217529296875,0.37255859375,0.6729492187499999,0.7611758615954092,15.596020104108579,2.0632018529975236,5.690214565384272,11.744322444076115,18.844266361015617,True,,0.0,20,0.2,64,512,-0.0008434845192823559,0.000567572278669104,0.0018542601261287925,0.015568319801241159,0.017285367473959923,0.019737956207245586,0.5990679651498795,0.6589487493038177,0.7132436841726303,4.4442874670028685,7.82514762878418,11.368242454528808,3.4763695439576963,134
CSCO,Cisco,Information Technology,2026-09-06,2026-09-04,2025-08-29,0.60943603515625,0.461328125,0.7306640624999999,2.4306352361961214,17.558365599240677,2.0702614216400645,5.083635250413596,13.391081379899115,22.361532921089605,True,,0.0390625,20,0.2,64,512,-0.00011230189593334216,0.0014166173059493303,0.0026543522253632545,0.01863672249019146,0.02126360684633255,0.024473549425601957,0.5949948936700821,0.6593724489212036,0.7150469124317169,3.023206961154938,4.279272556304932,8.315533971786499,3.4709155115360253,135
CTAS,Cintas,Industrials,2026-09-06,2026-09-04,2025-08-29,0.479339599609375,0.3234375,0.6265624999999999,-0.3181535512689347,13.9328712410783,1.8747319723718832,5.931091414051117,10.150636270187203,16.71712395369915,True,,0.0,20,0.2,64,512,-0.001264440402155742,-9.449722347198986e-05,0.0010430314519908278,0.013176154810935259,0.014796687755733728,0.017145302332937717,0.5584221869707108,0.6216644048690796,0.6797323405742646,3.6579999208450316,6.651067733764648,10.985326766967773,3.4403504583903532,136
MA,Mastercard,Financials,2026-09-06,2026-09-04,2025-08-29,0.47625732421875,0.3259765625,0.6128906249999999,-0.40334246714978633,13.847926750478795,2.1266937832269175,5.540945651937079,11.068634247073591,16.43973905533209,True,,0.0,20,0.2,64,512,-0.001205664745066315,-5.2269844672991894e-05,0.0010736985306721181,0.013474037684500218,0.014998790342360735,0.01814614813774824,0.5247955322265625,0.5635501742362976,0.6260913044214248,3.1909088373184202,5.629373550415039,10.159315395355224,3.4391958652025894,137
VZ,Verizon,Communication Services,2026-09-06,2026-09-04,2025-08-29,0.51116943359375,0.4029296875,0.61328125,0.18623868390089687,14.875393955257232,2.3495724639391584,5.268467068551995,11.107847925984888,18.6218659361263,True,,0.0,20,0.2,64,512,-0.0007682966184802354,0.00028249132446944714,0.0014231617213226854,0.013822287414222955,0.016361048445105553,0.022256485000252724,0.5319658786058425,0.5889352560043335,0.6522398889064789,2.456191051006317,3.402396321296692,6.091617155075073,3.4363421576011,138
GILD,Gilead Sciences,Health Care,2026-09-06,2026-09-04,2025-08-29,0.521270751953125,0.34658203125,0.6846679687499999,0.4011372251388258,15.1802627336745,1.9636376918353278,5.433252170572863,11.801136762783509,17.833437940237594,True,,0.0,20,0.2,64,512,-0.0008757263742154465,0.0005262280465103686,0.0018951233068946747,0.015575393196195364,0.01722645666450262,0.019321803003549576,0.5248614490032196,0.561832070350647,0.6254594177007675,4.976736831665039,8.699634552001953,11.711023187637329,3.4338717392340374,139
PH,Parker Hannifin,Industrials,2026-09-06,2026-09-04,2025-08-29,0.526947021484375,0.3525390625,0.66962890625,0.5287217924196399,15.371357470236843,2.118957436478966,5.238524339600556,11.685731372422307,18.521983208074843,True,,0.00390625,20,0.2,64,512,-0.0007870967005146667,0.0005441241955850273,0.0018264624464791265,0.015580897638574242,0.017592551186680794,0.021381492912769317,0.5309603154659271,0.5855211913585663,0.6524995446205138,3.0895888924598696,5.317398309707642,10.063389301300049,3.428109862806123,140
TROW,T. Rowe Price,Financials,2026-09-06,2026-09-04,2025-08-29,0.5386962890625,0.4361328125,0.6884765624999999,0.6675802557414514,15.81755870997876,1.940479289549348,5.892220883180736,11.65638141105533,20.817848238920792,True,,0.015625,20,0.2,64,512,-0.0006128738197730855,0.000577823055209592,0.0018005172081757336,0.014702552743256093,0.017328040674328804,0.022960277274250984,0.5512084633111953,0.627321183681488,0.6931626468896865,2.576332139968872,3.800034761428833,7.422733879089355,3.4056854091058617,141
UPS,United Parcel Service,Industrials,2026-09-06,2026-09-04,2025-08-29,0.572479248046875,0.4419921875,0.6986328125,1.5020649842449776,16.827834157846063,2.2720728862809025,5.452560492717222,11.866306776798027,21.39179896252095,True,,0.01953125,20,0.2,64,512,-0.0002599301471491344,0.0010519447387196124,0.002337299333885312,0.01672409549355507,0.019684678874909878,0.023923771269619466,0.5285999357700348,0.5714879333972931,0.6436750710010528,2.6668814539909365,3.512983798980713,5.888504862785339,3.40197819087701,142
RTX,RTX Corporation,Industrials,2026-09-06,2026-09-04,2025-08-29,0.530548095703125,0.39716796875,0.6712890625,0.6002729531944919,15.651603481600752,2.2566359104701106,6.0184539123164305,11.102104668904623,19.340087089115503,True,,0.005859375,20,0.2,64,512,-0.0005863855534698814,0.0006127589440438896,0.0018352776707615704,0.015426828246563672,0.017775001004338264,0.02229585237801075,0.5261924117803574,0.5682048201560974,0.6299451678991318,2.7010520935058593,4.17506742477417,7.5730278015136685,3.389736369994365,143
MAA,Mid-America Apartment Communities,Real Estate,2026-09-06,2026-09-04,2025-08-29,0.43304443359375,0.28935546875,0.5802734374999999,-0.9973190121546347,12.819500866337991,1.8773013152826286,6.27230299813317,9.070270589384048,16.611063408585515,True,,0.0,20,0.2,64,512,-0.0013427708705421536,-0.00026968499878421426,0.0007941507967188954,0.011358333006501197,0.012596297077834606,0.01484394669532776,0.5318178772926331,0.5845977962017059,0.6511577636003494,3.6736127138137817,6.690064907073975,10.903536128997802,3.3780132168082853,144
HLT,Hilton Worldwide,Consumer Discretionary,2026-09-06,2026-09-04,2025-08-29,0.483642578125,0.345703125,0.64892578125,-0.29175228392520053,14.361344292178787,1.8135879773528163,5.868901759983692,10.730144490323491,16.575984051169286,True,,0.0,20,0.2,64,512,-0.0010746226937044412,0.0001495233445893973,0.0014606705517508087,0.013967703096568584,0.015413797926157713,0.017857126239687205,0.5239424705505371,0.5538803935050964,0.6101296752691269,3.712993657588959,6.910525798797607,11.324757480621338,3.367669267482102,145
AWK,American Water Works,Utilities,2026-09-06,2026-09-04,2025-08-29,0.477874755859375,0.3181640625,0.6475585937499999,-0.4196475499320727,14.210756506804076,1.9333974120650728,6.158819591599361,10.53535233733289,17.037939645894717,True,,0.0,20,0.2,64,512,-0.0013502581568900496,-7.891367567935959e-05,0.0012495617032982408,0.013654401432722807,0.01482430100440979,0.016475906874984503,0.5224278748035431,0.5467215776443481,0.5929061681032181,5.503219223022461,9.46152400970459,11.799217128753662,3.3627678838249726,146
OTIS,Otis Worldwide,Industrials,2026-09-06,2026-09-04,2025-08-29,0.44696044921875,0.29580078125,0.57861328125,-0.8130503126143604,13.29269491655932,2.129871189212307,5.22938995047551,10.770159861962373,15.603037177208265,True,,0.0,20,0.2,64,512,-0.0015087545034475625,-0.00032205031311605126,0.0008851025719195603,0.012384063377976418,0.013550796546041965,0.015235980693250894,0.5445533066987991,0.6073825359344482,0.6618121832609176,5.2420307159423825,8.841707229614258,11.595037794113159,3.3624517227274273,147
BMY,Bristol Myers Squibb,Health Care,2026-09-06,2026-09-04,2025-08-29,0.5390625,0.39873046875,0.65595703125,0.7980825046692177,16.03718949907788,2.0687357845618344,5.522559527149109,12.117732582875423,19.120678315911963,True,,0.00390625,20,0.2,64,512,-0.0007900759170297533,0.0006277353095356375,0.0018887844227720052,0.01637416975572705,0.01835128851234913,0.021998809464275838,0.5258905619382859,0.5651820600032806,0.6233429461717606,3.1009005665779115,5.087314128875732,9.285696506500244,3.361327744060114,148
NEM,Newmont,Materials,2026-09-06,2026-09-04,2025-08-29,0.624267578125,0.50419921875,0.74072265625,3.5631146449014883,18.629596339120212,2.4488792190692665,4.729419539943028,15.095197886112752,21.324584553658436,False,posterior:volatility_pct; sigma posterior at training boundary,0.884765625,20,0.2,64,512,0.00012167129461886364,0.002009286778047681,0.003911079070530832,0.024345864541828632,0.024915486574172974,0.024995593167841435,0.5627384513616562,0.6264496743679047,0.6694300383329391,7.103307247161865,10.032461643218994,11.85122561454773,3.350945274182367,149
JKHY,Jack Henry & Associates,Financials,2026-09-06,2026-09-04,2025-08-29,0.53900146484375,0.40498046875,0.64814453125,0.7950671201635175,16.096245716891982,2.120373530058297,5.323889122915688,11.693976990957305,20.40569098978208,True,,0.009765625,20,0.2,64,512,-0.0008632387645775453,0.0005380548245739192,0.0018823818303644654,0.016392348520457744,0.01832082774490118,0.02244600672274828,0.5320741593837738,0.5925774872303009,0.6559243768453598,2.9912616491317747,5.347644329071045,10.142721033096313,3.3486160333530592,150
MDLZ,Mondelez International,Consumer Staples,2026-09-06,2026-09-04,2025-08-29,0.479644775390625,0.34853515625,0.6115234374999999,-0.33186238569541376,14.339152146968829,2.1570094157808066,5.2935654694788505,11.625722824978407,16.959395715063636,True,,0.00390625,20,0.2,64,512,-0.0012023663555737584,0.00014053863560548052,0.0014302767638582734,0.013894926058128476,0.015407043509185314,0.017787771113216878,0.5433312207460403,0.6099475026130676,0.6688700139522552,3.6136035323143005,7.081280708312988,11.207685089111328,3.345000948971852,151
GD,General Dynamics,Industrials,2026-09-06,2026-09-04,2025-08-29,0.489593505859375,0.34658203125,0.62109375,-0.1638678869629871,14.66594663956847,1.9945624890685427,6.063888839168937,10.119241297675558,20.126689546654873,True,,0.00390625,20,0.2,64,512,-0.0010443158913403749,8.643391993246041e-05,0.0013034168106969444,0.013081887457519769,0.014636427164077759,0.018672278244048355,0.5458024173974991,0.6061409413814545,0.6676372230052948,2.915611231327057,4.891286373138428,9.794134283065794,3.338301426369984,152
KEYS,Keysight Technologies,Information Technology,2026-09-06,2026-09-04,2025-08-29,0.62322998046875,0.50810546875,0.755859375,3.1375745132076083,18.715292225572014,2.47407716942485,5.0319837540030194,15.007150231342727,21.16675614174952,True,,0.298828125,20,0.2,64,512,0.0004682252285419964,0.0020725198555737734,0.0038355231634341178,0.022486507333815096,0.024234142154455185,0.024945566430687904,0.6064158707857132,0.6561471223831177,0.7052179723978043,3.79031720161438,5.669614553451538,10.114555549621581,3.3300574362241977,153
TEL,TE Connectivity,Information Technology,2026-09-06,2026-09-04,2025-08-29,0.59820556640625,0.455859375,0.70087890625,2.30078123931029,17.990971622693053,2.2058231695225317,4.711102876210211,14.428220160292573,20.933743393439524,True,,0.041015625,20,0.2,64,512,-0.00015203790680970997,0.0013413523556664586,0.0028605424799025055,0.020189309678971767,0.022473838180303574,0.024480135180056095,0.597112187743187,0.6607050895690918,0.7122438907623291,3.8237491846084595,5.7814764976501465,10.332651472091674,3.3250320157900686,154
TXT,Textron,Industrials,2026-09-06,2026-09-04,2025-08-29,0.5115966796875,0.37236328125,0.64814453125,0.21016005813875321,15.427520245855755,2.165126034450468,5.627589854575062,11.369431106231136,18.90082182661165,True,,0.001953125,20,0.2,64,512,-0.0009162534959614276,0.0004515014006756246,0.0016745113884098822,0.015443605789914727,0.017045634798705578,0.019695701729506254,0.5267878323793411,0.5626729130744934,0.6284199029207229,3.772843301296234,6.719810962677002,10.892600154876709,3.316130340680827,155
KHC,Kraft Heinz,Consumer Staples,2026-09-06,2026-09-04,2025-08-29,0.536102294921875,0.3716796875,0.67548828125,0.7085696908388008,16.180690119913557,2.050055265270685,5.708288757431268,11.989224915761026,19.175672039782825,True,,0.001953125,20,0.2,64,512,-0.0006824856536695734,0.0006262673705350608,0.0020365762640722094,0.016734708845615388,0.018575691618025303,0.021281888708472252,0.5562150418758393,0.6251495480537415,0.6858661949634551,4.113992595672608,7.275697708129883,11.287849426269531,3.3132226805462057,156
FTV,Fortive,Industrials,2026-09-06,2026-09-04,2025-08-29,0.5142822265625,0.396875,0.630859375,0.28007820885794804,15.702090433970723,2.182458769477102,5.260374244531183,11.550981174265914,19.851022068065618,True,,0.0078125,20,0.2,64,512,-0.0007718593522440642,0.0004640840197680518,0.0016783475934062152,0.01496295053511858,0.017137659713625908,0.021719728782773017,0.5266516476869583,0.5763413906097412,0.6472494751214981,2.8086666822433473,4.21522855758667,7.699564456939696,3.2752468770010075,157
FAST,Fastenal,Industrials,2026-09-06,2026-09-04,2025-08-29,0.49114990234375,0.32783203125,0.6440429687499998,-0.14025396321885025,15.02276902420274,2.0253708049080146,5.388957923109876,11.805970984324885,17.643343001915913,True,,0.0,20,0.2,64,512,-0.000995277496986091,0.0001454237790312618,0.0016293624881654975,0.015062628639861941,0.016743429005146027,0.019125238712877034,0.5236246079206467,0.5566444098949432,0.6134385168552399,3.7390995383262635,6.561279773712158,10.988842153549195,3.26936999132765,158
T,AT&T,Communication Services,2026-09-06,2026-09-04,2025-08-29,0.48895263671875,0.30146484375,0.64619140625,-0.2012143554098565,15.024321003972515,1.833946142958893,5.495895586234378,11.22058271168272,18.314557394772375,True,,0.0,20,0.2,64,512,-0.0013884032261557877,-9.002388105727732e-05,0.0013462321250699457,0.014695500303059817,0.016452335752546787,0.019015084579586984,0.5386464208364486,0.5983987152576447,0.6583824992179871,3.6400647878646852,6.40874719619751,11.292292356491089,3.254407547532219,159
GE,GE Aerospace,Industrials,2026-09-06,2026-09-04,2025-08-29,0.557525634765625,0.4234375,0.662890625,1.3596691027630061,17.14735821800157,2.31446485576418,4.944740660974325,13.72379516483148,19.534127827188176,True,,0.0078125,20,0.2,64,512,-0.0005416363856056705,0.0009390644263476133,0.0026001947349868714,0.019523222092539073,0.021350564435124397,0.023808355256915093,0.5385031819343566,0.5982503294944763,0.658622658252716,4.57185468673706,8.063036918640137,11.414815807342528,3.2513791785158235,160
IRM,Iron Mountain,Real Estate,2026-09-06,2026-09-04,2025-08-29,0.571258544921875,0.43779296875,0.7181640625,1.7341226071541427,17.586721150273345,2.0918722223093664,5.4523510764013405,12.819174428138405,21.663714167038222,True,,0.025390625,20,0.2,64,512,-0.0002049021510174498,0.0013119705254212022,0.0031457587610930204,0.019306688196957113,0.02179231122136116,0.02428217902779579,0.5235251486301422,0.544887125492096,0.5920885473489761,3.253260338306427,4.98557448387146,9.013525867462157,3.2482379179190892,161
KDP,Keurig Dr Pepper,Consumer Staples,2026-09-06,2026-09-04,2025-08-29,0.51171875,0.3779296875,0.6396484374999999,0.23450613468603015,15.772984614384361,2.0451904256395124,4.807330028137579,12.342225597419171,19.271798193190435,True,,0.01171875,20,0.2,64,512,-0.0007839148078346625,0.0004801908216904849,0.001814320951234549,0.015531755937263369,0.017458081245422363,0.021555524878203867,0.5308356642723083,0.5819635987281799,0.6564534783363343,3.1367238759994507,5.338979244232178,10.099017620086668,3.2442734365779575,162
DRI,Darden Restaurants,Consumer Discretionary,2026-09-06,2026-09-04,2025-08-29,0.509124755859375,0.36708984375000003,0.6514648437499999,0.16837302838710339,15.724347451181266,2.0945420791950564,5.207669144745786,11.955994081342418,18.85278294089435,True,,0.0,20,0.2,64,512,-0.0009991643310058862,0.0004673446237575263,0.0018076579377520829,0.015984344482421874,0.017612740397453308,0.02020835047587752,0.5382622480392456,0.5915213823318481,0.6567624986171723,4.294306993484497,7.951566696166992,11.382801246643066,3.2378116639818195,163
SYF,Synchrony Financial,Financials,2026-09-06,2026-09-04,2025-08-29,0.562530517578125,0.40830078125,0.6788085937499999,1.3885357336017259,17.399180136497176,2.193448396050574,5.051334913428244,12.84001495737315,21.15288720221663,True,,0.041015625,20,0.2,64,512,-0.0007112951774615794,0.0008587270567659289,0.002381418365985155,0.01804986484348774,0.020404839888215065,0.024378157034516335,0.5224524438381195,0.549204409122467,0.6046800076961517,2.966055524349213,4.585735321044922,7.862543725967405,3.2330863475465708,164
YUM,Yum! Brands,Consumer Discretionary,2026-09-06,2026-09-04,2025-08-29,0.468780517578125,0.34794921875,0.599609375,-0.5305663433503525,14.512202929118681,2.1689876598980438,5.077108844039293,11.828064883415458,16.67984353189765,True,,0.001953125,20,0.2,64,512,-0.0011731543752830475,0.00014762690261704847,0.0014424045861233024,0.01395454523153603,0.015269667375832796,0.017422637529671194,0.5243719279766083,0.5602268874645233,0.6231072038412094,3.8856266140937805,6.890649318695068,11.010512638092042,3.2302505682133114,165
V,Visa Inc.,Financials,2026-09-06,2026-09-04,2025-08-29,0.469970703125,0.337109375,0.62080078125,-0.4934027478533885,14.549546199994131,2.081479614238811,5.889919667204403,9.963270626879678,18.30858600961246,True,,0.001953125,20,0.2,64,512,-0.0009989350568503142,1.599803908902686e-05,0.0013244305446278302,0.012890296056866646,0.01499485271051526,0.020715470798313616,0.5225145101547242,0.5506388545036316,0.6127940326929092,2.577369213104248,3.775456190109253,7.178200817108154,3.2301399415824363,166
MCK,McKesson Corporation,Health Care,2026-09-06,2026-09-04,2025-08-29,0.54327392578125,0.39873046875,0.697265625,0.8971579329003945,16.879119211577994,2.1147293112403958,5.628188993996094,12.117433742024124,21.716730732375883,True,,0.013671875,20,0.2,64,512,-0.0005902756500290706,0.000728117796825245,0.0021366455941461025,0.01664815554395318,0.01904588844627142,0.023599497601389883,0.5400253713130951,0.605126678943634,0.6688393801450729,2.7650150656700134,3.951164960861206,7.5713054656982415,3.21861537306164,167
MDT,Medtronic,Health Care,2026-09-06,2026-09-04,2025-08-29,0.460540771484375,0.29619140625,0.64140625,-0.6555258818611018,14.367132659156553,1.8302888776471593,6.0864313188241885,10.306272993149463,17.41145812121583,True,,0.001953125,20,0.2,64,512,-0.0013688036939129232,-0.00016844522178871557,0.001106028485810384,0.013530736323446035,0.0151499779894948,0.017752923257648944,0.5368950456380844,0.593640923500061,0.6597614288330078,3.3199262022972107,5.79390287399292,10.55141339302063,3.2055162460747533,168
FTNT,Fortinet,Information Technology,2026-09-06,2026-09-04,2025-08-29,0.602325439453125,0.494140625,0.7334960937499999,2.717858181460131,18.8558556534516,2.2675287281685574,4.929739116469068,15.210331351739766,21.482508204643942,True,,0.265625,20,0.2,64,512,-0.00030320133519126104,0.0014970321208238602,0.0032481204718351362,0.022586422972381115,0.0241744052618742,0.02492155823856592,0.5638406097888946,0.6333962678909302,0.6876656949520111,4.357306671142578,7.026751518249512,11.056490087509154,3.1943681078342805,169
AMGN,Amgen,Health Care,2026-09-06,2026-09-04,2025-08-29,0.519744873046875,0.4087890625,0.62744140625,0.3830681930534154,16.35679283721105,2.1829816026660915,4.864043660079596,12.181163408715005,20.340863629195784,True,,0.013671875,20,0.2,64,512,-0.0008523006574250758,0.0004506788100115955,0.0018168102134950457,0.015902546886354684,0.018689151853322983,0.023579271510243416,0.5220773875713348,0.5414475798606873,0.5935326397418976,2.6259662389755247,3.596851944923401,5.724505519866943,3.1775475682768093,170
VRSN,Verisign,Information Technology,2026-09-06,2026-09-04,2025-08-29,0.5404052734375,0.39150390625,0.6620117187499999,0.8141621084939323,17.047918723817247,2.1454699165926563,5.060004564217697,12.41573718479849,20.946506317545833,True,,0.021484375,20,0.2,64,512,-0.0008671709860209375,0.0004182153643341735,0.0017505092138890175,0.01634503500536084,0.01911759190261364,0.023950234241783618,0.5445878744125366,0.6168967485427856,0.6794385462999344,2.649799883365631,3.8136523962020874,6.603679275512695,3.16991934436262,171
HAL,Halliburton,Energy,2026-09-06,2026-09-04,2025-08-29,0.5772705078125,0.4255859375,0.7091796874999999,1.97667840812773,18.22353915822916,2.1276294164853513,5.246419184480419,13.388745640147675,20.825562749651294,True,,0.087890625,20,0.2,64,512,-0.0004861791181610897,0.001103988557588309,0.002779673086479306,0.021151480823755266,0.02327721007168293,0.02472248114645481,0.5207312405109406,0.5335270166397095,0.5746162861585616,4.402932167053223,6.843181133270264,11.02784857749939,3.167718974894201,172
STLD,Steel Dynamics,Materials,2026-09-06,2026-09-04,2025-08-29,0.5767822265625,0.43173828125,0.70478515625,2.0391029845061137,18.21700855982608,2.1061153073038996,4.816345052827717,14.53906188324943,21.188487577903228,True,,0.080078125,20,0.2,64,512,-0.00013236891609267332,0.001524684194009751,0.003213883878197521,0.021264823339879512,0.023198354989290237,0.024681141786277293,0.5222879916429519,0.5509338974952698,0.6065470367670059,4.937857627868652,8.057233810424805,11.55552110671997,3.1661742083959727,173
NWS,News Corp (Class B),Communication Services,2026-09-06,2026-09-04,2025-08-29,0.5306396484375,0.3962890625,0.6662109374999999,0.5669548077100408,16.78693367621419,2.0343475088231813,4.957927767025103,13.01022112224992,19.27477365574859,True,,0.001953125,20,0.2,64,512,-0.0006100509781390429,0.0006937570287846029,0.0019798783352598546,0.016398885659873484,0.018415614031255245,0.021143290214240548,0.6495249092578887,0.7026405334472656,0.7470424503087998,4.012293291091919,7.527167797088623,11.506441926956176,3.161027848637873,174
ELV,Elevance Health,Health Care,2026-09-06,2026-09-04,2025-08-29,0.57415771484375,0.47490234375,0.7196289062499999,1.8490561435409725,18.170455062532696,2.277116421294748,5.416485656185313,12.74603920344283,21.86175137585261,True,,0.044921875,20,0.2,64,512,-0.000453747967549134,0.0010339751024730504,0.0027620832785032684,0.01989814769476652,0.02228374592959881,0.024573387391865254,0.5230150490999221,0.5557917654514313,0.6147160410881043,3.387804937362671,4.879724740982056,8.720756053924559,3.159842243178916,175
CBOE,Cboe Global Markets,Financials,2026-09-06,2026-09-04,2025-08-29,0.583251953125,0.42529296875,0.7139648437499999,1.7479432658655258,18.487368624662263,2.0410386190749277,4.779987206643659,14.425465618686667,21.997648764782763,True,,0.015625,20,0.2,64,512,-0.000368088559480384,0.0011362932855263352,0.0027017233194783327,0.018810549564659596,0.021225476637482643,0.023955852910876273,0.6471554040908813,0.6993973553180695,0.7445765644311905,4.20582423210144,7.060319423675537,11.183249759674071,3.154867331129744,176
MCO,Moody's Corporation,Financials,2026-09-06,2026-09-04,2025-08-29,0.52593994140625,0.38232421875,0.6617187499999999,0.5118783611283708,16.716767055365437,1.9460541668736815,5.254975010586699,12.384546356482337,22.277906122965653,True,,0.009765625,20,0.2,64,512,-0.0007624007732374594,0.000616581120993942,0.0018196852761320768,0.0161234300583601,0.018502913415431976,0.02323428690433502,0.5312437981367111,0.586358904838562,0.6521681427955627,2.754909861087799,4.26975679397583,8.40671615600586,3.146182151515018,177
GS,Goldman Sachs,Financials,2026-09-06,2026-09-04,2025-08-29,0.55517578125,0.433984375,0.6693359375,1.2278322822892653,17.6500686292951,2.0161781750526773,5.1003536239116265,12.712574396500193,22.23434620467066,True,,0.021484375,20,0.2,64,512,-0.0003096515531069599,0.001033217238727957,0.0026299681630916893,0.018466736283153297,0.020702585577964783,0.024006572365760804,0.5265691906213761,0.5675693452358246,0.6271440595388412,3.1754796266555787,4.7456746101379395,9.10696964263916,3.145459617808706,178
ROK,Rockwell Automation,Industrials,2026-09-06,2026-09-04,2025-08-29,0.53839111328125,0.38369140625,0.6931640624999998,0.7904827535844319,17.123800758716417,2.0310113365052223,5.050373652846206,13.571978635414977,20.29659228727548,True,,0.00390625,20,0.2,64,512,-0.000863318145275116,0.0006739321979694068,0.0020415660692378874,0.01783617716282606,0.019955845549702644,0.022809365205466746,0.5366457581520081,0.5935388505458832,0.6555937051773071,3.395455849170685,5.753939390182495,10.354221534729003,3.1441098904820897,179
EMR,Emerson Electric,Industrials,2026-09-06,2026-09-04,2025-08-29,0.548431396484375,0.430859375,0.669921875,1.0982442822477625,17.487786256223895,2.323248310828177,4.562144245594688,13.691419864828172,20.230555049941618,True,,0.01953125,20,0.2,64,512,-0.0006022151705110445,0.0008017447544261813,0.0024412644910626114,0.019023398216813803,0.02102327160537243,0.02400486245751381,0.5250563442707061,0.5668684840202332,0.6322466492652893,3.822524869441986,6.838247776031494,11.191672611236571,3.1360824546285184,180
WMT,Walmart,Consumer Staples,2026-09-06,2026-09-04,2025-08-29,0.516876220703125,0.378125,0.7145507812499998,0.3238061838022223,16.500343325112528,1.995095775304932,5.736205724051763,12.04646862205443,21.028124015422573,True,,0.005859375,20,0.2,64,512,-0.0006860121211502701,0.0004997174837626517,0.0018397326231934126,0.01517059886828065,0.01790375541895628,0.022789132595062253,0.529102885723114,0.5897906124591827,0.6608307391405105,2.6100132703781127,3.5260289907455444,5.78483145236969,3.1325179756500616,181
VTRS,Viatris,Health Care,2026-09-06,2026-09-04,2025-08-29,0.561431884765625,0.40693359375,0.7108398437499999,1.3756605631831234,17.936753719258284,2.1337627377891337,4.893901473668967,13.355330112252615,22.411617073145134,True,,0.0546875,20,0.2,64,512,-0.00023271980098797939,0.0011470482568256557,0.0026400923961773515,0.01823160657659173,0.020968738943338394,0.024678444489836693,0.524229320883751,0.5552924573421478,0.6138099938631058,2.8298609614372254,3.7322999238967896,6.443364286422727,3.13006407710682,182
WST,West Pharmaceutical Services,Health Care,2026-09-06,2026-09-04,2025-08-29,0.568939208984375,0.43515625,0.67431640625,1.6232035090129382,18.177955780278225,2.2354768641013636,4.60431174617044,13.892282153206468,21.562135164489003,True,,0.03125,20,0.2,64,512,-0.0006229827558854595,0.0009353250788990408,0.0023805525037460026,0.018924195691943167,0.021445663645863533,0.024450465105473995,0.5328589081764221,0.5965184569358826,0.657214805483818,2.991230297088623,3.911844253540039,6.205902051925659,3.1298305258374164,183
SYY,Sysco,Consumer Staples,2026-09-06,2026-09-04,2025-08-29,0.467132568359375,0.32236328125,0.6015625,-0.5299081144508497,14.949542599411636,1.8451660921052184,5.034736735675588,10.779792086671321,19.789515311666754,True,,0.00390625,20,0.2,64,512,-0.0012229390733409673,-7.708900011493824e-05,0.001042931730626151,0.0130764776840806,0.015255178324878216,0.022137540392577645,0.5225991994142533,0.5471845269203186,0.6111411601305008,2.4405471682548523,3.4750458002090454,6.00879225730896,3.12472816645079,184
ITW,Illinois Tool Works,Industrials,2026-09-06,2026-09-04,2025-08-29,0.450836181640625,0.30214843750000003,0.592578125,-0.7741675051233463,14.460624459686159,1.8659775526214835,5.396214028413558,10.601550985940062,18.77121162652735,True,,0.0,20,0.2,64,512,-0.001258210773812607,-0.00019332275405758992,0.0008217898604925721,0.012743304809555411,0.014500574674457312,0.01893151393160224,0.5368251770734787,0.6001014113426208,0.6623225301504135,2.758298861980438,4.437432289123535,9.215832662582397,3.1176812792385427,185
DLR,Digital Realty,Real Estate,2026-09-06,2026-09-04,2025-08-29,0.5023193359375,0.3625,0.63251953125,0.050572586140218596,16.11517540866318,2.2247602006991345,5.293197883713357,11.912533413611689,19.978623515831156,True,,0.00390625,20,0.2,64,512,-0.0011056511313654483,0.0002617880381876603,0.0015375887276604771,0.015651060082018376,0.017814714461565018,0.021903647854924203,0.524048912525177,0.5574548840522766,0.62165008187294,2.8594300746917725,4.629875898361206,9.404817819595337,3.1170578240647857,186
ZBH,Zimmer Biomet,Health Care,2026-09-06,2026-09-04,2025-08-29,0.526092529296875,0.37783203125,0.64228515625,0.5216146524353873,16.903114813702974,2.004687713241631,4.726658558005979,12.879270139540422,20.427568418465242,True,,0.01171875,20,0.2,64,512,-0.0010829885490238665,0.000503576040500775,0.0018470607697963714,0.017107381112873556,0.019236261025071144,0.022879317030310632,0.5276996076107026,0.582127034664154,0.6490092098712921,3.108726453781128,4.78978967666626,9.522175312042235,3.112399904367825,187
BALL,Ball Corporation,Materials,2026-09-06,2026-09-04,2025-08-29,0.5067138671875,0.35068359375,0.6373046874999998,0.12423875309188775,16.29155583487639,2.006541534194106,5.056995151924843,11.844542891354426,20.471945588831485,True,,0.0078125,20,0.2,64,512,-0.0009275743941543624,0.0002526465250412002,0.0014846899022813885,0.014837713772431016,0.01747602690011263,0.023014665767550468,0.5258159190416336,0.5674582719802856,0.6276953756809235,2.5515347599983214,3.72331166267395,6.916256904602051,3.110285305610559,188
BXP,"BXP, Inc.",Real Estate,2026-09-06,2026-09-04,2025-08-29,0.50360107421875,0.3845703125,0.6143554687499999,0.07273640599269066,16.249241619855876,1.9171254689815809,4.59580129674517,12.414844572994252,18.858461259340046,True,,0.0,20,0.2,64,512,-0.0010402837593574076,0.00048984115710482,0.0019570875796489414,0.016764016728848218,0.018328312784433365,0.020458204112946986,0.5284690529108047,0.580635130405426,0.6402283012866974,5.146994495391846,8.472089290618896,11.605516815185547,3.0992281732297653,189
MRK,Merck & Co.,Health Care,2026-09-06,2026-09-04,2025-08-29,0.54681396484375,0.396484375,0.6837890624999999,1.0429187224887728,17.655925581852237,2.0981540028370262,5.172056407012524,13.04721905250173,21.58129319513657,True,,0.041015625,20,0.2,64,512,-0.0007648530649021268,0.0006494885601568967,0.0019754491862840947,0.017817337438464163,0.02076605334877968,0.024515268579125404,0.5240065932273865,0.5640933811664581,0.636018380522728,2.655947268009186,3.3973222970962524,5.249078607559204,3.0970563526037767,190
PGR,Progressive Corporation,Financials,2026-09-06,2026-09-04,2025-08-29,0.501922607421875,0.380078125,0.634765625,0.03707513019500803,16.23163162246334,2.026429674263044,5.119567795646338,11.988615288837828,20.284125625102376,True,,0.001953125,20,0.2,64,512,-0.001112490042578429,0.00017782096983864903,0.001472188188927248,0.01517843403853476,0.01727278158068657,0.021047881245613097,0.5303949862718582,0.5876804888248444,0.6551018536090851,3.0662038564682006,4.918546199798584,9.58120470046997,3.092249868012359,191
EW,Edwards Lifesciences,Health Care,2026-09-06,2026-09-04,2025-08-29,0.46478271484375,0.31171875,0.6124023437499999,-0.6248116193462991,15.045669836688441,1.8190165740604352,5.286014214775676,11.101827442690823,17.71083266359666,True,,0.0,20,0.2,64,512,-0.001275426469510421,-6.057899554434698e-05,0.0012965756410267203,0.014201612723991276,0.015891783870756626,0.017791690304875374,0.5373246014118195,0.5961250960826874,0.6555537462234498,4.775728964805603,8.268458843231201,11.637805795669555,3.089146045930042,192
ABBV,AbbVie,Health Care,2026-09-06,2026-09-04,2025-08-29,0.510833740234375,0.38115234375,0.64306640625,0.2384584717159634,16.545620681174213,2.1828501696900204,5.347503583613224,11.597665753287503,20.4886022463184,True,,0.015625,20,0.2,64,512,-0.0009973120468202978,0.0002830467710737139,0.0016236629977356642,0.015474876714870333,0.018020085990428925,0.02327712867408991,0.5224379241466522,0.5531656444072723,0.6116028159856797,2.65660355091095,3.8444366455078125,6.929098272323608,3.087425670380605,193
TPR,"Tapestry, Inc.",Consumer Discretionary,2026-09-06,2026-09-04,2025-08-29,0.5845947265625,0.482421875,0.6896484374999999,2.2441761342612443,18.971152540672804,2.267914326554375,4.2824546372120835,15.396617223236081,21.63687749024922,True,,0.240234375,20,0.2,64,512,-0.0001004449357424164,0.0013829380623064935,0.003033004014287144,0.021905171871185302,0.024056412279605865,0.02494248989969492,0.5257944911718369,0.5613982677459717,0.622611704468727,3.3488324999809267,4.251765966415405,6.7218472957611075,3.0814929420295916,194
TT,Trane Technologies,Industrials,2026-09-06,2026-09-04,2025-08-29,0.515289306640625,0.37568359375,0.638671875,0.3189574069356051,16.73807782311113,2.2074734723374876,4.743640291588265,13.05342336024173,20.394099540250267,True,,0.001953125,20,0.2,64,512,-0.0008150133769959211,0.0004978841752745211,0.0018426838039886202,0.016662242449820043,0.018651158548891544,0.022043374180793763,0.5309969753026962,0.5922169089317322,0.6530531823635102,3.2745612382888796,5.646117210388184,10.358029460906982,3.078545291079591,195
KMB,Kimberly-Clark,Consumer Staples,2026-09-06,2026-09-04,2025-08-29,0.482330322265625,0.37451171875,0.60234375,-0.331386958344043,15.681641945521099,1.859680116402114,4.602497543928772,12.057491655226164,19.881903430992217,True,,0.00390625,20,0.2,64,512,-0.001158316741930321,2.0070634150215483e-06,0.0013180276902858166,0.014328778907656669,0.0164340790361166,0.021335601806640625,0.5346533566713333,0.5962038636207581,0.6672206819057465,2.8492432951927187,4.723276138305664,8.756348466873169,3.0757641574859798,196
CAT,Caterpillar Inc.,Industrials,2026-09-06,2026-09-04,2025-08-29,0.580535888671875,0.4435546875,0.7152343749999999,2.1302873987143145,18.87753967531026,2.133718098116353,4.876960348460087,14.780588948520043,21.92644883404342,True,,0.263671875,20,0.2,64,512,-0.0003456991122220643,0.0014900228707119823,0.0032294566975906488,0.0223712295293808,0.02414739318192005,0.024942597933113576,0.5381646901369095,0.5919381976127625,0.6541448831558228,4.1514932870864865,6.232154846191406,10.258321762084961,3.075273042234163,197
LMT,Lockheed Martin,Industrials,2026-09-06,2026-09-04,2025-08-29,0.496917724609375,0.34658203125,0.6693359375,-0.06814134131430932,16.169460333184546,1.830695189606361,5.421207210781129,12.04066734224709,19.127367384728988,True,,0.001953125,20,0.2,64,512,-0.0010373947210609914,0.0002865838905563578,0.0016790470632258802,0.016270542703568935,0.018042687326669693,0.020577430073171855,0.5627350062131882,0.6257524192333221,0.6854373812675476,4.115547299385071,7.456797122955322,11.331489562988281,3.0731868248537144,198
GWW,W. W. Grainger,Industrials,2026-09-06,2026-09-04,2025-08-29,0.495147705078125,0.37333984375,0.6387695312499999,-0.0794251319089943,16.141534744227584,1.9917809884216209,5.322462274086106,11.38304534028203,20.956466958122046,True,,0.013671875,20,0.2,64,512,-0.0007454901147866622,0.00033519655698910356,0.0013908622378949074,0.013933146512135864,0.016912534832954407,0.022816290892660615,0.5224994093179702,0.5518966317176819,0.6151484042406082,2.418343150615692,3.2802679538726807,5.583845448493958,3.0675379567311345,199
INVH,Invitation Homes,Real Estate,2026-09-06,2026-09-04,2025-08-29,0.427642822265625,0.28349609375,0.56611328125,-1.1027668251456955,13.971156697128373,1.5786322907474049,4.96446721514441,10.394370976274937,17.54667785375616,True,,0.0,20,0.2,64,512,-0.0014270970597863198,-0.000264254238572903,0.0009591714886482803,0.0124901685398072,0.013822730630636215,0.016836550831794736,0.5262302547693253,0.5704913139343262,0.6280891001224518,3.313256549835205,6.60405969619751,11.11572732925415,3.060897759120564,200
VMC,Vulcan Materials Company,Materials,2026-09-06,2026-09-04,2025-08-29,0.51263427734375,0.34482421875,0.6408203124999999,0.2617169128740439,16.77392317680459,1.8809467697746463,4.639440210408334,12.556163585857263,20.056017087776514,True,,0.0,20,0.2,64,512,-0.0009702498879050836,0.00047503023233730346,0.00188521554809995,0.016841907054185867,0.01856701821088791,0.02089636530727148,0.5430013239383698,0.6075901389122009,0.6637960761785507,4.333598017692566,8.316269874572754,11.703716230392455,3.0561382208583963,201
FOX,Fox Corporation (Class B),Communication Services,2026-09-06,2026-09-04,2025-08-29,0.57611083984375,0.45732421875,0.70703125,1.576037220043669,18.860960946621915,2.0459716323653505,4.552527930773875,14.172943116400512,23.273759082785208,True,,0.05859375,20,0.2,64,512,-0.0003285589642473496,0.0010825741337612271,0.002455343841575086,0.019235667772591114,0.022404776886105537,0.02468616161495447,0.6078433960676193,0.6698793172836304,0.7253403484821319,2.959856998920441,3.838710069656372,6.107947635650634,3.05451478041968,202
BKR,Baker Hughes,Energy,2026-09-06,2026-09-04,2025-08-29,0.537200927734375,0.3951171875,0.68994140625,0.8944600963153861,17.592066431386918,1.8597293161243926,5.278066892463875,12.74162654623339,20.77617050235621,True,,0.013671875,20,0.2,64,512,-0.0006446172803407534,0.0007079496281221509,0.002299763413611799,0.018838112615048884,0.020914774388074875,0.023612995631992817,0.5241887032985687,0.5539035499095917,0.6200960844755172,3.575271499156952,5.862900733947754,10.618516063690185,3.053654497210896,203
JBL,Jabil,Information Technology,2026-09-06,2026-09-04,2025-08-29,0.586456298828125,0.42275390625,0.73515625,2.4045719140129873,19.212220016872752,2.0111310576512538,4.985976893730369,14.62854896911517,22.43825013869321,False,sigma posterior at training boundary,0.740234375,20,0.2,64,512,-0.0004505055345362052,0.0014562607975676656,0.003552481369115412,0.024026599898934364,0.024822814390063286,0.02498990446329117,0.5379556715488434,0.5957280695438385,0.6540242582559586,6.025579833984375,9.004406929016113,11.752673959732055,3.0525170871095653,204
COF,Capital One,Financials,2026-09-06,2026-09-04,2025-08-29,0.551055908203125,0.41328125,0.7040039062499999,1.2306913810497313,18.059352964276478,1.8840763237035971,5.26652699614434,12.758215826269595,22.61192799794335,True,,0.0078125,20,0.2,64,512,-0.00048553256201557817,0.0008404369873460382,0.0024022756260819733,0.01836154470220208,0.02076409012079239,0.023949167318642137,0.5353267014026641,0.5992082357406616,0.6548992484807968,3.0980775475502016,4.487469911575317,8.94185004234314,3.0513601970855673,205
TDY,Teledyne Technologies,Information Technology,2026-09-06,2026-09-04,2025-08-29,0.479705810546875,0.3189453125,0.63330078125,-0.3820433762066698,15.939940559688306,1.700042354062158,5.183441155150216,11.699647709269877,18.988870624597663,True,,0.00390625,20,0.2,64,512,-0.0012989118578843773,0.00011648388681351207,0.0014730232185684144,0.015277409600093961,0.017195532098412514,0.02013413067907095,0.525162011384964,0.5661886036396027,0.6270782351493835,3.337686264514923,6.053979873657227,10.493159914016724,3.0094579634759646,206
AMT,American Tower,Real Estate,2026-09-06,2026-09-04,2025-08-29,0.485107421875,0.34580078125,0.59541015625,-0.27478155953639655,16.180631346496614,1.9688543060996582,5.033764270368845,12.355347927776755,19.57763343093711,True,,0.005859375,20,0.2,64,512,-0.001221813284792006,0.00017733804997988045,0.0014430352312047032,0.01552852736786008,0.017252189107239246,0.020505942404270172,0.542429980635643,0.5992825627326965,0.6592084914445877,3.5476640105247497,6.832839012145996,11.16783390045166,2.998074744345709,207
DVN,Devon Energy,Energy,2026-09-06,2026-09-04,2025-08-29,0.550323486328125,0.39873046875,0.6987304687499998,1.290637893698088,18.38692387082989,1.9793534830293025,5.167686360237789,12.824732199510121,20.89467703795621,True,,0.02734375,20,0.2,64,512,-0.0008966194756794721,0.0008515419031027704,0.002516197203658521,0.020201334916055202,0.022287622094154358,0.024467837251722812,0.5221805572509766,0.54485884308815,0.6003016293048858,4.158898782730103,7.237399101257324,11.192483091354369,2.9930155266547382,208
FANG,Diamondback Energy,Energy,2026-09-06,2026-09-04,2025-08-29,0.53509521484375,0.38212890625,0.6694335937499998,0.8163047753958044,17.885317407640052,1.9837263890607264,4.506513265447259,14.058870713393379,20.215854691286715,True,,0.001953125,20,0.2,64,512,-0.000771671679103747,0.0007806990470271558,0.002334150590468198,0.019180083833634853,0.021033238619565964,0.02296866923570633,0.5234634965658188,0.5537809729576111,0.6129587978124619,5.495298266410828,8.857482433319092,11.708572912216187,2.9918127962055285,209
FIX,Comfort Systems USA,Industrials,2026-09-06,2026-09-04,2025-08-29,0.58465576171875,0.44541015625,0.72822265625,2.3525454162444226,19.561531870083382,2.061592830435793,4.700516183969794,15.730021747679135,22.481588785195797,False,posterior:volatility_pct; sigma posterior at training boundary,0.923828125,20,0.2,64,512,-0.0004926979643641971,0.0014297885936684906,0.0033756137476302684,0.024440798163414,0.02495136670768261,0.02499643787741661,0.5763022869825363,0.6328987777233124,0.6776874840259552,8.145087051391602,10.857413291931152,11.944719171524047,2.9888035640649337,210
CIEN,Ciena,Information Technology,2026-09-06,2026-09-04,2025-08-29,0.62432861328125,0.434765625,0.78095703125,3.007338655372427,20.888974525269923,1.852682732494002,4.779253277214014,15.953994966714626,24.631933456140032,False,prior:mean_pct; prior:volatility_pct; prior:q01_pct; prior:q99_pct; posterior:volatility_pct; posterior:q01_pct; posterior:q99_pct; sigma posterior at training boundary,0.982421875,20,0.2,64,512,-0.000275444368890021,0.0017263729823753238,0.00380925249774009,0.024801841005682945,0.02498427964746952,0.024999141693115234,0.7143368154764176,0.7553822994232178,0.7783163636922836,10.157809352874756,11.86824893951416,11.998539924621582,2.988794938334497,211
AMAT,Applied Materials,Information Technology,2026-09-06,2026-09-04,2025-08-29,0.60406494140625,0.462109375,0.7651367187499998,2.6116787744586367,20.250041831440573,2.1618515715837674,4.587945399788379,16.208931927679444,23.65283602871749,False,prior:mean_pct; prior:q99_pct; posterior:volatility_pct; posterior:q99_pct; sigma posterior at training boundary,0.9375,20,0.2,64,512,-0.00012781460318365135,0.0014621630543842912,0.0033848425489850344,0.0245559087023139,0.02496861107647419,0.024996600300073623,0.6646548837423325,0.7077118456363678,0.7474231094121933,9.176203966140747,11.646858215332031,11.990571212768554,2.9830305854893004,212
KVUE,Kenvue,Consumer Staples,2026-09-06,2026-09-04,2025-08-29,0.529388427734375,0.40556640625,0.6681640624999999,0.5544480827303857,17.833199887683623,1.9173998880799403,4.666243278117905,13.099932275057391,22.416842114133395,True,,0.01953125,20,0.2,64,512,-0.0007641307049198077,0.0004353812837507576,0.0016778371995314954,0.016280318703502418,0.0198510829359293,0.024013035371899603,0.5630899935960769,0.6380838751792908,0.6952065497636795,2.545482647418976,3.1627427339553833,4.7057208776473995,2.968555453135438,213
ROP,Roper Technologies,Information Technology,2026-09-06,2026-09-04,2025-08-29,0.51629638671875,0.3916015625,0.6439453125,0.2763314156857601,17.40350804908861,1.9389913945250004,4.679361170529116,13.286948732302214,22.00170505807805,True,,0.0078125,20,0.2,64,512,-0.000790359714301303,0.0004746525955852121,0.0016286257305182517,0.016417478304356338,0.01879733521491289,0.022747124545276165,0.6343624532222748,0.6948064863681793,0.7441076785326004,2.8839202642440798,4.483608245849609,8.383301925659179,2.966622506580146,214
HUM,Humana,Health Care,2026-09-06,2026-09-04,2025-08-29,0.574615478515625,0.44140625,0.7191406249999999,1.960015426548145,19.372305255311346,2.06723496159512,4.881709886639718,14.871564607935806,22.55452040043166,False,sigma posterior at training boundary,0.505859375,20,0.2,64,512,-0.0005933011008892209,0.0010847331141121686,0.00301045156084001,0.02322871796786785,0.024605832993984222,0.02497440930455923,0.5263570874929429,0.561764270067215,0.6281023561954499,3.966717028617859,5.477400064468384,9.072424602508544,2.9661698540398618,215
BG,Bunge Global,Consumer Staples,2026-09-06,2026-09-04,2025-08-29,0.5125732421875,0.38232421875,0.6400390625,0.2850601975008861,17.29290684434614,1.9636068513786822,4.561387218972979,13.948193159753137,20.41855884881848,False,posterior:q01_pct,0.005859375,20,0.2,64,512,-0.0010635624174028635,0.00038667961780447513,0.0020907609141431745,0.018369338102638723,0.020323780365288258,0.023257792554795743,0.5249464124441147,0.565244734287262,0.622936075925827,3.4815585017204285,5.6649205684661865,10.030159616470335,2.964066404805067,216
BLK,BlackRock,Financials,2026-09-06,2026-09-04,2025-08-29,0.482818603515625,0.38115234375,0.6413085937499998,-0.3389787593551184,16.34990444085098,2.07667549745361,4.662748617173054,13.211091221220483,19.56481721341757,True,,0.0078125,20,0.2,64,512,-0.001246310764690861,-1.0187540738115786e-05,0.0013782953901682047,0.015842404495924712,0.017800286412239075,0.022281676717102527,0.5246035665273666,0.564412534236908,0.6299934685230255,2.884331798553467,4.716861963272095,8.856837797164916,2.9530362410515423,217
KLAC,KLA Corporation,Information Technology,2026-09-06,2026-09-04,2025-08-29,0.5948486328125,0.40458984375,0.7259765625,2.430503309763543,20.15330963280828,1.6941804474053859,4.482945368092678,15.894505287214397,23.76603296870546,False,prior:volatility_pct; prior:q01_pct; posterior:volatility_pct; posterior:q01_pct; sigma posterior at training boundary,0.943359375,20,0.2,64,512,-0.00015924462713883257,0.0015833131037652493,0.003539907629601657,0.02456394340842962,0.024958007037639618,0.024997324869036674,0.6513519585132599,0.690185546875,0.7331900179386139,8.321231889724732,11.09986686706543,11.966927480697631,2.951617593589318,218
HPE,Hewlett Packard Enterprise,Information Technology,2026-09-06,2026-09-04,2025-08-29,0.5948486328125,0.462890625,0.7337890625,2.489905276692128,20.17884051005009,2.0430934697845418,4.635058651422322,15.318621722200042,23.018532843802923,False,prior:q99_pct; posterior:volatility_pct; posterior:q99_pct; sigma posterior at training boundary,0.837890625,20,0.2,64,512,-0.00038642082363367076,0.0015333626652136445,0.003437367232982069,0.02421934138983488,0.024894975125789642,0.02499308791011572,0.6075549781322479,0.6584451794624329,0.7080572307109833,6.53566722869873,9.47919750213623,11.864261722564697,2.947883118042561,219
TER,Teradyne,Information Technology,2026-09-06,2026-09-04,2025-08-29,0.627471923828125,0.446484375,0.79462890625,3.070715465762708,21.378604381620107,1.8656302867481271,5.130660656297267,15.457036784291066,25.48891469298785,False,prior:mean_pct; prior:volatility_pct; prior:q01_pct; prior:q99_pct; posterior:volatility_pct; posterior:q01_pct; posterior:q99_pct; sigma posterior at training boundary,0.982421875,20,0.2,64,512,-0.0003634565829997882,0.0015718493377789855,0.0037289848551154137,0.02476534526795149,0.024983994662761688,0.024999102391302586,0.7195519596338272,0.7612253725528717,0.7844169497489929,9.907164001464844,11.82482385635376,11.994876527786255,2.9350462388816334,220
EBAY,eBay Inc.,Consumer Discretionary,2026-09-06,2026-09-04,2025-08-29,0.539581298828125,0.40244140625,0.6917968749999999,0.9693270035529891,18.40629593224628,2.0574166036948385,4.887220033977286,14.273671644537448,22.11300755703758,True,,0.0390625,20,0.2,64,512,-0.000826187914935872,0.00075453647878021,0.0024499288643710314,0.02003541011363268,0.02213720791041851,0.024420731887221336,0.5289983779191971,0.5866004526615143,0.6488977909088135,4.2823326110839846,7.25604248046875,11.228783702850341,2.931503985453282,221
AXP,American Express,Financials,2026-09-06,2026-09-04,2025-08-29,0.501495361328125,0.3583984375,0.619140625,0.0280351020714888,17.12266813586457,1.8135749903136478,4.799204027334883,11.985065153664653,23.733199226407873,True,,0.009765625,20,0.2,64,512,-0.0008549248857889324,0.0003463103494141251,0.0015860656916629522,0.015621188189834356,0.018095345236361027,0.022825562581419944,0.5245557844638824,0.5585147738456726,0.6283211320638656,2.671263909339905,3.833286166191101,6.709094142913818,2.928838878081796,222
DGX,Quest Diagnostics,Health Care,2026-09-06,2026-09-04,2025-08-29,0.458404541015625,0.33681640625,0.59619140625,-0.685031668439817,15.69574659322927,1.9282580359775574,4.9685733159964345,11.377632083418156,20.479794395084618,True,,0.0078125,20,0.2,64,512,-0.0012795164424460382,-0.00016116096958285198,0.001070248655742034,0.013701424561440944,0.016330409795045853,0.022586916387081147,0.5253906697034836,0.5674097537994385,0.63046894967556,2.4551396131515504,3.499640703201294,6.462500953674317,2.9205653792433717,223
HWM,Howmet Aerospace,Industrials,2026-09-06,2026-09-04,2025-08-29,0.52349853515625,0.39521484375,0.67158203125,0.5673901570610431,17.924621671573338,1.971402836675772,4.597972831465658,13.808706467690298,21.360509635587572,True,,0.001953125,20,0.2,64,512,-0.0010125617554876953,0.0005353388842195272,0.0021992655354551973,0.018455912731587885,0.020479693077504635,0.022636627405881883,0.5255632013082504,0.5635149478912354,0.6256811946630477,4.459348440170288,7.617992877960205,11.436668395996094,2.9205555617749326,224
CNC,Centene Corporation,Health Care,2026-09-06,2026-09-04,2025-08-29,0.56634521484375,0.41943359375,0.6971679687499999,1.842325743603146,19.433888923404446,1.9230821394991626,4.484696550530092,15.42046770243721,22.166221823164705,False,posterior:volatility_pct; sigma posterior at training boundary,0.5703125,20,0.2,64,512,-0.0005751903721829876,0.0013704212615266442,0.0031232617562636732,0.023505250364542006,0.024663683027029037,0.024984192475676535,0.527712282538414,0.5637456774711609,0.620629271864891,4.285457134246826,6.058002948760986,9.935426473617552,2.9142145304828526,225
APH,Amphenol,Information Technology,2026-09-06,2026-09-04,2025-08-29,0.576416015625,0.4283203125,0.70390625,1.9797199810122734,19.791861415478255,1.9226673436517745,4.412963436974109,15.648956524399562,22.946190941395706,False,sigma posterior at training boundary,0.736328125,20,0.2,64,512,-0.0006342989596305415,0.0012061594752594829,0.003058364649768919,0.023749866522848606,0.02479090355336666,0.024984346143901347,0.5670331299304963,0.6233112514019012,0.6740666151046752,6.203268241882324,8.912057399749756,11.671276903152465,2.912389105423975,226
PANW,Palo Alto Networks,Information Technology,2026-09-06,2026-09-04,2025-08-29,0.5904541015625,0.46123046875,0.715625,2.295694752980726,20.282317049803748,2.067556597932094,4.535782897107859,16.256218303307847,22.79087033188494,False,sigma posterior at training boundary,0.646484375,20,0.2,64,512,-0.0003155399128445424,0.001426402886863798,0.0031515910057350995,0.023780395090579987,0.02474883943796158,0.024985689856112003,0.6387018769979477,0.683645635843277,0.729735279083252,5.807242679595947,8.885809421539307,11.717207765579223,2.9111767660106334,227
VRTX,Vertex Pharmaceuticals,Health Care,2026-09-06,2026-09-04,2025-08-29,0.49212646484375,0.36748046875,0.61103515625,-0.15197360296509405,16.905358998404814,1.8315119681843335,4.628323778268741,12.546651240650386,20.944554084830045,True,,0.01171875,20,0.2,64,512,-0.0013921496865805238,-1.0262146190598287e-06,0.0013740582449827342,0.01653963467106223,0.018686505034565926,0.022062489390373228,0.5259281069040298,0.5668167173862457,0.6309330523014068,3.101171243190765,4.728275775909424,8.778693580627442,2.911067815183262,228
SJM,J.M. Smucker Company (The),Consumer Staples,2026-09-06,2026-09-04,2025-08-29,0.500579833984375,0.3736328125,0.6466796874999999,0.011858441625989431,17.199199053427485,1.9534076505393632,4.8672423838023935,12.8398867573304,20.608315545996405,True,,0.01171875,20,0.2,64,512,-0.0012335186765994877,0.0003519303572829813,0.0018535887007601556,0.017116887588053943,0.01904770452529192,0.022444709762930868,0.5266958504915238,0.5695284605026245,0.626731950044632,3.263072061538696,5.616482257843018,10.201218748092652,2.910483403496738,229
MLM,Martin Marietta Materials,Materials,2026-09-06,2026-09-04,2025-08-29,0.485321044921875,0.3052734375,0.60400390625,-0.29359378104258355,16.689949074763902,1.6588667746257828,4.179379256516411,13.62503477588759,19.466702973046694,True,,0.0,20,0.2,64,512,-0.0013849720417056233,0.00020357144967420027,0.001472749141976237,0.016752075497061016,0.018543480895459652,0.020990355126559734,0.561484283208847,0.6261211931705475,0.6834232211112976,4.673905539512634,8.145662307739258,11.553145694732665,2.9078641447486886,230
HSY,Hershey Company (The),Consumer Staples,2026-09-06,2026-09-04,2025-08-29,0.47998046875,0.33525390625,0.6673828125,-0.40143478566492236,16.50633218172541,1.8708935642638307,5.189707639552705,12.815745857352951,18.93857519840603,True,,0.0,20,0.2,64,512,-0.001273368124384433,9.567622328177094e-05,0.00162103776820004,0.01635022722184658,0.018085414543747902,0.02047775238752365,0.5257050722837449,0.5684060752391815,0.6214586466550827,3.997239911556244,7.239439010620117,11.187363147735596,2.907856593855532,231
CASY,Casey's,Consumer Staples,2026-09-06,2026-09-04,2025-08-29,0.5181884765625,0.378125,0.66728515625,0.3958396851172165,17.82135887526879,1.9005955273723505,4.825583522658901,13.311527992596798,22.727786635187282,True,,0.017578125,20,0.2,64,512,-0.0010061742446850984,0.0004833969724131748,0.0018916332395747303,0.017478448897600175,0.019996645860373974,0.02385118156671524,0.5330336064100265,0.5980977118015289,0.6611591845750808,3.0106354713439942,4.343698024749756,8.263400125503539,2.907682181753295,232
MSI,Motorola Solutions,Information Technology,2026-09-06,2026-09-04,2025-08-29,0.48260498046875,0.3671875,0.61689453125,-0.3193491155773385,16.610927944450893,1.7565118525411039,4.8008132646156705,12.272918670763481,21.296453302230617,True,,0.01953125,20,0.2,64,512,-0.0011733865889254958,-6.90851484250743e-05,0.0012448771100025619,0.014507896546274424,0.017950179055333138,0.02399140764027834,0.5259193986654281,0.5740077495574951,0.6360701501369477,2.4019078731536867,2.9398306608200073,4.917308568954467,2.9053463002346644,233
CI,Cigna,Health Care,2026-09-06,2026-09-04,2025-08-29,0.484649658203125,0.3630859375,0.6078124999999999,-0.33389524927599484,16.682645858514476,1.986859982640222,4.148810470744761,13.611857067972238,19.143520888703577,True,,0.001953125,20,0.2,64,512,-0.0012735525495372712,5.9163263358641416e-05,0.001641867432044819,0.017177682369947433,0.019001822918653488,0.021580410748720167,0.530577552318573,0.5772795081138611,0.6393135160207748,3.9721999883651735,6.904828071594238,11.184823322296142,2.905112668059005,234
TDG,TransDigm Group,Industrials,2026-09-06,2026-09-04,2025-08-29,0.484527587890625,0.31015625,0.658984375,-0.3058768469646254,16.741984356170022,1.697209512633925,5.455279113674808,11.556772503776504,19.5008763017599,True,,0.001953125,20,0.2,64,512,-0.001447440992342308,2.9678842565772356e-06,0.0013679520692676304,0.015796187426894905,0.017684760503470898,0.020447871834039687,0.5537758290767669,0.6163115501403809,0.6763004392385483,3.6011563539505005,6.25117826461792,10.873462867736816,2.894086970712401,235
FOXA,Fox Corporation (Class A),Communication Services,2026-09-06,2026-09-04,2025-08-29,0.56732177734375,0.4458984375,0.670703125,1.5179110317087965,19.623889715524307,2.01096963105621,4.046815790776851,15.7657411485866,22.622407145222837,True,,0.064453125,20,0.2,64,512,-0.0003107641896349378,0.0011212199460715055,0.002530651947017759,0.01983478795737028,0.02258419245481491,0.024698399379849433,0.5866664707660675,0.6619096994400024,0.7133564084768296,3.087366819381714,4.049247980117798,6.913483953475951,2.890975161233943,236
COHR,Coherent Corp.,Information Technology,2026-09-06,2026-09-04,2025-08-29,0.611297607421875,0.428515625,0.7837890624999998,2.528751449508404,21.176185443685046,1.7782803945255787,4.7717472053102385,16.367905998981286,25.333326896087687,False,prior:mean_pct; prior:volatility_pct; prior:q01_pct; prior:q99_pct; posterior:volatility_pct; posterior:q01_pct; posterior:q99_pct; sigma posterior at training boundary,0.982421875,20,0.2,64,512,-0.0003919147638953291,0.001497134508099407,0.0038290150463581086,0.024768623895943163,0.024985862895846367,0.024998193979263304,0.7229519575834275,0.7611363232135773,0.7840078353881836,10.405889081954957,11.94571590423584,11.999422693252564,2.8867220163307086,237
STX,Seagate Technology,Information Technology,2026-09-06,2026-09-04,2025-08-29,0.6070556640625,0.44423828125,0.79072265625,2.6025856498335997,21.058871349503992,1.8065416282071238,5.10164488740384,15.435698723945842,24.89129673600932,False,prior:mean_pct; prior:volatility_pct; prior:q01_pct; prior:q99_pct; posterior:mean_pct; posterior:volatility_pct; posterior:q99_pct; sigma posterior at training boundary,0.98046875,20,0.2,64,512,-0.00030958030256442723,0.0017080334946513176,0.004053538525477051,0.02475455366075039,0.024989141151309013,0.024999065697193144,0.6900690108537674,0.7348176538944244,0.7652969181537628,10.126165342330932,11.88894510269165,11.99909529685974,2.8826600152851887,238
AIG,American International Group,Financials,2026-09-06,2026-09-04,2025-08-29,0.4769287109375,0.3267578125,0.59150390625,-0.394605655604968,16.555714086430292,1.8364158787990732,4.865709350482157,12.045690306658653,20.772071230407903,True,,0.005859375,20,0.2,64,512,-0.0011469623306766153,9.390038758283481e-05,0.0013271391799207772,0.014208823535591364,0.017091136425733566,0.022820699773728848,0.5223386645317077,0.5472098290920258,0.6071017652750015,2.4637675404548647,3.2791810035705566,5.105647802352904,2.880749863446901,239
HUBB,Hubbell Incorporated,Industrials,2026-09-06,2026-09-04,2025-08-29,0.523834228515625,0.37783203125,0.65234375,0.5792379841330522,18.21952242700462,1.92732480302722,4.679409926016499,13.870016551172712,21.531105484261374,True,,0.01171875,20,0.2,64,512,-0.0011329834000207485,0.0004077862104168162,0.0019956874195486305,0.01914529884234071,0.021085860207676888,0.02343008015304804,0.5283510267734528,0.5831299126148224,0.6425732254981994,4.279108572006225,7.308438777923584,11.213270950317384,2.8751260117510444,240
SBUX,Starbucks,Consumer Discretionary,2026-09-06,2026-09-04,2025-08-29,0.476776123046875,0.35078125,0.6224609375,-0.45465195897662053,16.586560340518528,1.8755328894298608,4.909571458196461,12.77183193140036,19.80339473693105,True,,0.001953125,20,0.2,64,512,-0.0013729005004279315,7.718958659097552e-05,0.0015127742895856497,0.016156779415905476,0.01817612536251545,0.021241658180952073,0.522379669547081,0.5500534176826477,0.6086243987083435,3.5610989570617675,6.7873125076293945,11.103542041778564,2.874472544389936,241
ICE,Intercontinental Exchange,Financials,2026-09-06,2026-09-04,2025-08-29,0.4666748046875,0.33447265625,0.6316406249999997,-0.6011004048481647,16.25330004601382,1.8697720829459727,4.729316433418166,12.359334614029507,20.47566639177198,True,,0.001953125,20,0.2,64,512,-0.00136875442112796,-8.014220657059923e-05,0.0011318321747239676,0.014640502585098147,0.016374902799725533,0.020234678778797387,0.5434911996126175,0.6100396513938904,0.6756919354200362,2.976003861427307,5.062430143356323,10.164229011535642,2.8712618567695345,242
VICI,Vici Properties,Real Estate,2026-09-06,2026-09-04,2025-08-29,0.357208251953125,0.251953125,0.49384765625,-1.8641814648121147,12.446589022177083,1.7911697772840667,4.600725349101567,10.221682081475628,14.039774013018363,True,,0.0,20,0.2,64,512,-0.0016014179796911775,-0.0006385247106663883,0.00037243651167955243,0.010672256210818886,0.01179922791197896,0.01348812784999609,0.5362721621990204,0.5948126018047333,0.6550368040800094,4.276685380935669,7.6053314208984375,11.129851341247559,2.8699288722127685,243
PWR,Quanta Services,Industrials,2026-09-06,2026-09-04,2025-08-29,0.561309814453125,0.40927734375,0.6935546874999999,1.5926360846700849,19.559704319717056,1.9139918180809394,4.276975113628769,16.02391398009193,22.11211344375966,True,,0.421875,20,0.2,64,512,-0.0005311277724104002,0.0011129783815704286,0.002986252808477729,0.02295914515852928,0.024508723989129066,0.024974221549928188,0.5313725084066391,0.5831829309463501,0.6459728330373764,3.9207064390182493,5.319884300231934,9.548774766921996,2.869725458412475,244
EME,Emcor,Industrials,2026-09-06,2026-09-04,2025-08-29,0.561370849609375,0.41328125,0.6913085937499999,1.632226455372232,19.604636394886267,1.917054065280959,4.524440369847693,15.256453357568098,22.860150225798698,True,,0.384765625,20,0.2,64,512,-0.0005087372730486095,0.0010858766036108136,0.0030015567550435657,0.022902689315378665,0.02444341592490673,0.024953838624060153,0.5307335197925568,0.5792097449302673,0.6412721872329712,3.860867738723755,5.311456203460693,8.475718212127685,2.8634596342516443,245
REGN,Regeneron Pharmaceuticals,Health Care,2026-09-06,2026-09-04,2025-08-29,0.524200439453125,0.39013671875,0.6468749999999999,0.5800981077108582,18.383284911441777,1.8602428731234764,4.151984091963551,13.878526845278804,22.49199367172559,True,,0.05078125,20,0.2,64,512,-0.0010107267415151,0.0004862725472776219,0.0019180931150913237,0.01916763707995415,0.021649068221449852,0.02457006126642227,0.5217944324016571,0.5438317358493805,0.5955065846443176,3.016038739681244,4.050570487976074,6.690534925460815,2.851505821611142,246
SLB,Schlumberger,Energy,2026-09-06,2026-09-04,2025-08-29,0.5460205078125,0.45625,0.642578125,1.1586885897618584,19.159899039828847,2.045295305347407,4.066392299196481,15.63940787784529,22.791953152301556,True,,0.12890625,20,0.2,64,512,-0.0008143010025378316,0.0007471376447938383,0.0022305511287413534,0.020996678434312344,0.023403774946928024,0.02485110517591238,0.5222421497106552,0.5500854849815369,0.6094263195991516,3.2530943393707275,4.47470760345459,7.53765549659729,2.849808898666188,247
WDC,Western Digital,Information Technology,2026-09-06,2026-09-04,2025-08-29,0.601226806640625,0.4205078125,0.7772460937499999,2.489822035857203,21.149794032275025,1.766298888968593,4.800190811049359,16.02194451903186,24.43468870644565,False,prior:mean_pct; prior:volatility_pct; prior:q01_pct; prior:q99_pct; posterior:mean_pct; posterior:volatility_pct; posterior:q01_pct; posterior:q99_pct; sigma posterior at training boundary,0.982421875,20,0.2,64,512,-0.0005180127365747467,0.0014648273354396224,0.0037676392006687816,0.024751580506563186,0.02498948760330677,0.024998858757317065,0.7039944380521774,0.742746502161026,0.7713643223047256,10.3257972240448,11.918603420257568,11.999454164505005,2.8427076203349326,248
MAR,Marriott International,Consumer Discretionary,2026-09-06,2026-09-04,2025-08-29,0.463653564453125,0.32958984375,0.63330078125,-0.6998425832086816,16.34593463639761,1.9223132567917474,4.885380200150592,12.723660075705157,18.67717878890734,True,,0.00390625,20,0.2,64,512,-0.001406104670604691,3.6844077840214595e-05,0.0014126369496807456,0.015827559866011143,0.01774662733078003,0.02133562546223402,0.5218591690063477,0.5443661212921143,0.5990355998277664,3.077311134338379,5.022834300994873,9.343622207641602,2.836506903806554,249
JBHT,J.B. Hunt,Industrials,2026-09-06,2026-09-04,2025-08-29,0.528167724609375,0.37529296875,0.6830078125,0.6571741018019497,18.730237694350382,1.8138770431372828,4.837921715525738,14.68029094616993,21.905347494257317,True,,0.052734375,20,0.2,64,512,-0.0006860309251351281,0.0009060899610631168,0.0025528835831210017,0.01963575426489115,0.021889062598347664,0.02463576141744852,0.5252514600753784,0.5621200799942017,0.6222887545824051,3.2848554730415342,4.6224119663238525,8.237155294418335,2.819866641461185,250
DVA,DaVita,Health Care,2026-09-06,2026-09-04,2025-08-29,0.5408935546875,0.433984375,0.62080078125,0.9173067430409689,19.21115704732144,2.0179618950928413,3.864990143585223,15.513732779430795,23.75672292068176,True,,0.0703125,20,0.2,64,512,-0.0008446493680821732,0.0006746142171323299,0.0021367007051594556,0.019440338667482137,0.022650131955742836,0.02473345510661602,0.5290422052145004,0.5671549737453461,0.6338607907295227,2.8112242817878723,3.3032220602035522,4.6625665664672855,2.8155178439026676,251
FFIV,"F5, Inc.",Information Technology,2026-09-06,2026-09-04,2025-08-29,0.542449951171875,0.39873046875,0.6725585937499998,1.1036330843152922,19.37079160763609,1.888931664013196,4.389371929681207,15.56623925956299,22.18052681227683,True,,0.123046875,20,0.2,64,512,-0.0006050672440323978,0.0009172681602649391,0.0024550600443035363,0.020871959812939166,0.02305995300412178,0.024842335656285287,0.5317007273435592,0.5878770649433136,0.6512759417295456,3.775256061553955,5.669840574264526,10.120875263214112,2.8003499400511735,252
PKG,Packaging Corporation of America,Materials,2026-09-06,2026-09-04,2025-08-29,0.474853515625,0.3271484375,0.6126953125,-0.5044302277153687,16.969912846610157,1.8029917177111807,4.324975271396013,12.941312393668685,19.528821163319158,True,,0.009765625,20,0.2,64,512,-0.0012748092296533287,4.5325856262934394e-05,0.0013947098341304807,0.01629165280610323,0.018696216866374016,0.023490438796579836,0.5234743893146515,0.5521624088287354,0.615841519832611,2.6984190583229064,3.8099499940872192,6.765618181228637,2.7982083344632787,253
UNH,UnitedHealth Group,Health Care,2026-09-06,2026-09-04,2025-08-29,0.508331298828125,0.38369140625,0.6449218749999999,0.16911266256532959,18.169730083619672,1.85021570315578,4.399950122651661,14.525424506500267,21.539387218483224,False,posterior:q01_pct,0.025390625,20,0.2,64,512,-0.0009865166910458356,0.0004845194926019758,0.002023727854248136,0.018588127847760916,0.020901042968034744,0.02400736156851053,0.5227499306201935,0.5464606285095215,0.601660892367363,3.056237018108368,4.257048606872559,7.293871736526489,2.7976821696784286,254
LHX,L3Harris,Industrials,2026-09-06,2026-09-04,2025-08-29,0.466033935546875,0.32841796875,0.6291015624999999,-0.7292201849524613,16.66888778500033,1.801322793578237,4.645061247914881,13.055500459254526,19.27440880675918,True,,0.001953125,20,0.2,64,512,-0.0015744313306640834,-5.9202100601396523e-05,0.0015951913606841116,0.016493631061166525,0.01823371835052967,0.020585827715694904,0.5254746586084366,0.5600282549858093,0.6174413979053497,4.34355206489563,7.67186164855957,11.273602962493896,2.7958310209889374,255
INCY,Incyte,Health Care,2026-09-06,2026-09-04,2025-08-29,0.531585693359375,0.399609375,0.68046875,0.6965361995554644,19.039751086028712,1.940215232441098,5.245772994663766,13.616049273500256,22.052362943842756,True,,0.0546875,20,0.2,64,512,-0.0009125581564148888,0.0006334595382213593,0.0020633084117434915,0.01923759374767542,0.021732937544584274,0.0246158204972744,0.5248279124498367,0.5652104318141937,0.6299866884946823,3.034600782394409,4.03471827507019,6.901075983047484,2.791978166928087,256
PPG,PPG Industries,Materials,2026-09-06,2026-09-04,2025-08-29,0.4976806640625,0.395703125,0.62470703125,-0.04244654529267349,17.831921898183893,1.9036450885305607,4.487791987352444,13.787266724108102,21.196946397194015,True,,0.005859375,20,0.2,64,512,-0.0009659068746259436,0.00027695600874722004,0.0018125046102795749,0.017836511600762606,0.019665811210870743,0.02194529939442873,0.5779319256544113,0.6415908336639404,0.6938027918338776,4.235689878463745,7.527885913848877,11.35550789833069,2.7909535882006455,257
MMM,3M,Industrials,2026-09-06,2026-09-04,2025-08-29,0.457916259765625,0.3599609375,0.56416015625,-0.7674916110347261,16.434619180485008,1.9374779958668455,3.9550579960889394,12.74072134209071,20.185606256001883,False,posterior:q01_pct,0.00390625,20,0.2,64,512,-0.0015110822801943868,-0.00017954613576876,0.0010874793282710014,0.015312755526974798,0.01718257460743189,0.021122096851468087,0.5265411049127579,0.5664171874523163,0.6354685306549072,3.0577011704444885,4.853798151016235,9.686250638961791,2.786290663244387,258
GOOGL,Alphabet Inc. (Class A),Communication Services,2026-09-06,2026-09-04,2025-08-29,0.5162353515625,0.38876953125,0.654296875,0.34409023906234476,18.581335139121784,2.03962625010658,4.3865836522657,14.437369266356376,22.320058812775056,True,,0.025390625,20,0.2,64,512,-0.0008808375016087667,0.000396809060475789,0.0018346806580666452,0.018560460209846495,0.021366992965340614,0.024205660074949266,0.5479853451251984,0.6101522147655487,0.6776825010776519,2.9195688009262084,4.025827884674072,6.780950212478637,2.7782468143292904,259
FCX,Freeport-McMoRan,Materials,2026-09-06,2026-09-04,2025-08-29,0.5665283203125,0.44033203125,0.7347656249999999,1.8508041383417995,20.43911200747984,1.9187354007798758,4.363223754219482,16.15526985064229,22.84123688280958,False,posterior:volatility_pct; sigma posterior at training boundary,0.900390625,20,0.2,64,512,-0.0005785846879007295,0.0012714372714981437,0.0032136202557012435,0.024443310871720313,0.024941854178905487,0.024996660090982913,0.5591497927904129,0.6244521737098694,0.672956109046936,6.961494493484497,10.4778470993042,11.891230964660645,2.7717853892340085,260
BIIB,Biogen,Health Care,2026-09-06,2026-09-04,2025-08-29,0.527801513671875,0.43056640625,0.64619140625,0.6907491545116164,19.07669407484195,2.0544041494974965,4.354408012198207,14.292254180356789,22.02522796318663,True,,0.052734375,20,0.2,64,512,-0.000824922404717654,0.0007561912352684885,0.0023351334850303827,0.02037767628207803,0.02269517071545124,0.024623594619333743,0.5233002036809922,0.5531928241252899,0.6194362193346024,3.704452323913574,5.271312952041626,9.396753406524658,2.7667346952317673,261
RMD,ResMed|,Health Care,2026-09-06,2026-09-04,2025-08-29,0.475799560546875,0.32880859375,0.61689453125,-0.4866992814194891,17.19874418961873,1.800976751964605,4.494543544761462,13.57059422436325,20.171172078173516,True,,0.00390625,20,0.2,64,512,-0.001489110052352771,-7.580813689855859e-05,0.0013773241895250975,0.01643814900889993,0.018274670466780663,0.02078129891306162,0.5727209061384201,0.6368016004562378,0.6914662897586822,4.030265355110169,7.633884906768799,11.265513801574706,2.7664785015761244,262
WTW,Willis Towers Watson,Financials,2026-09-06,2026-09-04,2025-08-29,0.502716064453125,0.375390625,0.6017578124999999,0.044863917544069216,18.243552280851937,1.7284342597940674,4.465574432597985,12.555495651502985,22.44345880149407,True,,0.017578125,20,0.2,64,512,-0.0009267389104934409,0.0002674365241546184,0.0013937389943748711,0.016285604797303677,0.01950802467763424,0.0240259638056159,0.5506497651338578,0.6286189258098602,0.691575688123703,2.5551786541938784,3.2069092988967896,4.933187532424927,2.755582118624812,263
GLW,Corning Inc.,Information Technology,2026-09-06,2026-09-04,2025-08-29,0.59039306640625,0.4171875,0.7669921875,2.0550277098941416,21.53957965723728,1.6296908844765516,4.573397977589061,16.687366261417072,25.448591164591445,False,prior:volatility_pct; prior:q01_pct; prior:q99_pct; posterior:volatility_pct; posterior:q01_pct; posterior:q99_pct; sigma posterior at training boundary,0.95703125,20,0.2,64,512,-0.0005349992279661819,0.001357740955427289,0.0033917913795448824,0.024672002345323563,0.024969084188342094,0.024998047947883607,0.7140340298414231,0.7538962066173553,0.7800683557987214,9.845472288131713,11.835968494415283,11.99814682006836,2.7409683745052957,264
SOLV,Solventum,Health Care,2026-09-06,2026-09-04,2025-08-29,0.4910888671875,0.3697265625,0.6776367187499996,-0.18446606947158922,17.947803024448984,1.7899874382504053,4.71586097718781,12.878099007094256,20.62888684557862,True,,0.005859375,20,0.2,64,512,-0.0011921982397325337,0.0002403991893515922,0.0017173212661873547,0.017680162191390993,0.019776285625994205,0.023031075485050678,0.5393153458833695,0.5993384122848511,0.6645798921585083,3.439341497421265,5.366035223007202,10.758113527297974,2.736206022088193,265
ETN,Eaton Corporation,Industrials,2026-09-06,2026-09-04,2025-08-29,0.536224365234375,0.3830078125,0.674609375,0.9448019628838125,19.68481521123066,1.738853361048816,4.103880756286923,15.316095985755895,22.783324269247892,True,,0.140625,20,0.2,64,512,-0.0009059689589776098,0.000809091201517731,0.0024701538146473466,0.021893802843987942,0.023706134408712387,0.024851993098855017,0.540337759256363,0.6032454967498779,0.6642358928918839,5.055121684074402,8.078333377838135,11.522680139541626,2.7240507948911103,266
STE,Steris,Health Care,2026-09-06,2026-09-04,2025-08-29,0.454559326171875,0.32060546875,0.596484375,-0.8248818230338348,16.693954140783866,1.7204208829831609,5.036701483866295,11.726618431347863,21.77410702257282,True,,0.00390625,20,0.2,64,512,-0.001444554392946884,-0.0002396052223048173,0.001047385635320097,0.014873912930488587,0.01701645366847515,0.021768036670982836,0.542198994755745,0.6173458397388458,0.6713731527328491,2.730542778968811,4.068040370941162,7.695708513259887,2.7228978966784867,267
OXY,Occidental Petroleum,Energy,2026-09-06,2026-09-04,2025-08-29,0.5234375,0.40458984375,0.65478515625,0.5931048692568777,19.236410536103666,1.9637880757446669,4.394523044467921,14.901444537885421,22.21347253337039,True,,0.078125,20,0.2,64,512,-0.0009678441972937434,0.0005841527890879661,0.0022230707108974452,0.020722248032689093,0.0228288471698761,0.024755437672138215,0.5267212331295014,0.5681713223457336,0.6289766818284989,4.214688682556153,6.572063446044922,10.951534748077393,2.721076777902985,268
ANET,Arista Networks,Information Technology,2026-09-06,2026-09-04,2025-08-29,0.554718017578125,0.39453125,0.7255859374999999,1.5450818390259748,20.408361474266332,1.594835844439162,4.472528280698948,16.178588344675696,24.307898201562917,False,posterior:volatility_pct; posterior:q01_pct; posterior:q99_pct; sigma posterior at training boundary,0.935546875,20,0.2,64,512,-0.0011137509252876043,0.0007227728783618659,0.0030125141143798827,0.024551031924784184,0.024965636432170868,0.02499749045819044,0.5581218540668488,0.6180597841739655,0.6670917481184006,8.47920536994934,10.990842342376709,11.966901826858521,2.7180918873746416,269
SPGI,S&P Global,Financials,2026-09-06,2026-09-04,2025-08-29,0.5025634765625,0.38125,0.6443359374999998,0.04786401258906076,18.539695028393062,1.7290622566513656,4.1304788530950285,13.912166347141259,22.57044203701053,True,,0.03125,20,0.2,64,512,-0.0012131998199038207,0.000211818034586031,0.001587668468710035,0.017262046225368977,0.020250165835022926,0.024360417015850545,0.5597323775291443,0.6308133900165558,0.6857107162475585,2.749598431587219,3.6780753135681152,6.567940282821654,2.710742953391828,270
ADI,Analog Devices,Information Technology,2026-09-06,2026-09-04,2025-08-29,0.527099609375,0.3892578125,0.6786132812499999,0.5857866821230242,19.46219401663641,1.715909233601699,3.9393216791840513,15.939866616278975,22.249837752843188,True,,0.0390625,20,0.2,64,512,-0.0008782771765254438,0.000603388762101531,0.002390288293827325,0.02051376421004534,0.02285565622150898,0.024527826346457005,0.6046687245368958,0.6652961671352386,0.7126715540885925,4.628584289550782,7.980368137359619,11.574288940429687,2.7083257361653668,271
CCI,Crown Castle,Real Estate,2026-09-06,2026-09-04,2025-08-29,0.4814453125,0.33515625,0.61689453125,-0.36768569195946826,17.811800991728493,1.7186876270939413,4.251166887009911,13.460255133928817,21.12784501446582,True,,0.0,20,0.2,64,512,-0.0012581593415234237,0.00013653554924530908,0.0014994189725257457,0.01740382695570588,0.01933832187205553,0.021571854129433632,0.5931644082069397,0.6551113724708557,0.7078213959932327,4.377766847610474,7.716452598571777,11.509126281738281,2.702956948169224,272
DD,DuPont,Industrials,2026-09-06,2026-09-04,2025-08-29,0.4951171875,0.37119140625,0.640625,-0.10226388248258927,18.404535003264435,1.8521499890016795,4.869187268611065,13.432598965618507,21.458416888852412,True,,0.005859375,20,0.2,64,512,-0.0013405569712631404,0.00022221509425435215,0.0018757268961053341,0.017986374162137508,0.020083148032426834,0.023048157058656215,0.5373777896165848,0.5976331532001495,0.6613729476928711,3.5429175734519958,5.943080425262451,10.437731647491455,2.6901912349982244,273
CMCSA,Comcast,Communication Services,2026-09-06,2026-09-04,2025-08-29,0.49334716796875,0.39482421875,0.61884765625,-0.1533803619191308,18.385067279032295,1.9139263529789259,4.0815493167206744,14.54101265923751,21.489393064800478,True,,0.017578125,20,0.2,64,512,-0.0010491695546079427,0.00026329698448535055,0.0015854924044106154,0.017257082927972078,0.019741397351026535,0.02390930224210024,0.5634152680635452,0.6302884817123413,0.6925427407026291,2.8725542426109314,4.093859672546387,7.568305015563964,2.6834123611361487,274
J,Jacobs Solutions,Industrials,2026-09-06,2026-09-04,2025-08-29,0.505859375,0.3951171875,0.6561523437499999,0.12879196955896138,18.852494577655932,1.8108485558502851,4.571725826496367,13.843478699743454,22.484974179456465,True,,0.029296875,20,0.2,64,512,-0.0009455369174247608,0.0002889563183998689,0.0018610418308526277,0.01836069030687213,0.020846975967288017,0.024209105409681797,0.5682954341173172,0.6377795934677124,0.7004363924264908,3.278904139995575,4.866291046142578,9.697812128067016,2.6832490146929784,275
A,Agilent Technologies,Health Care,2026-09-06,2026-09-04,2025-08-29,0.502655029296875,0.39150390625,0.6324218749999999,0.0578083133773501,18.739429408922927,1.9070082909068624,4.3299650975726065,14.238361476470338,22.07481405282687,True,,0.041015625,20,0.2,64,512,-0.001376361132133752,0.00017061583639588207,0.00155549916671589,0.017806390766054392,0.020833171904087067,0.024464146979153157,0.5221766352653503,0.5463129281997681,0.6054368734359741,2.8191624164581297,3.5854694843292236,5.669987773895263,2.6823390313983193,276
HCA,HCA Healthcare,Health Care,2026-09-06,2026-09-04,2025-08-29,0.509918212890625,0.376953125,0.6455078124999999,0.22574300812318054,19.017041035291893,1.735626695849454,4.362251384029826,14.313193796467836,22.46389699852643,True,,0.044921875,20,0.2,64,512,-0.0010578620596788824,0.0003243933606427163,0.0017520230554509905,0.017981343995779754,0.021014468744397163,0.02452439647167921,0.5302910804748535,0.588816910982132,0.6580747038125991,2.744393193721771,3.5267443656921387,6.440496587753295,2.6813751516038535,277
XYL,Xylem Inc.,Industrials,2026-09-06,2026-09-04,2025-08-29,0.434906005859375,0.31865234375,0.5997070312499999,-1.1837604324291926,16.26427716728924,1.810563353059078,4.935133649316842,11.692642814488039,19.531347617767164,True,,0.001953125,20,0.2,64,512,-0.0015680718701332808,-0.00041936238994821906,0.0008630358730442821,0.014746722718700766,0.01628050021827221,0.019300267472863196,0.5614939302206039,0.6234768033027649,0.6797729104757309,3.3889552474021913,6.4517340660095215,11.180560207366943,2.6739952927884136,278
GOOG,Alphabet Inc. (Class C),Communication Services,2026-09-06,2026-09-04,2025-08-29,0.5052490234375,0.34853515625,0.6375,0.10603833799761614,18.900770128279778,1.6048360545837634,4.182561061594329,13.784750588731914,23.034456517926245,True,,0.041015625,20,0.2,64,512,-0.0010045332601293921,0.0003173091390635818,0.0017457743058912453,0.01820406187325716,0.02120920643210411,0.024471907690167428,0.5401159137487411,0.6080897748470306,0.6703650236129761,2.866928553581238,3.93540620803833,6.8126620769500725,2.6731663313630514,279
FERG,Ferguson Enterprises,Industrials,2026-09-06,2026-09-04,2025-08-29,0.495758056640625,0.32236328125,0.6299804687499999,-0.1061855668460952,18.562428367181155,1.5274264654121572,4.185736711400302,14.412095997672889,22.44007193666543,True,,0.013671875,20,0.2,64,512,-0.0015056893578730523,0.00012556651199702173,0.0015848091221414506,0.01896700169891119,0.020969722419977188,0.02350371852517128,0.5232174932956696,0.5523358583450317,0.6099841088056565,3.7068000078201293,5.8183581829071045,10.502802515029908,2.670760779969596,280
LRCX,Lam Research,Information Technology,2026-09-06,2026-09-04,2025-08-29,0.575439453125,0.37978515625,0.7862304687499999,1.8241148652382466,21.55391431708079,1.5391063515850307,4.830013659540139,15.910356580665704,24.86842834372199,False,prior:mean_pct; prior:volatility_pct; prior:q01_pct; posterior:volatility_pct; sigma posterior at training boundary,0.998046875,20,0.2,64,512,-0.0007662834366783499,0.0013223624555394053,0.0035479769576340914,0.024859156645834445,0.02498840168118477,0.02499945629388094,0.6948869943618774,0.733542412519455,0.7638159811496734,9.829625272750855,11.824312686920166,11.995460891723633,2.6697677491878244,281
FLEX,Flex Ltd.,Information Technology,2026-09-06,2026-09-04,2025-08-29,0.55914306640625,0.39541015625,0.71650390625,1.5546708563171532,20.990137106561512,1.608532540805828,4.224131222248587,16.628025681233307,25.03935590337062,False,prior:volatility_pct; posterior:volatility_pct; posterior:q01_pct; sigma posterior at training boundary,0.958984375,20,0.2,64,512,-0.0007653144188225269,0.0010722900042310357,0.003199190564919263,0.02463771253824234,0.024968281388282776,0.024998096004128455,0.6367928415536881,0.6791456937789917,0.7208465516567231,8.580018711090087,11.173772811889648,11.967139053344727,2.6638371324952517,282
UHS,Universal Health Services,Health Care,2026-09-06,2026-09-04,2025-08-29,0.4913330078125,0.3701171875,0.6251953124999999,-0.19795809846114826,18.452556927775476,1.9181696108601154,4.147045436976354,14.437681802992747,21.17805948326299,True,,0.029296875,20,0.2,64,512,-0.00128321701195091,8.553290172130801e-05,0.0014930739533156156,0.01800296865403652,0.02055363729596138,0.024295456521213055,0.5235198676586151,0.5569604933261871,0.623357966542244,2.852711522579193,3.957030773162842,6.503150558471679,2.662682520019365,283
DIS,Walt Disney Company (The),Communication Services,2026-09-06,2026-09-04,2025-08-29,0.441619873046875,0.302734375,0.60908203125,-1.1159584732918335,16.590616311299357,1.5747624122725798,4.570132427481235,12.503260012251866,19.244265350580868,True,,0.005859375,20,0.2,64,512,-0.0016931730031501501,-0.0004142884135944769,0.0009289192967116831,0.01496332841925323,0.01672668755054474,0.01990576647222042,0.53448965549469,0.5916537344455719,0.6595535695552825,3.397027540206909,5.831852436065674,10.775741624832154,2.661865386797604,284
DOV,Dover Corporation,Industrials,2026-09-06,2026-09-04,2025-08-29,0.446014404296875,0.30859375,0.5738281249999999,-1.036942609501562,16.777994377983788,1.597076531613591,4.4117364118749185,12.582738054595065,19.950217931080783,True,,0.00390625,20,0.2,64,512,-0.001537046063458547,-0.00022326668840833008,0.001011822558939457,0.015282318834215403,0.017525268718600273,0.022218526341021057,0.5285118788480758,0.5795867741107941,0.6424134135246277,2.755717861652374,4.359529256820679,8.16026406288147,2.658329680227683,285
AES,AES Corporation,Utilities,2026-09-06,2026-09-04,2025-08-29,0.52880859375,0.42666015625,0.6424804687499999,0.2447407010273796,19.897456104536953,1.778171724715674,3.9172804569663118,14.82140895136558,27.108988090539736,True,,0.052734375,20,0.2,64,512,-9.943957629729994e-05,0.0003080216993112117,0.0007827035267837345,0.016315073240548372,0.020754078403115273,0.024634614959359168,0.8682610511779785,0.89091756939888,0.8991612762212753,2.3502793192863463,2.741921901702881,4.012735629081726,2.657669357186936,286
PAYX,Paychex,Industrials,2026-09-06,2026-09-04,2025-08-29,0.452728271484375,0.33623046875,0.5889648437499999,-0.8927811776742287,17.053963660439724,1.841641583952111,4.256044439649093,13.568782621511799,20.034892634375908,True,,0.001953125,20,0.2,64,512,-0.0017357313830871136,-0.00027402909472584724,0.0010426764958538113,0.016302512865513562,0.018026016652584076,0.020602049585431815,0.544650810956955,0.6069668829441071,0.6709081172943115,3.8025129675865172,7.192987442016602,11.243317317962646,2.654680639050346,287
CMI,Cummins,Industrials,2026-09-06,2026-09-04,2025-08-29,0.52349853515625,0.3814453125,0.6677734374999998,0.5503053297202467,19.7950287554218,1.5644236742712048,4.033961825683351,15.58165885539275,22.770164213277035,True,,0.095703125,20,0.2,64,512,-0.001032692746957764,0.0007626345905009657,0.002418957964982837,0.02130771279335022,0.023402435705065727,0.02475649993866682,0.5579893857240676,0.6208711266517639,0.6737751066684723,4.3664891719818115,6.670524597167969,10.974952459335327,2.64459598227593,288
MU,Micron Technology,Information Technology,2026-09-06,2026-09-04,2025-08-29,0.583892822265625,0.40625,0.7423828124999999,1.9364404070646435,22.172522080891678,1.6832813294929025,4.349139492780274,16.75012177683541,27.54853436327105,False,prior:mean_pct; prior:volatility_pct; prior:q01_pct; prior:q99_pct; posterior:mean_pct; posterior:volatility_pct; posterior:q01_pct; posterior:q99_pct; sigma posterior at training boundary,0.9765625,20,0.2,64,512,-0.000874528122949414,0.0008684717467986047,0.0032958601135760547,0.024709564819931983,0.024986399337649345,0.02499830089509487,0.7111985087394714,0.7515053451061249,0.7761624246835709,10.394939994812011,11.91333818435669,11.999137735366821,2.6334073324424603,289
APA,APA Corporation,Energy,2026-09-06,2026-09-04,2025-08-29,0.53369140625,0.3890625,0.6889648437499998,0.9572888413962202,20.268240304276404,1.6671758866307045,4.553207566699832,14.822552635272476,23.88777273670065,False,posterior:volatility_pct; sigma posterior at training boundary,0.810546875,20,0.2,64,512,-0.0011794185498729347,0.0008400820952374488,0.003022875578608364,0.024036524817347527,0.024899780750274658,0.024993940815329553,0.5260094970464706,0.5661098957061768,0.6242908388376236,6.856622266769409,9.806310176849365,11.844135618209839,2.633141300073279,290
DE,Deere & Company,Industrials,2026-09-06,2026-09-04,2025-08-29,0.5001220703125,0.39267578125,0.6518554687499998,0.0050283305926381375,19.000433868429845,1.8605841829915306,4.028920374669696,15.305824636244228,23.022089317840397,True,,0.033203125,20,0.2,64,512,-0.0012733271345496179,0.00011759471817640588,0.0017225586925633252,0.018347572628408672,0.020926056429743767,0.024445206858217716,0.5268621325492859,0.570875495672226,0.634689113497734,2.916384959220886,3.852867364883423,6.682581424713135,2.632161316818546,291
PCAR,Paccar,Industrials,2026-09-06,2026-09-04,2025-08-29,0.451812744140625,0.3208984375,0.59541015625,-0.9992650339660067,17.189615820255284,1.7542429250371705,4.46048552020877,12.982836864526073,20.355483181271733,True,,0.00390625,20,0.2,64,512,-0.0017815876111853869,-0.0003010534419445321,0.00112627986818552,0.01614288752898574,0.01804034411907196,0.020564839243888855,0.5220145434141159,0.5418087542057037,0.5970026612281799,3.472340226173401,6.3794989585876465,10.721101665496827,2.62840513054535,292
AZO,AutoZone,Consumer Discretionary,2026-09-06,2026-09-04,2025-08-29,0.472442626953125,0.3052734375,0.6117187499999999,-0.5859516693219988,17.99639022146006,1.5292921226284197,4.510515441758073,13.440623494503281,22.141341568058774,True,,0.009765625,20,0.2,64,512,-0.001717112259939313,-0.00018560726311989129,0.001199508417630568,0.01707594599574804,0.019220860674977303,0.023006791621446608,0.5316361129283905,0.5834037661552429,0.6489717900753021,3.0575474381446837,4.9753499031066895,9.838993787765503,2.6252077285463273,293
AOS,A. O. Smith,Industrials,2026-09-06,2026-09-04,2025-08-29,0.43878173828125,0.274609375,0.59541015625,-1.1614953496945188,16.772661716979425,1.421439285285692,4.4360221703080285,12.851310128575866,20.283702040214628,True,,0.001953125,20,0.2,64,512,-0.001952941418858245,-0.00044698582496494055,0.0009285967476898799,0.0160933218896389,0.017756294459104538,0.020138039346784355,0.5285906314849853,0.5719976127147675,0.6348067671060562,4.040830659866333,7.0828070640563965,10.935917854309082,2.6160531088339978,294
BDX,Becton Dickinson,Health Care,2026-09-06,2026-09-04,2025-08-29,0.423736572265625,0.28408203125,0.5577148437499999,-1.3574627781596014,16.24128587668788,1.472469204738468,4.16373197092382,13.125222069228112,19.684105848688183,True,,0.00390625,20,0.2,64,512,-0.0017705444304738193,-0.0005278884200379252,0.0006957285630051046,0.014965407084673643,0.016707475297152996,0.02055833749473095,0.5382049858570099,0.6004225015640259,0.6624416381120681,3.072008454799652,5.474241256713867,9.920697689056395,2.609008766195294,295
GIS,General Mills,Consumer Staples,2026-09-06,2026-09-04,2025-08-29,0.45135498046875,0.283203125,0.6218749999999997,-0.9808866909784162,17.393030772591654,1.29649753282173,4.497687488610279,13.728119239075227,20.525298458894316,True,,0.00390625,20,0.2,64,512,-0.001804840675322339,-0.00021085215848870575,0.0011631040542852131,0.016341118887066842,0.018058553338050842,0.020758210122585295,0.5361900150775909,0.5949768722057343,0.6561008334159851,4.017631316184998,7.206395149230957,11.104048824310302,2.5950335302114556,296
MTD,Mettler Toledo,Health Care,2026-09-06,2026-09-04,2025-08-29,0.468780517578125,0.3033203125,0.57392578125,-0.6564965984535762,18.138572459625514,1.4769623547043835,3.600755532186434,14.64233598993048,21.396408876752133,True,,0.0078125,20,0.2,64,512,-0.0014810722263064236,-7.13600056769792e-05,0.0013307365996297448,0.017570160143077374,0.019961646758019924,0.02321868650615215,0.5363813310861587,0.6010540127754211,0.6614838898181915,3.175325059890747,5.046306610107422,9.300696372985838,2.584439975205212,297
NVDA,Nvidia,Information Technology,2026-09-06,2026-09-04,2025-08-29,0.512847900390625,0.38154296875,0.6636718749999999,0.37374796680853545,19.846907000556676,1.7060630777902206,4.295899683591802,15.880387260232634,22.374615593910303,True,,0.279296875,20,0.2,64,512,-0.0010723650164436549,0.00045959388080518693,0.002433167630806565,0.0225604509934783,0.024160107597708702,0.024927768297493456,0.5227796763181687,0.5483604073524475,0.6001394033432007,5.398147821426392,8.686490058898926,11.651924562454223,2.5840192649476332,298
GNRC,Generac,Industrials,2026-09-06,2026-09-04,2025-08-29,0.536102294921875,0.4126953125,0.6537109375,0.9767879167643436,20.769604518666767,1.6813355367625484,3.6550211632961265,17.503239500453315,23.945407100627616,False,posterior:volatility_pct; sigma posterior at training boundary,0.876953125,20,0.2,64,512,-0.0012449284375179559,0.000560133223189041,0.002603605424519627,0.02434392459690571,0.02493189089000225,0.02499316241592169,0.5517261505126954,0.6110199391841888,0.6611591875553131,7.041795158386231,10.138168811798096,11.85201849937439,2.5811868225032923,299
APD,Air Products,Materials,2026-09-06,2026-09-04,2025-08-29,0.45367431640625,0.3228515625,0.6026367187499999,-0.8866735683262292,17.614055876943862,1.6315910352207288,4.374103769338013,13.333408153714815,21.936672473575854,True,,0.01171875,20,0.2,64,512,-0.0014921250229235738,-0.00022686269949190319,0.00107005211757496,0.014696796517819166,0.017911171540617943,0.023401849530637262,0.5228756576776504,0.5466526746749878,0.6140334844589234,2.440304529666901,3.112871766090393,4.631131052970886,2.5756379994234755,300
MSFT,Microsoft,Information Technology,2026-09-06,2026-09-04,2025-08-29,0.48101806640625,0.33583984375000003,0.6151367187499999,-0.384399788619688,18.705230874947908,1.5275780123833869,3.8488555314530997,14.980342546953043,21.785451229028677,True,,0.013671875,20,0.2,64,512,-0.0012896367989014834,4.859841828874778e-05,0.001429756078869104,0.017632514890283345,0.020194707438349724,0.02374015189707279,0.604272922873497,0.665513813495636,0.725013741850853,2.9703722476959227,4.495172739028931,8.65672879219055,2.5715697904081045,301
CHRW,C.H. Robinson,Industrials,2026-09-06,2026-09-04,2025-08-29,0.52691650390625,0.40048828125,0.6522460937499999,0.6490106071730952,20.519549496270212,1.6917354874111845,3.818153751041223,17.05737620121646,23.643724132958955,True,,0.189453125,20,0.2,64,512,-0.0006901869841385633,0.000683212885633111,0.002195813809521496,0.02087432648986578,0.023622799664735794,0.02493347767740488,0.558867210149765,0.6316537261009216,0.6904023885726929,2.9755616664886473,3.5738823413848877,4.895169258117676,2.5678755959141615,302
GM,General Motors,Consumer Discretionary,2026-09-06,2026-09-04,2025-08-29,0.49066162109375,0.3658203125,0.6522460937499996,-0.20603732517274193,19.156818541477904,1.670935109122917,3.8956878420419336,14.519876108437641,22.872461490586964,True,,0.0625,20,0.2,64,512,-0.0011358522519003599,0.00030782795511186123,0.001791581849101931,0.018546592444181442,0.021215541288256645,0.024741858057677747,0.5271257400512696,0.5671387910842896,0.6327924817800522,2.8824523210525514,3.8667049407958984,6.895992803573607,2.5612897049235013,303
NOC,Northrop Grumman,Industrials,2026-09-06,2026-09-04,2025-08-29,0.431732177734375,0.26796875,0.5833984375,-1.274261276397681,16.864333045289897,1.4149684897201629,4.19782826825622,12.89606914226114,20.094208939902668,True,,0.0,20,0.2,64,512,-0.001632679282920435,-0.0003700171073433012,0.0009698573965579271,0.015476093720644712,0.01735507883131504,0.02091385219246149,0.5376792579889298,0.6056335270404816,0.6626906663179397,3.281044840812683,5.729628324508667,10.681410264968871,2.5600311413142727,304
DXCM,Dexcom,Health Care,2026-09-06,2026-09-04,2025-08-29,0.51873779296875,0.3873046875,0.6338867187499999,0.46958786974495864,20.28981692327475,1.6710115482706016,3.983485743949481,16.269887696777843,23.766273309744555,True,,0.265625,20,0.2,64,512,-0.0012448260968085378,0.00026062015967909247,0.0019219645066186784,0.02207267712801695,0.024061065167188644,0.02493282351642847,0.5304500728845596,0.58530592918396,0.6483551174402237,3.534690225124359,4.67485499382019,7.60125765800476,2.55664107236817,305
KR,Kroger,Consumer Staples,2026-09-06,2026-09-04,2025-08-29,0.440643310546875,0.3078125,0.58837890625,-1.1641681627618359,17.2484654040346,1.7077635223223204,4.313257662544305,13.349112338858959,19.61491538641877,True,,0.00390625,20,0.2,64,512,-0.0018345494987443089,-0.0004228802863508463,0.0010961188818328076,0.016539823822677137,0.01828095130622387,0.02078420128673315,0.5416335314512253,0.6068010926246643,0.6702642977237702,4.074758863449096,7.6274495124816895,11.33765926361084,2.5546812439546294,306
CRWD,CrowdStrike,Information Technology,2026-09-06,2026-09-04,2025-08-29,0.534759521484375,0.3947265625,0.6932617187499999,0.9099128508049172,20.93866628803188,1.7435383663750994,4.080907618673707,16.776452996030347,23.78960560398661,False,prior:q99_pct; posterior:volatility_pct; posterior:q99_pct; sigma posterior at training boundary,0.849609375,20,0.2,64,512,-0.0007560411235317588,0.0010109861032105982,0.002959579334128648,0.02433161623775959,0.02492053061723709,0.024995172582566737,0.5822124391794204,0.6426642835140228,0.6902686476707458,6.977804565429688,9.988443851470947,11.903133630752563,2.5539330639699473,307
LITE,Lumentum,Information Technology,2026-09-06,2026-09-04,2025-08-29,0.5545654296875,0.4060546875,0.73212890625,1.283880531870896,21.797935303758297,1.7171647518582218,4.05273477606582,17.16477658988508,24.417076063144044,False,prior:mean_pct; prior:volatility_pct; prior:q01_pct; prior:q99_pct; posterior:mean_pct; posterior:volatility_pct; posterior:q01_pct; posterior:q99_pct; sigma posterior at training boundary,0.99609375,20,0.2,64,512,-0.001027983397943899,0.0009778226958587766,0.0036735230474732815,0.024853954650461675,0.024994900450110435,0.024999288283288477,0.6820625483989715,0.7209500670433044,0.7511448979377746,11.447991704940796,11.978655338287354,11.999961328506469,2.544119073478874,308
OMC,Omnicom Group,Communication Services,2026-09-06,2026-09-04,2025-08-29,0.4971923828125,0.3697265625,0.615234375,-0.07059826207163039,19.55008621338039,1.6849392458345949,3.8556342656804303,15.858600773306364,22.562756713696217,True,,0.052734375,20,0.2,64,512,-0.001343010744312778,0.00021022909641033038,0.0018569727020803838,0.019565096125006676,0.02208094485104084,0.024625615030527116,0.5356286108493805,0.5986238420009613,0.6646850526332855,3.363420534133911,5.243311643600464,9.55723433494568,2.543172328683715,309
TMO,Thermo Fisher Scientific,Health Care,2026-09-06,2026-09-04,2025-08-29,0.464996337890625,0.3501953125,0.58369140625,-0.7472643462090254,18.286876206984576,1.764910781295329,3.700597639159454,14.990075173413455,21.091730302509557,True,,0.015625,20,0.2,64,512,-0.0014532424800563603,-4.351109964773059e-05,0.0014317646156996485,0.017173421289771795,0.01969216577708721,0.023613790050148964,0.5268419027328491,0.566340446472168,0.6322782933712006,2.826089787483215,4.016115188598633,6.903178215026855,2.5427871476103836,310
ORLY,O'Reilly Automotive,Consumer Discretionary,2026-09-06,2026-09-04,2025-08-29,0.42218017578125,0.28994140625,0.55048828125,-1.3658284028872367,16.64822804997648,1.5980216154693196,4.397919303159968,12.747372787835697,20.22020649419644,True,,0.001953125,20,0.2,64,512,-0.001820667355787009,-0.00043819559505209327,0.0008311508339829742,0.014774824539199472,0.016377643682062626,0.020761164277791976,0.5372732281684875,0.6090256571769714,0.6672992497682572,2.923735225200653,5.262393474578857,10.304920530319214,2.5358865490904083,311
CF,CF Industries,Materials,2026-09-06,2026-09-04,2025-08-29,0.52862548828125,0.40908203125,0.6358398437499999,0.7023942325928625,20.851580334682378,1.8190848940508177,3.5909305020043765,17.709330277373663,23.525877823646415,False,sigma posterior at training boundary,0.52734375,20,0.2,64,512,-0.0009938212926499546,0.0006669200374744833,0.002346621640026569,0.023526929318904877,0.024624789133667946,0.0249757619574666,0.595632129907608,0.6505694389343262,0.706967744231224,6.2532683372497555,9.142946243286133,11.848900699615479,2.535181889316987,312
VLTO,Veralto,Industrials,2026-09-06,2026-09-04,2025-08-29,0.392333984375,0.28271484375,0.5623046874999998,-1.70739717125577,15.48773374144637,1.6014349768890737,4.325763272032775,12.450515303305085,19.23473036743532,True,,0.0,20,0.2,64,512,-0.001743734726915136,-0.0006935523706488311,0.0005827919696457683,0.013213736936450005,0.015119864605367184,0.019002196565270423,0.5376077145338058,0.6042678654193878,0.6737950414419174,2.877663242816925,4.640497922897339,9.38154902458191,2.5331916917262336,313
HON,Honeywell Technologies,Industrials,2026-09-06,2026-09-04,2025-08-29,0.445404052734375,0.30019531250000003,0.5708984374999998,-1.013709964595266,17.595275987353013,1.7145548236778978,3.557594086346034,14.24849469313965,20.80347495984797,True,,0.00390625,20,0.2,64,512,-0.0017056016775313764,-0.0003958604793297127,0.0008688413916388519,0.015721907280385493,0.017975451424717903,0.02177624050527811,0.5689694821834564,0.6519462168216705,0.7101266980171204,3.0285693407058716,5.043516159057617,9.648631811141968,2.5313842934576236,314
MSCI,MSCI,Financials,2026-09-06,2026-09-04,2025-08-29,0.482147216796875,0.34716796875,0.60234375,-0.3523665425057441,19.056039409828443,1.6561394983728202,4.121050003129633,14.292520774813388,22.57300382493511,True,,0.02734375,20,0.2,64,512,-0.0012313416751567273,6.28476045676507e-05,0.0013265282672364261,0.017124929558485748,0.020171131938695908,0.024306366220116615,0.5434536457061767,0.6160533726215363,0.6829969823360443,2.5937567472457888,3.271859049797058,5.045361423492431,2.5301543853241624,315
ADSK,Autodesk,Information Technology,2026-09-06,2026-09-04,2025-08-29,0.520843505859375,0.38623046875,0.6439453125,0.4761234867933896,20.62145486889233,1.659103954722368,4.002474264476859,16.016182193851407,24.88512141786549,True,,0.125,20,0.2,64,512,-0.0010896298801526428,0.00038780040631536394,0.001825270109111443,0.0211713632568717,0.023367004469037056,0.02484857924282551,0.6199686348438262,0.6751463115215302,0.7259580314159393,3.7324712753295897,5.945506572723389,10.606020069122314,2.5257359830856196,316
ODFL,Old Dominion,Industrials,2026-09-06,2026-09-04,2025-08-29,0.508819580078125,0.3619140625,0.6564453124999999,0.2017361017520815,20.17075702984513,1.5552952555065211,4.013219781049315,16.01188656952528,23.376462204213304,True,,0.146484375,20,0.2,64,512,-0.0010810317879077047,0.0006256857886910439,0.0021611235104501245,0.021604990772902965,0.02351675182580948,0.024884234927594662,0.5291152209043503,0.5814018547534943,0.6420746833086014,3.9886091589927672,6.002651214599609,10.109764766693115,2.522560652162254,317
TAP,Molson Coors Beverage Company,Consumer Staples,2026-09-06,2026-09-04,2025-08-29,0.4476318359375,0.3130859375,0.6109374999999999,-1.161473343989616,17.74933989528166,1.510478507785377,4.339882116929723,13.25888721720198,21.36237435939698,True,,0.005859375,20,0.2,64,512,-0.0015655893774237483,-3.578120231395587e-05,0.0014802951540332282,0.01700725071132183,0.01870141178369522,0.02109819110482931,0.5281402081251144,0.5708179175853729,0.6350299149751664,4.3297935962677006,8.056807041168213,11.535933637619019,2.521963287527638,318
CRL,Charles River Laboratories,Health Care,2026-09-06,2026-09-04,2025-08-29,0.5206298828125,0.40322265625,0.6408203124999999,0.5484785441388642,20.650402892695435,1.841156143383025,3.76285900692319,17.58863738816368,23.38996266163057,False,sigma posterior at training boundary,0.544921875,20,0.2,64,512,-0.0011931080662179738,0.0005001927202101797,0.00234216651879251,0.02336102332919836,0.024647410959005356,0.024980880320072174,0.5383672624826431,0.585813969373703,0.6425398826599121,4.766551208496094,7.199529647827148,10.821389818191529,2.5211608970431265,319
CLX,Clorox,Consumer Staples,2026-09-06,2026-09-04,2025-08-29,0.464385986328125,0.32578125,0.6126953125,-0.7573025274442755,18.425583447026668,1.6435655595432785,4.250042985967909,14.920492674759075,21.29949155536993,True,,0.00390625,20,0.2,64,512,-0.001563162711681798,-0.0001472192889195867,0.0013719035661779336,0.018031706660985948,0.02005988359451294,0.02283963970839977,0.5389244884252549,0.6057231724262238,0.6665230810642242,3.699326515197754,6.159903049468994,10.735011291503906,2.5203325998507955,320
ALLE,Allegion,Industrials,2026-09-06,2026-09-04,2025-08-29,0.448333740234375,0.321875,0.6038085937499997,-0.9576297332966053,17.822868853243733,1.6663739522933245,4.119899575366484,13.806271055964844,21.99374675630558,True,,0.025390625,20,0.2,64,512,-0.0016476108809001743,-0.0003228137211408466,0.0008573647763114422,0.015705748461186886,0.019097749143838882,0.024151830561459062,0.5294980525970459,0.5876646339893341,0.651762729883194,2.4836653232574464,3.2279438972473145,5.308486294746398,2.5154970500317573,321
ALB,Albemarle Corporation,Materials,2026-09-06,2026-09-04,2025-08-29,0.525360107421875,0.37978515625000003,0.6498046875,0.6453056259420056,20.904998356022052,1.5581078656701668,3.805019150774614,17.089557625239927,23.59953481572596,False,posterior:volatility_pct; sigma posterior at training boundary,0.953125,20,0.2,64,512,-0.0012528720835689455,0.00047791513497941196,0.002590719307772815,0.0246334133669734,0.02496446669101715,0.024996623024344446,0.564939558506012,0.6185251474380493,0.6675326555967331,8.12559962272644,10.971314907073975,11.96312403678894,2.513083705986209,322
MRSH,Marsh McLennan,Financials,2026-09-06,2026-09-04,2025-08-29,0.428741455078125,0.28076171875,0.5768554687499998,-1.2190343011512503,17.073603951811258,1.6194436911701096,4.14007530828938,13.301167726688865,19.99622098868711,True,,0.001953125,20,0.2,64,512,-0.0018378145177848637,-0.00038557731022592634,0.0009072157146874811,0.015031292987987398,0.017204339616000652,0.020979567989706994,0.6001909732818603,0.6611121296882629,0.7128842234611511,2.862590253353119,4.652484655380249,9.096544170379637,2.511136232796602,323
CPAY,Corpay,Financials,2026-09-06,2026-09-04,2025-08-29,0.507354736328125,0.376953125,0.63017578125,0.19463690793766214,20.24555947842604,1.6197237906903679,3.651831670155774,16.528500945711766,22.791158824158323,True,,0.1328125,20,0.2,64,512,-0.0011179671681020408,0.0003984414943261072,0.0019516039057634771,0.020936676301062107,0.023266419768333435,0.024896467104554176,0.5428894340991974,0.6143027544021606,0.6735498011112213,3.5600942373275757,5.125591993331909,8.493667650222779,2.506005017390453,324
IBKR,Interactive Brokers,Financials,2026-09-06,2026-09-04,2025-08-29,0.50994873046875,0.38896484375,0.6366210937499999,0.26659673087992014,20.371253431964657,1.6998961274852182,3.9951823406303597,15.728578771667486,22.951697858488334,True,,0.322265625,20,0.2,64,512,-0.0011544243374373765,0.0004178689850959927,0.0022285284008830785,0.022818589210510255,0.024314353242516518,0.024955512955784798,0.5220242202281952,0.5501604080200195,0.603099399805069,5.219352722167969,8.36864185333252,11.528946685791015,2.5032761590830064,325
ULTA,Ulta Beauty,Consumer Discretionary,2026-09-06,2026-09-04,2025-08-29,0.51165771484375,0.3390625,0.623828125,0.2963075293675678,20.441495571838445,1.3809539445899828,3.907860718875297,15.781050117831102,24.348331380941225,True,,0.056640625,20,0.2,64,512,-0.0014126506459433586,0.00028756799292750657,0.0019224580901209265,0.020558445993810893,0.02274063415825367,0.024661585688591003,0.5282514721155167,0.5736941993236542,0.6437306255102158,3.6250990629196167,5.191697597503662,8.833487939834592,2.5030346387602065,326
MPWR,Monolithic Power Systems,Information Technology,2026-09-06,2026-09-04,2025-08-29,0.52825927734375,0.3892578125,0.670703125,0.7357043195805104,21.15195543913035,1.7507521828478727,3.831246035655447,17.562484083575725,24.14645560569653,False,posterior:volatility_pct; sigma posterior at training boundary,0.890625,20,0.2,64,512,-0.0007126391079509631,0.000939633056987077,0.0031982186599634585,0.024431074038147926,0.02493884041905403,0.024995540641248225,0.6175695478916168,0.6639087498188019,0.7096018105745315,8.339341497421264,11.4067964553833,11.982814407348632,2.4974488948028393,327
TPL,Texas Pacific Land Corporation,Energy,2026-09-06,2026-09-04,2025-08-29,0.514892578125,0.39150390625,0.63056640625,0.41676272967277067,20.62778052529781,1.7419432353358444,3.74225577429182,17.286868654647073,23.532349807357566,False,sigma posterior at training boundary,0.67578125,20,0.2,64,512,-0.0012645719572901726,0.0004121474485145882,0.0022081729024648663,0.02380845695734024,0.024771811440587044,0.024985179863870145,0.5393886506557465,0.5977863371372223,0.6542879968881607,5.1218969345092775,7.587745189666748,11.225219726562498,2.4961123543734542,328
EQT,EQT Corporation,Energy,2026-09-06,2026-09-04,2025-08-29,0.464599609375,0.32451171875,0.6277343749999997,-0.7765239381877396,18.630915158268724,1.5695011900235625,4.437686574027346,13.938195631630016,22.172835615574783,True,,0.01171875,20,0.2,64,512,-0.0016224928142037243,-0.00024227100220741704,0.0010822268435731525,0.01761428639292717,0.01999982539564371,0.023513812385499478,0.53248510658741,0.5924581587314606,0.658009696006775,3.4522276878356934,5.426540374755859,10.490678310394287,2.493702566021308,329
AON,Aon plc,Financials,2026-09-06,2026-09-04,2025-08-29,0.4423828125,0.3064453125,0.5734374999999998,-1.1103166861810674,17.74278406228698,1.569406082021881,4.252286387974171,12.657821941574914,20.797372220083,True,,0.0078125,20,0.2,64,512,-0.0015216422849334776,-0.0002520448906579986,0.000993068068055436,0.015577061381191016,0.01760805957019329,0.02185872811824083,0.5439503908157348,0.6090502142906189,0.6703359901905059,2.8385684847831727,4.672123193740845,8.787899255752563,2.4933111452351095,330
GRMN,Garmin,Consumer Discretionary,2026-09-06,2026-09-04,2025-08-29,0.488800048828125,0.36142578125,0.6140625,-0.24027111633771453,19.698124884533684,1.6843899642286235,3.6056057465211016,16.119813379715904,22.18167023520275,True,,0.052734375,20,0.2,64,512,-0.001202859851764515,0.00023790971317794174,0.001599524385528639,0.018488768395036458,0.021475015208125114,0.02462403904646635,0.5294688135385514,0.5827800631523132,0.6489513754844666,2.590224540233612,3.052636742591858,4.337815523147583,2.4814547155801345,331
XYZ,"Block, Inc.",Financials,2026-09-06,2026-09-04,2025-08-29,0.515625,0.37421875,0.6380859375,0.4288836631472061,20.863809448382845,1.5594371134761773,3.5999929944993854,17.502753842929938,23.35338871013378,False,posterior:volatility_pct; sigma posterior at training boundary,0.732421875,20,0.2,64,512,-0.0013783087895717471,0.00041237515688408166,0.0022565529798157513,0.023905008286237716,0.024823682382702827,0.024990941397845745,0.5473473727703094,0.600761204957962,0.6566179871559144,5.617137002944946,8.240278720855713,11.636315536499023,2.4713847261482065,332
ABNB,Airbnb,Consumer Discretionary,2026-09-06,2026-09-04,2025-08-29,0.483123779296875,0.3541015625,0.6185546875,-0.39394097715840776,19.597881495051038,1.566444047827512,4.22488832407526,14.087152089142496,23.483022332344824,True,,0.044921875,20,0.2,64,512,-0.001300759142031893,0.00018647503020474687,0.0016237529926002026,0.018858385272324085,0.021927103400230408,0.024528856575489043,0.5323695123195649,0.5917844176292419,0.6594859331846237,2.912048363685608,3.930094599723816,6.432337284088134,2.4651836955891175,333
RVTY,Revvity,Health Care,2026-09-06,2026-09-04,2025-08-29,0.50384521484375,0.36767578125,0.6346679687499999,0.11656755209480413,20.468556955203347,1.7060767555883998,3.6808610170798235,16.17772275109416,23.523145879830007,True,,0.173828125,20,0.2,64,512,-0.0013240410131402313,0.0004565303970593959,0.0022546899970620864,0.021830029785633087,0.02371698059141636,0.02489173226058483,0.5250420868396759,0.558758020401001,0.6110850274562836,4.552723693847656,7.522684574127197,11.296157312393188,2.461557089473602,334
HRL,Hormel Foods,Consumer Staples,2026-09-06,2026-09-04,2025-08-29,0.428009033203125,0.3345703125,0.5365234375,-1.4009144732738896,17.39514691666111,1.782244680006549,3.4760150175207647,14.413730279218207,20.49722301468384,True,,0.005859375,20,0.2,64,512,-0.0017274409241508693,-0.0003922379983123392,0.000947624011314474,0.01583151500672102,0.01832923199981451,0.02289739716798067,0.5286169588565827,0.5733290314674377,0.6405369460582733,2.7317401647567747,3.8984460830688477,6.345019769668578,2.460508297249143,335
VRT,Vertiv,Industrials,2026-09-06,2026-09-04,2025-08-29,0.52392578125,0.39990234375,0.686328125,0.6186497792348813,21.302408067332003,1.6826130492995506,4.092453867951035,16.09236497561314,24.191221565764295,False,prior:volatility_pct; posterior:volatility_pct; posterior:q01_pct; sigma posterior at training boundary,0.94140625,20,0.2,64,512,-0.0015827526862267406,0.0002870296884793788,0.00247212277026847,0.0245464188978076,0.024966565892100334,0.02499785702675581,0.5819155037403106,0.6346181929111481,0.6809617519378662,8.133604574203492,10.971560001373291,11.974053621292114,2.4594673972726055,336
DG,Dollar General,Consumer Staples,2026-09-06,2026-09-04,2025-08-29,0.490814208984375,0.37060546875,0.587890625,-0.24353990219805316,19.974311876918808,1.6175629762759343,3.4902586707286365,16.39261426701954,22.65250283851489,True,,0.083984375,20,0.2,64,512,-0.0012465177569538355,0.000465676755993627,0.002249236823990941,0.02097193244844675,0.023030251264572144,0.024763806164264678,0.52416512966156,0.553843080997467,0.6120788365602493,4.016827893257141,6.350806713104248,10.454433298110962,2.4572271225600133,337
WAT,Waters Corporation,Health Care,2026-09-06,2026-09-04,2025-08-29,0.49871826171875,0.3697265625,0.61689453125,-0.04053874797901296,20.371574657975703,1.591390136802224,3.8938643601516434,15.785213440971683,24.249055007056057,True,,0.091796875,20,0.2,64,512,-0.0010617243417073042,0.00037031823012512177,0.0018227314576506613,0.0200158161111176,0.02281436137855053,0.02478644847869873,0.5363075405359268,0.6103812456130981,0.6739227533340454,3.003630805015564,3.884230613708496,6.4324604034423825,2.4481085536679226,338
SNDK,Sandisk,Information Technology,2026-09-06,2026-09-04,2025-08-29,0.540557861328125,0.33427734375,0.7530273437499999,1.0628723103472406,22.103965904493567,1.325755174231102,4.48352140408674,16.04868590814555,25.680572218233255,False,prior:mean_pct; prior:volatility_pct; prior:q01_pct; prior:q99_pct; posterior:mean_pct; posterior:volatility_pct; posterior:q01_pct; posterior:q99_pct; sigma posterior at training boundary,0.998046875,20,0.2,64,512,-0.0011361106997355818,0.0008135562529787421,0.003768709348514676,0.024884828738868235,0.024994829669594765,0.024999277479946614,0.6721125572919846,0.7062827944755554,0.7432237505912781,11.004042863845825,11.97408151626587,11.999911022186279,2.445524317508261,339
GEHC,GE HealthCare,Health Care,2026-09-06,2026-09-04,2025-08-29,0.482574462890625,0.3638671875,0.6237304687499998,-0.4597768374884513,19.802203753095984,1.6322583219229974,3.770267786690179,15.92014513376859,22.946496340802973,True,,0.060546875,20,0.2,64,512,-0.001388933026464656,9.457849228056148e-05,0.0017102738958783446,0.020020756497979166,0.022384868934750557,0.024692658334970474,0.5244690418243408,0.5568348467350006,0.6216948211193085,3.2466702222824098,4.6841654777526855,8.275381231307984,2.43697352530865,340
APO,Apollo Global Management,Financials,2026-09-06,2026-09-04,2025-08-29,0.4964599609375,0.36337890625,0.6167968749999999,-0.08655439163348638,20.445300448811167,1.6040554979491475,3.616467216264974,16.25819779798821,23.621756448720678,True,,0.158203125,20,0.2,64,512,-0.0011405193945392966,0.0004011435230495408,0.001900110690621659,0.021154599636793135,0.023448266088962555,0.02489205989986658,0.5262184649705887,0.572881430387497,0.6332334250211715,3.6313978910446165,5.0780744552612305,8.96721658706665,2.4282350957888106,341
WSM,"Williams-Sonoma, Inc.",Consumer Discretionary,2026-09-06,2026-09-04,2025-08-29,0.475250244140625,0.32578125,0.6151367187499999,-0.6200029206936462,19.591740773062348,1.4250180351781971,3.929031422525446,14.96038241269212,22.736847067023973,True,,0.02734375,20,0.2,64,512,-0.0018213316856417806,-5.9984617109876126e-05,0.0015746117162052536,0.020031432155519724,0.022022005170583725,0.024102894961833952,0.5233689606189728,0.5524543821811676,0.6130339741706848,5.124615025520325,8.49908447265625,11.505993604660034,2.4257683359820175,342
CBRE,CBRE Group,Real Estate,2026-09-06,2026-09-04,2025-08-29,0.457489013671875,0.32939453125,0.6015625,-0.9549495081632273,19.031311242055835,1.6045007890125533,3.7985090070084135,14.714723909458788,22.2680932900986,True,,0.009765625,20,0.2,64,512,-0.001621455803979188,-0.0002576469269115478,0.0013099956850055603,0.017737813387066127,0.02002977579832077,0.02328577172011137,0.5359282433986664,0.604379415512085,0.6628199130296707,3.2124452352523805,4.997188329696655,9.459457206726073,2.4038754232598807,343
MKC,McCormick & Company,Consumer Staples,2026-09-06,2026-09-04,2025-08-29,0.44146728515625,0.28134765625,0.5879882812499999,-1.2597554909803352,18.38746796138879,1.2970742138159992,3.769080297015319,14.766899255415408,21.99605628459096,True,,0.001953125,20,0.2,64,512,-0.0019152792636305093,-9.57023621594999e-05,0.0013508691801689563,0.017729324474930763,0.019515984691679478,0.021850289404392244,0.5424976378679276,0.5976554751396179,0.6549513518810273,4.998625993728638,8.533026218414307,11.474084615707397,2.40091395989525,344
BAX,Baxter International,Health Care,2026-09-06,2026-09-04,2025-08-29,0.50018310546875,0.3580078125,0.64228515625,0.007008957146648238,20.842592588085576,1.5002927218007163,3.834586091559438,16.553573872170976,23.731066616542414,True,,0.48828125,20,0.2,64,512,-0.0013134346052538603,0.000362763530574739,0.0021222049486823375,0.02342526614665985,0.024588553234934807,0.02496214769780636,0.5320624649524689,0.5860238671302795,0.6457017362117767,5.313526034355164,8.469995021820068,11.610153245925904,2.3998123235142725,345
DHR,Danaher Corporation,Health Care,2026-09-06,2026-09-04,2025-08-29,0.45135498046875,0.32041015625,0.55634765625,-1.0777772676187511,18.826003707185475,1.5778521592803507,3.488437452450134,14.855428386483876,22.226942850391577,True,,0.03515625,20,0.2,64,512,-0.0017204030998982489,-0.0003014925605384633,0.0009494713536696509,0.017625004705041646,0.020208637230098248,0.024426711536943913,0.5242894053459167,0.5556167662143707,0.6180735498666763,2.8612950921058653,3.925758957862854,6.713817930221556,2.3975081886150784,346
IBM,IBM,Information Technology,2026-09-06,2026-09-04,2025-08-29,0.511627197265625,0.3951171875,0.634765625,0.3054701715004661,21.37423235376268,1.6784023220346962,3.751413793300814,16.684930778050646,24.948498775034853,True,,0.439453125,20,0.2,64,512,-0.000851827545557171,0.000627015542704612,0.002336003119125962,0.022857170179486276,0.02449432574212551,0.02496424950659275,0.5913545250892639,0.6596537232398987,0.7033347129821778,3.7673327684402467,5.264286756515503,8.851692199707028,2.393663495360848,347
IFF,International Flavors & Fragrances,Materials,2026-09-06,2026-09-04,2025-08-29,0.47698974609375,0.344140625,0.6115234374999999,-0.5510994679494505,19.945755436602145,1.5420997351016095,3.8185726171966707,15.182568836632287,23.274999490188144,True,,0.037109375,20,0.2,64,512,-0.0014027634169906378,2.9459380129992496e-05,0.0015032013354357332,0.019581542909145357,0.021999681368470192,0.024464291147887708,0.5265310049057007,0.5755745768547058,0.6369148939847946,3.0872448325157165,4.095155239105225,7.400750160217285,2.3914348474284086,348
CVNA,Carvana,Consumer Discretionary,2026-09-06,2026-09-04,2025-08-29,0.519378662109375,0.39677734375,0.6990234374999998,0.49463527820095016,21.768637161868305,1.5439940592198225,3.945543407626039,16.840502735660063,25.120216241740046,False,prior:volatility_pct; posterior:volatility_pct; posterior:q01_pct; sigma posterior at training boundary,0.98828125,20,0.2,64,512,-0.0014151730458252132,0.0003839496785076335,0.0024064818397164342,0.024801719561219217,0.02498718723654747,0.024999095126986504,0.6288178831338882,0.6692937314510345,0.7132063299417496,9.094937944412232,11.617555618286133,11.983551406860352,2.3859034364317506,349
EXPE,Expedia Group,Consumer Discretionary,2026-09-06,2026-09-04,2025-08-29,0.50189208984375,0.39482421875,0.6146484375,0.04635809121827945,21.125878856297906,1.7775259512100245,3.5605429810565052,17.32919324518546,23.909744094549488,False,posterior:volatility_pct; sigma posterior at training boundary,0.72265625,20,0.2,64,512,-0.0015232676116283983,0.000345612017554231,0.002181212813593447,0.023887674696743487,0.024806464090943336,0.024986578896641732,0.5660769671201706,0.6306722462177277,0.6809266418218612,5.19752140045166,8.139856815338135,11.410603189468384,2.3757217072847565,350
MRVL,Marvell Technology,Information Technology,2026-09-06,2026-09-04,2025-08-29,0.536224365234375,0.34072265625,0.7438476562499998,0.8311521674477353,22.57276559885498,1.3592693967132785,4.207227084604984,17.246755482670384,25.597574639526048,False,prior:mean_pct; prior:volatility_pct; prior:q01_pct; prior:q99_pct; posterior:volatility_pct; posterior:q99_pct; sigma posterior at training boundary,0.98046875,20,0.2,64,512,-0.0011661062948405744,0.0004912719305139035,0.0028727947617880993,0.02473794259130955,0.024983271956443787,0.024998411163687707,0.7080226808786392,0.7502097487449646,0.7764505594968796,10.000996541976928,11.834896564483643,11.997394323348999,2.375536851636715,351
SHW,Sherwin-Williams,Materials,2026-09-06,2026-09-04,2025-08-29,0.417724609375,0.27041015625,0.5958984374999999,-1.6776482084847832,17.585308246392913,1.2825662402734783,4.690889901269376,12.408270213011523,21.517877597556296,True,,0.001953125,20,0.2,64,512,-0.002048362628556788,-0.0006051643576938659,0.0008391666371608152,0.016113299503922464,0.017921936698257923,0.02077755630016327,0.5378144472837448,0.59959676861763,0.6652740865945816,3.5686597347259523,6.393749237060547,10.84484920501709,2.375418181598741,352
CDW,CDW Corporation,Information Technology,2026-09-06,2026-09-04,2025-08-29,0.506103515625,0.37451171875,0.6624999999999999,0.16849229154137796,21.38287115885209,1.510650130019933,3.7111848830499907,17.667468146930613,24.700183294934185,True,,0.337890625,20,0.2,64,512,-0.0011314923933241517,0.00036312927841208875,0.001956994575448334,0.022620028629899026,0.024287763983011246,0.024959720298647882,0.557723593711853,0.6338168382644653,0.690351739525795,3.6360169768333437,4.855940103530884,8.173919296264648,2.366864168357873,353
AJG,Arthur J. Gallagher & Co.,Financials,2026-09-06,2026-09-04,2025-08-29,0.45001220703125,0.34404296875,0.5916015624999998,-1.0995128229245752,19.017196057554997,1.586173325039464,3.8140107556056413,14.306771103874844,21.806500325893595,True,,0.015625,20,0.2,64,512,-0.0017131272994447499,-0.0002302429493283853,0.0011807884497102349,0.017983888275921345,0.020490039139986038,0.023654092662036417,0.5443362832069397,0.6077793538570404,0.672761419415474,3.229342544078827,4.837602615356445,9.597550296783446,2.36634362746906,354
ADP,Automatic Data Processing,Industrials,2026-09-06,2026-09-04,2025-08-29,0.413238525390625,0.26982421875,0.5833984375,-1.5916005485895501,17.463471197459395,1.4636856071778392,4.428048657118116,13.156660230885803,20.690776374889076,True,,0.001953125,20,0.2,64,512,-0.001769638352561742,-0.0005114285449963063,0.000834747010958381,0.01531275655142963,0.0174503605812788,0.020562046766281126,0.5847069323062897,0.6504380404949188,0.7027898609638215,3.310959446430206,5.607682704925537,10.74390664100647,2.366302327401802,355
TRMB,Trimble Inc.,Information Technology,2026-09-06,2026-09-04,2025-08-29,0.45916748046875,0.3384765625,0.5958984374999999,-0.9109980382163094,19.423684412012424,1.5857194216280326,3.802276677049195,15.263905048813548,22.85101786143871,True,,0.017578125,20,0.2,64,512,-0.0015820485423319042,-0.0001050201099133119,0.001363404432777315,0.018859907798469067,0.021182335913181305,0.02400333248078823,0.524163892865181,0.5549582242965698,0.6153248906135559,3.663785398006439,6.0122411251068115,11.07102861404419,2.36395665584837,356
IDXX,Idexx Laboratories,Health Care,2026-09-06,2026-09-04,2025-08-29,0.44805908203125,0.31708984375,0.5907226562499999,-1.1437490002461634,18.957178614758416,1.5275227999246375,3.8806663915152995,15.41617512638736,21.936058252130408,True,,0.009765625,20,0.2,64,512,-0.0017290248884819447,-0.00029507584986276925,0.001123072439804673,0.017446501925587655,0.01972192618995905,0.023407071270048617,0.5274760782718658,0.5751445591449738,0.6408446967601776,3.131206285953522,4.715893268585205,8.784190607070922,2.3635325231489355,357
FICO,Fair Isaac,Information Technology,2026-09-06,2026-09-04,2025-08-29,0.510345458984375,0.35703125,0.61962890625,0.26874014978859345,21.611671237477665,1.5299777109708217,3.359984880308448,18.20386926344423,23.857824485354797,False,prior:q01_pct; posterior:volatility_pct; posterior:q01_pct; sigma posterior at training boundary,0.658203125,20,0.2,64,512,-0.0013945860788226127,0.0004058737977175042,0.002352838474325835,0.02379249092191458,0.024763256311416626,0.02498700749129057,0.5843385487794877,0.6433598101139069,0.6942455887794494,5.366259241104126,8.09483289718628,11.560066509246825,2.3614344923930015,358
TKO,TKO Group Holdings,Communication Services,2026-09-06,2026-09-04,2025-08-29,0.462432861328125,0.334765625,0.58369140625,-0.7951123528470547,19.591236180369048,1.5909454811369983,3.6112085004956365,16.068370852908988,23.66120108373234,True,,0.025390625,20,0.2,64,512,-0.0012236989627126605,8.150657595251687e-05,0.001300119876395911,0.018954316340386867,0.021423911675810814,0.024325096793472768,0.5762560933828353,0.6521462798118591,0.7072497069835663,3.2024728655815125,4.644506454467773,8.719256353378295,2.3604067506035955,359
IQV,IQVIA,Health Care,2026-09-06,2026-09-04,2025-08-29,0.50067138671875,0.3787109375,0.61796875,0.019236538607692207,21.28989672433207,1.5669844109416922,3.4806597802712003,17.159975855847517,24.978915624851506,True,,0.244140625,20,0.2,64,512,-0.0011583032552152871,0.0003434379177633673,0.001728307467419654,0.02190937027335167,0.02401999570429325,0.024926762841641904,0.5574405759572982,0.6270330548286438,0.6814190655946731,3.219722068309784,3.908956527709961,5.8458678245544435,2.351685370772777,360
TSN,Tyson Foods,Consumer Staples,2026-09-06,2026-09-04,2025-08-29,0.426483154296875,0.32119140625,0.54072265625,-1.4179631880252728,18.1454807617305,1.5262907506407988,3.60182437903369,14.394812017648299,21.537715285062074,True,,0.01171875,20,0.2,64,512,-0.0016377667780034244,-0.0003992264246335253,0.0008870993013260886,0.015482066897675395,0.018302589654922485,0.02316158842295408,0.5290785223245621,0.5845818817615509,0.6522091209888459,2.6452763080596924,3.6556270122528076,6.674605274200439,2.3503546690057613,361
VEEV,Veeva Systems,Health Care,2026-09-06,2026-09-04,2025-08-29,0.48858642578125,0.38203125,0.58955078125,-0.30659862931271525,20.825794816658696,1.7058465138410073,3.286890998291166,17.716462770087766,23.30163392423296,True,,0.31640625,20,0.2,64,512,-0.0014157374564092607,0.00010401896361145191,0.0015876036777626723,0.02229005303233862,0.024180158972740173,0.024965209513902666,0.5339451760053635,0.5856612026691437,0.6501811653375625,3.480177414417267,4.5244364738464355,7.087138366699219,2.346063764108664,362
COO,Cooper Companies (The),Health Care,2026-09-06,2026-09-04,2025-08-29,0.43109130859375,0.29638671875,0.5390625,-1.4381616862770672,18.377266327750416,1.2966554752288317,3.6985810874637544,14.078702505673713,22.75935133295096,True,,0.0078125,20,0.2,64,512,-0.0020485391025431452,-0.0005702626367565244,0.0008670670562423763,0.016612767055630685,0.018946743570268154,0.022898409515619278,0.5227686673402786,0.5493001937866211,0.6124104797840119,3.019933986663818,4.637784004211426,8.993802785873411,2.3457858252986448,363
AMZN,Amazon,Consumer Discretionary,2026-09-06,2026-09-04,2025-08-29,0.465118408203125,0.31953125,0.6084960937499999,-0.8166360517544711,19.867363316412803,1.5049704438401224,3.637524303824314,15.268977474853077,23.214761546261816,True,,0.0546875,20,0.2,64,512,-0.0016782846592832356,-4.363123298389837e-05,0.0014856379071716218,0.01942402021959424,0.021838495507836342,0.02461189031600952,0.5255140334367752,0.5663340389728546,0.6283866137266159,3.2128942966461183,4.6567223072052,8.37606267929077,2.3411179470346823,364
LLY,Lilly (Eli),Health Care,2026-09-06,2026-09-04,2025-08-29,0.478759765625,0.3240234375,0.6193359374999999,-0.506233413352519,20.502433294568302,1.445084274498284,3.5886564575275908,16.306382333777904,22.91274271220304,True,,0.09765625,20,0.2,64,512,-0.0016019675182178616,5.727651841880288e-05,0.0016333628038410098,0.020646925270557403,0.022895917296409607,0.02478597015142441,0.5233138740062714,0.5516743361949921,0.6133431911468505,3.2398720264434813,4.5105979442596436,7.917513990402221,2.3351363164870658,365
BBY,Best Buy,Consumer Discretionary,2026-09-06,2026-09-04,2025-08-29,0.478485107421875,0.35947265625,0.59375,-0.5937934261349251,20.505267509346456,1.5952186855028905,3.658533334027638,16.198860024859098,23.833439756715144,True,,0.154296875,20,0.2,64,512,-0.0015035298885777593,0.00010135019329027273,0.0017286410089582204,0.021806428395211696,0.023756735026836395,0.024848210252821447,0.5249586254358292,0.5530002415180206,0.603062316775322,3.881218147277832,5.6395485401153564,9.716968965530393,2.3334741046600724,366
EFX,Equifax,Industrials,2026-09-06,2026-09-04,2025-08-29,0.4886474609375,0.3546875,0.6212890624999997,-0.2688415156697764,21.050468987614643,1.5332080101906698,3.3381408968776944,17.30394826163071,23.37554895470707,True,,0.224609375,20,0.2,64,512,-0.0013507435040082782,0.00012117850565118715,0.0016502643411513418,0.02210676483809948,0.02397792600095272,0.024921385757625102,0.5704648613929748,0.6376165747642517,0.6923891872167587,3.8241703748703,5.417714357376099,9.43538007736206,2.321313891985034,367
NTAP,NetApp,Information Technology,2026-09-06,2026-09-04,2025-08-29,0.485992431640625,0.3873046875,0.5987304687499999,-0.3573534934809773,20.973237648619715,1.7134346519975059,3.283067922403735,17.6076455640102,23.590000472299696,True,,0.19921875,20,0.2,64,512,-0.0011985680263023823,0.00021154715796001256,0.002055729296989739,0.022037853486835957,0.023791374638676643,0.024898198433220387,0.5339814126491547,0.5876651406288147,0.6544990181922913,3.7039172768592836,4.934987545013428,8.770163297653198,2.3172027122508143,368
WY,Weyerhaeuser,Real Estate,2026-09-06,2026-09-04,2025-08-29,0.41168212890625,0.24853515625,0.5546875,-1.700738319989109,17.792135806008204,1.2623068315875057,4.068043110513001,12.935905381645405,21.514954083772288,True,,0.001953125,20,0.2,64,512,-0.002121583791449666,-0.0006279787339735776,0.0007848758046748111,0.01541857491247356,0.017462261021137238,0.021320464834570885,0.5274821788072586,0.5743483006954193,0.6396029621362685,3.1105078220367433,5.304487228393555,9.82141318321228,2.3138432248658396,369
CTSH,Cognizant,Information Technology,2026-09-06,2026-09-04,2025-08-29,0.496795654296875,0.40654296875,0.6103515624999999,-0.08114143939610391,21.481964594204488,1.7343796644070464,3.302443788653465,18.011692000795627,24.27872495576445,True,,0.25390625,20,0.2,64,512,-0.0013080636505037545,0.00013446831871988252,0.0015464597789105027,0.021921940334141254,0.02400681935250759,0.024927693232893944,0.6053352594375611,0.6664461195468903,0.7162359654903412,3.260212767124176,4.328390121459961,7.23142261505127,2.312617415033367,370
AVY,Avery Dennison,Materials,2026-09-06,2026-09-04,2025-08-29,0.383026123046875,0.21787109375000002,0.5345703125,-2.055410457100054,16.57536833655155,1.2449422755810573,3.6182105158200337,13.595738331168238,19.46554767196193,True,,0.001953125,20,0.2,64,512,-0.0021164702135138213,-0.0008458133670501411,0.0004903615947114303,0.014373384788632393,0.016030317172408104,0.019490317162126302,0.5401918828487396,0.6057863831520081,0.6711023330688477,3.144544768333435,5.575820446014404,10.22278242111206,2.310815152157049,371
LYV,Live Nation Entertainment,Communication Services,2026-09-06,2026-09-04,2025-08-29,0.450103759765625,0.33203125,0.59033203125,-1.1212100050029647,19.515388016414402,1.5395886531325538,3.875703914553103,14.45401986245806,22.804716277528787,True,,0.01171875,20,0.2,64,512,-0.0016415525577031076,-0.0001288669191126246,0.0013965707388706504,0.018292177096009256,0.020489027723670006,0.0236371286213398,0.5330534785985946,0.5879315137863159,0.6538985908031464,3.2349970936775208,5.029573917388916,9.09169874191284,2.306404358381409,372
SWK,Stanley Black & Decker,Industrials,2026-09-06,2026-09-04,2025-08-29,0.479339599609375,0.34619140625,0.5983398437499998,-0.5541362248530355,20.797123723487655,1.5787650079317408,3.487386962430385,17.292160110262834,23.605533683618855,True,,0.16015625,20,0.2,64,512,-0.0016267689177766442,-2.6661264200811274e-05,0.0018872440385166555,0.02194440010935068,0.023737384006381035,0.024875684268772603,0.5254301726818085,0.5597469508647919,0.6156842231750488,4.985679316520691,8.26908826828003,11.556112241744994,2.304836024358614,373
GEV,GE Vernova,Industrials,2026-09-06,2026-09-04,2025-08-29,0.49560546875,0.36533203125,0.6546874999999999,-0.1232501507665405,21.50889828952922,1.567859109163247,3.6738282724626097,17.091918156936817,24.225917019813277,False,posterior:volatility_pct; sigma posterior at training boundary,0.904296875,20,0.2,64,512,-0.0015575975005049259,8.387106618101825e-06,0.002054466924164444,0.024415137618780135,0.02493560127913952,0.024995484761893748,0.5559559136629104,0.6146289110183716,0.6664110898971558,7.130659723281861,10.185470581054688,11.876475763320922,2.3041880717399015,374
LVS,Las Vegas Sands,Consumer Discretionary,2026-09-06,2026-09-04,2025-08-29,0.469696044921875,0.32177734375,0.60625,-0.6816021129050829,20.393024677628514,1.456723678052002,3.88631226487216,15.514663649614752,25.63859710317961,True,,0.064453125,20,0.2,64,512,-0.0014477494347374885,-8.11778700153809e-05,0.0013790250290185205,0.01933536110445857,0.02212836779654026,0.02468332536518574,0.5293881446123123,0.5783809721469879,0.647049805521965,2.78206946849823,3.5099806785583496,5.464940905570984,2.303219126867136,375
STZ,Constellation Brands,Consumer Staples,2026-09-06,2026-09-04,2025-08-29,0.43841552734375,0.30498046875,0.564453125,-1.3718669442631446,19.11577319431353,1.4234612954779111,3.5213831369265414,15.170400317947482,22.481355203809443,True,,0.013671875,20,0.2,64,512,-0.0019743955810554324,-0.0005040692922193557,0.0009695812856080009,0.018244374729692935,0.020624302327632904,0.024084622226655483,0.5261318296194076,0.5670101642608643,0.6322087287902832,3.041454350948334,4.410724878311157,8.681201171874998,2.2934752514963286,376
EXE,Expand Energy,Energy,2026-09-06,2026-09-04,2025-08-29,0.427032470703125,0.3130859375,0.59033203125,-1.605332872236348,18.623997216229277,1.473638719720151,4.225024824663922,14.17334021078064,21.415065476761864,True,,0.005859375,20,0.2,64,512,-0.002043664827942848,-0.0005310452252160758,0.001099623524351045,0.017803806532174348,0.019812393933534622,0.02268184255808592,0.5243343234062194,0.5597275495529175,0.6169473767280579,3.6982837557792663,6.555684566497803,10.771419382095337,2.292915241261964,377
TTWO,Take-Two Interactive,Communication Services,2026-09-06,2026-09-04,2025-08-29,0.46044921875,0.3244140625,0.6065429687499999,-0.837595395581153,20.12701810555552,1.4678069281950652,3.6996728651684285,15.94259357896063,24.460290959555735,True,,0.04296875,20,0.2,64,512,-0.0015477044973522425,-0.0002766471588984132,0.0013851235387846827,0.01864129360765219,0.021349789574742317,0.02456630263477564,0.5487995624542237,0.6241320967674255,0.6860317885875702,2.888780617713928,3.7923319339752197,6.74916067123413,2.2877170196558096,378
QCOM,Qualcomm,Information Technology,2026-09-06,2026-09-04,2025-08-29,0.51080322265625,0.35751953125,0.6514648437499999,0.2143849361628593,22.359126309540642,1.515367900119203,3.4204079591482217,18.751090552519294,25.071319524297408,False,prior:q99_pct; posterior:volatility_pct; posterior:q99_pct; sigma posterior at training boundary,0.654296875,20,0.2,64,512,-0.0012589170015417039,0.0002679725439520553,0.002032263414002955,0.023734850250184535,0.024761145934462547,0.02498662993311882,0.7036955118179321,0.7443881630897522,0.7761849224567413,6.698126220703125,10.211865901947021,11.899947309494019,2.284540172029397,379
CRH,CRH plc,Materials,2026-09-06,2026-09-04,2025-08-29,0.441009521484375,0.29521484375,0.6029296875,-1.3739343230427579,19.341661363902553,1.4186914685967933,4.095675976849263,14.672159288475727,21.696395517590176,True,,0.00390625,20,0.2,64,512,-0.0022695583989843725,-0.0006191489810589701,0.0010312311584129927,0.018818629533052446,0.020749418064951897,0.02282420750707388,0.533672633767128,0.5835484564304352,0.6447401940822601,5.608827590942383,8.84256887435913,11.711827993392944,2.2801015548097303,380
AMD,Advanced Micro Devices,Information Technology,2026-09-06,2026-09-04,2025-08-29,0.5062255859375,0.36806640625,0.65009765625,0.13735269514200138,22.27020432601727,1.4216589175195788,3.3222812031877846,18.824118666901914,24.717341203115577,False,prior:mean_pct; prior:volatility_pct; prior:q99_pct; posterior:volatility_pct; posterior:q99_pct; sigma posterior at training boundary,0.98046875,20,0.2,64,512,-0.0014749944268260152,0.00011834769247798249,0.002254487376194446,0.02476241160184145,0.024983014911413193,0.02499885596334934,0.6759669035673141,0.7199127972126007,0.7545969188213348,8.954468774795533,11.669214725494385,11.990546989440919,2.273107056077162,381
ARE,Alexandria Real Estate Equities,Real Estate,2026-09-06,2026-09-04,2025-08-29,0.49029541015625,0.37978515625,0.6201171874999999,-0.2261108938776178,21.590973072698308,1.5753501994893477,3.568903154654711,17.6364724604596,24.431910077506465,False,sigma posterior at training boundary,0.525390625,20,0.2,64,512,-0.0012316627253312618,0.00036661967169493437,0.00197742028394714,0.02339558731764555,0.024638529866933823,0.02497769147157669,0.561859792470932,0.620167076587677,0.6705687522888184,4.697526121139527,7.08179235458374,11.101618814468383,2.270835170352866,382
GPC,Genuine Parts Company,Consumer Discretionary,2026-09-06,2026-09-04,2025-08-29,0.444671630859375,0.32646484375,0.56884765625,-1.198935803136508,19.62912987190225,1.4196510758052934,3.5416549972118103,15.492190657100972,23.303989429736703,True,,0.021484375,20,0.2,64,512,-0.0018480486352927983,-0.0004886335955234244,0.0010224823548924177,0.018174509331583977,0.020767817273736,0.023988625034689903,0.5368446320295334,0.6065583825111389,0.6682730555534363,3.1196650505065917,4.594393730163574,8.191584396362304,2.265365982910388,383
HAS,Hasbro,Consumer Discretionary,2026-09-06,2026-09-04,2025-08-29,0.4365234375,0.324609375,0.5723632812499999,-1.3218475046671894,19.362699194711734,1.4802857589163592,3.4117617341892776,14.496194619676729,23.604408271911854,True,,0.029296875,20,0.2,64,512,-0.00181589912972413,-0.0005071104096714407,0.0009134663821896532,0.017409461736679076,0.020012758672237396,0.023954319208860396,0.5316761940717697,0.5849413573741913,0.6518008947372437,2.7705780029296876,3.7945793867111206,6.186818313598632,2.254455502873389,384
EL,Estée Lauder Companies (The),Consumer Staples,2026-09-06,2026-09-04,2025-08-29,0.48419189453125,0.3291015625,0.6205078125,-0.4363603006370285,21.534272124242857,1.3140582988491958,3.5889091080540045,17.14883353051329,24.722102315142873,False,posterior:volatility_pct; sigma posterior at training boundary,0.658203125,20,0.2,64,512,-0.0016094455611892044,8.311662168125622e-05,0.0020083984942175447,0.023830960877239703,0.024766582995653152,0.024987672455608845,0.5322541445493698,0.5884419977664948,0.6466925412416458,4.718409681320191,7.1085052490234375,11.09033169746399,2.24847114282612,385
META,Meta Platforms,Communication Services,2026-09-06,2026-09-04,2025-08-29,0.474395751953125,0.333203125,0.6263671875,-0.6131327348360358,21.172561560920165,1.3826650813935406,3.5762324156019547,16.75701243364969,24.86093159085831,True,,0.150390625,20,0.2,64,512,-0.0015007445821538568,-0.0001099766705010552,0.0015638299053534865,0.021104775369167328,0.023599108681082726,0.024904095754027366,0.5478582680225372,0.6210103034973145,0.6775109380483627,3.198282837867737,4.194911003112793,6.731091165542602,2.240615763889212,386
ROL,"Rollins, Inc.",Industrials,2026-09-06,2026-09-04,2025-08-29,0.419952392578125,0.3189453125,0.53095703125,-1.4215311887016744,18.760527151913394,1.5321101136367135,3.741365380887959,14.001769019873445,24.41909301765883,True,,0.009765625,20,0.2,64,512,-0.0015607071632985025,-0.0004925421962980181,0.0007571218768134714,0.015324335871264338,0.01845843344926834,0.023847629316151142,0.5392304569482803,0.6111652851104736,0.6817622572183609,2.450627255439758,3.0766862630844116,4.6130770444869995,2.2384892981820816,387
ABT,Abbott Laboratories,Health Care,2026-09-06,2026-09-04,2025-08-29,0.4052734375,0.2779296875,0.5287109375,-1.753230165959524,18.10607166127595,1.3534418506270651,3.7329753325310624,13.46536463607384,22.4343286863043,True,,0.005859375,20,0.2,64,512,-0.0018355165258981288,-0.0006864686438348144,0.0004931323433993383,0.01487003332003951,0.01713413931429386,0.022429240122437476,0.5337035804986954,0.5946711897850037,0.6574081480503082,2.6873462557792664,3.9517935514450073,6.57489275932312,2.2383289157458246,388
DELL,Dell Technologies,Information Technology,2026-09-06,2026-09-04,2025-08-29,0.506591796875,0.33515625,0.7103515625,0.16016428320416737,22.73316671024493,1.3123382605824845,4.012269906877398,17.510672848106225,26.060818889831232,False,prior:mean_pct; prior:volatility_pct; prior:q99_pct; posterior:mean_pct; posterior:volatility_pct; posterior:q99_pct; sigma posterior at training boundary,0.986328125,20,0.2,64,512,-0.0012549970357213168,0.0004617136437445879,0.0027988409157842396,0.02479622047394514,0.02498510293662548,0.024999260902404785,0.6978299498558045,0.7367928326129913,0.7644405692815781,9.627376699447632,11.781856060028076,11.9954665184021,2.228425996835273,389
SWKS,Skyworks Solutions,Information Technology,2026-09-06,2026-09-04,2025-08-29,0.493927001953125,0.37529296875,0.62861328125,-0.16355999970180096,22.222340443806395,1.4776860629034827,3.2812752196782133,18.877528767528045,25.233671640799077,False,sigma posterior at training boundary,0.70703125,20,0.2,64,512,-0.0015963823767378925,9.2412403319031e-05,0.0018251523782964795,0.02371463757008314,0.02479490451514721,0.024988066777586936,0.6310615748167038,0.6818652153015137,0.7265715509653091,5.288313674926758,8.567904949188232,11.574283504486084,2.2226596843033595,390
NVR,"NVR, Inc.",Consumer Discretionary,2026-09-06,2026-09-04,2025-08-29,0.392303466796875,0.25712890625,0.52119140625,-2.17146893267019,17.66732432760984,1.2824185929456413,3.585921715796023,14.638161996394757,20.387161767740107,True,,0.00390625,20,0.2,64,512,-0.0020570064196363093,-0.0007188226154539734,0.0005343370867194608,0.015891797188669444,0.017790584824979305,0.020019330829381943,0.5280424118041992,0.5688705444335938,0.6283671081066131,4.309459781646728,7.548128128051758,11.190524768829345,2.2205030004673523,391
FDS,FactSet,Financials,2026-09-06,2026-09-04,2025-08-29,0.48614501953125,0.359375,0.6263671875,-0.3470604033504852,21.916485567682454,1.5077360753926852,3.410751768020198,18.68230786679626,24.573214387779664,False,sigma posterior at training boundary,0.646484375,20,0.2,64,512,-0.0013551504467613994,0.00017794613086152822,0.0019329542119521646,0.023760626651346685,0.02476886659860611,0.024988086335361002,0.607227498292923,0.6594729423522949,0.704238948225975,4.5867215394973755,6.9329447746276855,10.905539274215698,2.2181705092722908,392
CEG,Constellation Energy,Utilities,2026-09-06,2026-09-04,2025-08-29,0.47509765625,0.33232421875,0.58564453125,-0.6431898468300277,21.423659923484262,1.3845439673835471,3.1733775892183997,17.886510113435826,24.010065166422493,False,posterior:volatility_pct; sigma posterior at training boundary,0.748046875,20,0.2,64,512,-0.001920315861934796,-0.00033996967249549925,0.0014911277103237803,0.024057585187256335,0.0248402189463377,0.024986802786588668,0.5315578430891037,0.5884361267089844,0.6462596744298935,6.551547431945801,9.874154567718506,11.880579423904418,2.217630684704838,393
ALGN,Align Technology,Health Care,2026-09-06,2026-09-04,2025-08-29,0.470550537109375,0.3482421875,0.60234375,-0.7838100019195713,21.283997076370778,1.5364169874178852,3.352542636012181,18.15498975937217,23.411117143200112,True,,0.33984375,20,0.2,64,512,-0.0016981565044261516,-4.305241054680664e-05,0.0016392646415624766,0.022695433907210828,0.02436334826052189,0.02495940737426281,0.5294132649898529,0.5854177176952362,0.640959095954895,5.35762848854065,8.000576972961426,11.465450572967528,2.2108184633786396,394
RL,Ralph Lauren Corporation,Consumer Discretionary,2026-09-06,2026-09-04,2025-08-29,0.452789306640625,0.3228515625,0.5951171875,-1.1635167451294668,20.535540324041953,1.4494096882270762,3.275132421104387,16.908233528200252,23.036440654090946,True,,0.037109375,20,0.2,64,512,-0.0016525680432096124,-0.00014967745664762333,0.001571925164898857,0.020410406216979027,0.02247709035873413,0.024432999081909657,0.5291734904050827,0.577822208404541,0.636889198422432,4.23740520477295,6.865289688110352,10.8994882106781,2.204905736570869,395
ADBE,Adobe Inc.,Information Technology,2026-09-06,2026-09-04,2025-08-29,0.466339111328125,0.35302734375,0.5818359374999998,-0.8398883588337567,21.18075149720175,1.5705160180843263,3.1002909037640753,18.353972893515273,24.014608101867946,True,,0.330078125,20,0.2,64,512,-0.0016992997145280242,-0.00017402355297235772,0.001329915109090507,0.022494065947830676,0.0243216659873724,0.024937693029642105,0.5615316659212113,0.6303694844245911,0.6844875484704971,4.6110358238220215,7.09257173538208,11.128961086273193,2.2017118296757996,396
PHM,PulteGroup,Consumer Discretionary,2026-09-06,2026-09-04,2025-08-29,0.435699462890625,0.328125,0.5666992187499997,-1.504594095291145,19.791150562299535,1.4450719927783482,3.4767872495785093,15.336786050156235,22.841067396212974,True,,0.013671875,20,0.2,64,512,-0.0022037140326574443,-0.0005914662033319473,0.0010094461089465768,0.01922854669392109,0.021375440061092377,0.02399012092500925,0.5297722220420837,0.5750156939029694,0.6324757158756256,4.11919412612915,6.7946062088012695,11.009186697006225,2.2014862729638143,397
SYK,Stryker Corporation,Health Care,2026-09-06,2026-09-04,2025-08-29,0.41741943359375,0.28349609375,0.5986328124999999,-1.585449332755956,18.973215180650723,1.4526044463517183,3.8050346302432176,15.530432790515919,22.406029219029683,True,,0.0,20,0.2,64,512,-0.0019802525523118673,-0.000693289446644485,0.0007684832147788256,0.01671715909615159,0.0187402181327343,0.022112191095948218,0.619701725244522,0.6798287928104401,0.735484853386879,3.609876346588135,6.235375881195068,10.94020481109619,2.200045852109678,398
TMUS,T-Mobile US,Communication Services,2026-09-06,2026-09-04,2025-08-29,0.427276611328125,0.273046875,0.57001953125,-1.5117854366897108,19.48096899911588,1.2996435858527378,3.955450129850056,15.198025769170318,23.58346148404723,True,,0.0078125,20,0.2,64,512,-0.001999472139868885,-0.00048255549336317927,0.0008920613938244058,0.017006099969148637,0.01910930871963501,0.02295782882720232,0.5760105878114701,0.6424762904644012,0.7014115303754807,3.23287148475647,5.15494441986084,10.167734336853027,2.193302660393928,399
LII,Lennox International,Industrials,2026-09-06,2026-09-04,2025-08-29,0.46142578125,0.33935546875,0.5953124999999999,-0.9719887391875734,21.04721394081691,1.439804208619456,3.12959338584044,17.288656937862648,23.70124761466254,True,,0.15625,20,0.2,64,512,-0.0016850324696861207,-0.00021103508333908394,0.0014234364498406644,0.021610386297106744,0.023694416508078575,0.02490268237888813,0.5216084241867065,0.5446382462978363,0.5995933175086975,3.524726092815399,4.599850416183472,7.152610826492309,2.1923366320477977,400
HD,Home Depot (The),Consumer Discretionary,2026-09-06,2026-09-04,2025-08-29,0.36907958984375,0.24365234375,0.5138671874999999,-2.429102820510598,16.842918772402136,1.285730085394808,3.4822699871950538,13.467881416888746,18.89536566941177,True,,0.0,20,0.2,64,512,-0.002227039611898363,-0.0008884942508302629,0.0004436745555722153,0.014927246002480387,0.016598735004663467,0.018752655759453774,0.5394767701625824,0.6062983572483063,0.6647964894771576,4.427924537658692,7.833988189697266,11.543521785736084,2.191304220076767,401
HII,Huntington Ingalls Industries,Industrials,2026-09-06,2026-09-04,2025-08-29,0.46661376953125,0.341015625,0.5958007812499999,-0.7736193779034004,21.308391078233832,1.390301714663196,3.3971670970042047,17.333592776664506,24.395062517422602,True,,0.146484375,20,0.2,64,512,-0.0015953040681779384,-0.00013156671775504947,0.0013482240960001942,0.02108880877494812,0.023469742387533188,0.02490337733179331,0.5547866433858871,0.6226486563682556,0.6779306352138519,3.1883471727371218,4.156617164611816,6.487030887603759,2.1898123036041337,402
LOW,Lowe's,Consumer Discretionary,2026-09-06,2026-09-04,2025-08-29,0.386871337890625,0.2734375,0.52080078125,-2.2134241190977733,17.678881703015392,1.4586441273565742,3.374388711096665,14.254106653581037,19.902307769533124,True,,0.0,20,0.2,64,512,-0.0022922576288692655,-0.0009306009742431343,0.0004418461903696875,0.016278809309005736,0.017827603965997696,0.020079171005636453,0.5336115777492523,0.5898596048355103,0.6525585144758225,4.263353252410889,7.722491264343262,11.356454849243164,2.1883247164023865,403
LUV,Southwest Airlines,Industrials,2026-09-06,2026-09-04,2025-08-29,0.469390869140625,0.3345703125,0.60517578125,-0.7749628227453951,21.451831376035674,1.4548937602823568,3.2491670176509686,18.12771284600059,24.08814304098922,True,,0.4609375,20,0.2,64,512,-0.0017677604453638196,-0.00014541471318807453,0.0015907618682831518,0.023117434978485108,0.024544566869735718,0.024969263188540935,0.533677077293396,0.5915220975875854,0.6494716227054596,4.5725054264068605,6.578526020050049,10.646853017807006,2.1881156014725724,404
CARR,Carrier Global,Industrials,2026-09-06,2026-09-04,2025-08-29,0.454193115234375,0.3462890625,0.55048828125,-1.0677252059837214,20.782393579267108,1.4671750533008736,3.1509046460953147,16.897017859987386,24.579757662196002,True,,0.072265625,20,0.2,64,512,-0.0018454195407684893,-0.0002718241303227842,0.0011703241325449196,0.02017200952395797,0.022695211693644524,0.024704387038946153,0.5465876549482346,0.6176207661628723,0.6786063462495804,3.6027870893478395,5.132636785507202,9.988009834289551,2.1854706653591927,405
ON,ON Semiconductor,Information Technology,2026-09-06,2026-09-04,2025-08-29,0.486053466796875,0.36357421875,0.6181640624999999,-0.3424961725476459,22.273891728604024,1.5374453541588442,3.303105173161975,18.573722892516802,24.9551123260891,False,prior:volatility_pct; prior:q01_pct; prior:q99_pct; posterior:volatility_pct; posterior:q99_pct; sigma posterior at training boundary,0.962890625,20,0.2,64,512,-0.001443213381571695,0.0002226327997050248,0.0023524768417701124,0.024651853926479818,0.024971943348646164,0.02499837167561054,0.632400494813919,0.6708301305770874,0.720494732260704,8.949825859069824,11.41562557220459,11.984150171279907,2.182166783960288,406
AKAM,Akamai Technologies,Information Technology,2026-09-06,2026-09-04,2025-08-29,0.4808349609375,0.3404296875,0.6322265625,-0.513303379717128,22.04888741420536,1.4180961208352294,3.543171322144926,17.82771826925164,25.019985009187423,False,prior:q99_pct; posterior:volatility_pct; posterior:q99_pct; sigma posterior at training boundary,0.771484375,20,0.2,64,512,-0.0018192242074292152,-6.069672053854447e-05,0.0018461606348864734,0.023993289098143578,0.024850154295563698,0.024991471879184247,0.5996802538633347,0.6602773368358612,0.7050277143716812,5.340862154960632,8.209662437438965,11.53613634109497,2.1807674550858023,407
AMCR,Amcor,Materials,2026-09-06,2026-09-04,2025-08-29,0.421356201171875,0.29521484375,0.5752929687499999,-1.6059119847861514,19.36741782219982,1.3510571410144017,3.6892241881957717,14.720289895522626,23.841119762619428,True,,0.005859375,20,0.2,64,512,-0.0018262308847624808,-0.0004878378676949069,0.0009796349389944224,0.017597735021263362,0.01961994171142578,0.023311611078679562,0.5664235353469849,0.6335262358188629,0.6937022686004639,3.381803369522095,5.882737159729004,10.809514808654786,2.175593076165772,408
BR,Broadridge Financial Solutions,Industrials,2026-09-06,2026-09-04,2025-08-29,0.411865234375,0.23066406250000002,0.5501953125,-1.679961075393882,18.954021622654977,1.0656052295471081,3.66345405115787,15.077023480980984,22.749810806044206,True,,0.0,20,0.2,64,512,-0.0019008369999937713,-0.00046636658953502774,0.0007400303002214059,0.016467663645744323,0.018465900793671608,0.021472588181495667,0.6360998153686523,0.6868001818656921,0.7364879339933396,4.021168971061707,7.229081153869629,11.287118864059448,2.1729701620827218,409
PLTR,Palantir Technologies,Information Technology,2026-09-06,2026-09-04,2025-08-29,0.475738525390625,0.34316406250000003,0.61572265625,-0.6364052029497578,21.902218049361057,1.3948964378471342,3.267029053743534,18.826451526118802,24.166663121110187,False,prior:volatility_pct; posterior:volatility_pct; posterior:q99_pct; sigma posterior at training boundary,0.892578125,20,0.2,64,512,-0.0018311209103558212,-3.5768245652434416e-05,0.002163127658423036,0.024334082566201686,0.02493269369006157,0.02499544098973274,0.5760214567184448,0.6317613124847412,0.6757952779531479,6.912814521789551,10.494398593902588,11.910633754730224,2.172102041530463,410
AVGO,Broadcom,Information Technology,2026-09-06,2026-09-04,2025-08-29,0.472625732421875,0.3560546875,0.5931640625,-0.7131963317942411,21.77234212564702,1.532382445336984,3.3148788750055505,17.981255126856162,24.810701024283052,False,prior:q99_pct; posterior:volatility_pct; posterior:q99_pct; sigma posterior at training boundary,0.6796875,20,0.2,64,512,-0.001684706495143473,-2.0427592971827835e-05,0.0016612915729638188,0.023739492893218993,0.02478022314608097,0.024986404553055765,0.5440366297960282,0.6068061292171478,0.6607975780963897,5.285566282272339,7.959797382354736,11.552773714065552,2.170762014000961,411
PYPL,PayPal,Financials,2026-09-06,2026-09-04,2025-08-29,0.468170166015625,0.35693359375,0.58369140625,-0.8023548390624189,21.64219191461901,1.5880128583562116,3.3599474590377465,17.588338464457564,24.705735527730425,True,,0.2578125,20,0.2,64,512,-0.001683370681712404,-9.899348879116587e-05,0.0014007963938638568,0.021978167816996574,0.023947909474372864,0.02492523118853569,0.5524334371089935,0.6162219643592834,0.6733150035142899,3.265805661678314,4.169611930847168,6.417898368835449,2.1632289735836894,412
NRG,NRG Energy,Utilities,2026-09-06,2026-09-04,2025-08-29,0.470184326171875,0.33984375,0.59345703125,-0.8125926307971207,21.741048730351174,1.3918678997505862,3.280848057297819,17.64392496389097,24.39181034278616,False,posterior:volatility_pct; sigma posterior at training boundary,0.755859375,20,0.2,64,512,-0.0017324208223726601,-0.00012445913307601586,0.0016490034468006343,0.024111975729465485,0.024866126477718353,0.02499130181968212,0.5356508284807205,0.5904054343700409,0.6521083593368531,6.584070014953613,9.840577125549316,11.86105694770813,2.1626570640793568,413
DASH,DoorDash,Consumer Discretionary,2026-09-06,2026-09-04,2025-08-29,0.467987060546875,0.3287109375,0.62626953125,-0.8665425798232316,21.890253235675747,1.2719871558955034,3.495096542335017,17.473888779141227,24.65303163670867,False,posterior:volatility_pct; sigma posterior at training boundary,0.681640625,20,0.2,64,512,-0.0016327986784745007,-5.867850177310174e-06,0.0018428449577186255,0.023829660937190057,0.02476750686764717,0.024986492283642293,0.5389539569616317,0.6012857258319855,0.6603417366743087,5.937394499778748,8.937385082244873,11.663795948028564,2.1378786965523577,414
HPQ,HP Inc.,Information Technology,2026-09-06,2026-09-04,2025-08-29,0.466033935546875,0.33818359375,0.580078125,-0.8299458732244189,21.908037430482505,1.4497600879095502,3.01065584463857,18.5931504076003,24.266434342556263,True,,0.48828125,20,0.2,64,512,-0.0016154403274413198,-0.00019911112758563831,0.0015175275213550768,0.02331211231648922,0.02458433248102665,0.024972549825906753,0.5833433657884598,0.6422214508056641,0.687573927640915,4.992673659324646,7.822256565093994,11.422645950317383,2.127228132714629,415
CMG,Chipotle Mexican Grill,Consumer Discretionary,2026-09-06,2026-09-04,2025-08-29,0.45709228515625,0.327734375,0.6103515624999999,-1.1185884438164204,21.493596385309548,1.3580264041862486,3.3563836736052615,17.75051485626861,24.66805994538363,True,,0.296875,20,0.2,64,512,-0.0017613568692468108,-0.0002127599946106784,0.0014545340265613045,0.022437440790235998,0.02418552152812481,0.024928522855043413,0.536133199930191,0.588332325220108,0.6478439927101135,3.9849735140800475,6.079528331756592,10.217865848541258,2.1266440337023527,416
CRM,Salesforce,Information Technology,2026-09-06,2026-09-04,2025-08-29,0.462677001953125,0.3279296875,0.57587890625,-1.0391558370879515,21.77627194739022,1.2978068446805295,3.2346554281103996,17.802060986538525,24.915453815905778,False,sigma posterior at training boundary,0.53125,20,0.2,64,512,-0.0017808843520469963,-0.00011380205978639424,0.0017086501640733332,0.02332847472280264,0.0246236901730299,0.02496832199394703,0.5268355041742325,0.5704469978809357,0.6254812210798264,4.703666114807129,7.023495674133301,10.665039300918579,2.124684165732852,417
URI,United Rentals,Industrials,2026-09-06,2026-09-04,2025-08-29,0.4581298828125,0.33427734375,0.595703125,-1.0462711654771026,21.582164639550395,1.405769201561537,3.385202287093399,16.966459227712942,25.0478644658614,True,,0.2109375,20,0.2,64,512,-0.0016903976909816265,-1.4553044820786454e-05,0.0018470940995030105,0.021487643010914326,0.02376285381615162,0.02493055388331413,0.5239798843860626,0.5491250157356262,0.6068469077348709,3.1509050369262694,3.986736536026001,5.7626941204071045,2.1227244368850475,418
TSLA,"Tesla, Inc.",Consumer Discretionary,2026-09-06,2026-09-04,2025-08-29,0.464508056640625,0.329296875,0.616015625,-1.0068988509961183,22.06439715300941,1.3633307501304062,3.3330432589323578,18.481759730793286,24.829142675642125,False,posterior:volatility_pct; sigma posterior at training boundary,0.783203125,20,0.2,64,512,-0.0016881073825061321,-1.4059497061680304e-05,0.0020161730702966453,0.02408097982406616,0.02488342486321926,0.0249899685382843,0.5382741004228592,0.5942122042179108,0.6453307032585144,7.697298192977906,10.607376098632812,11.913525247573853,2.105237924333091,419
MAS,Masco,Industrials,2026-09-06,2026-09-04,2025-08-29,0.42938232421875,0.29306640625,0.5677734374999998,-1.632555929487245,20.405303283017297,1.332226669255435,3.047465144376352,16.89725730925204,23.06983525285342,True,,0.056640625,20,0.2,64,512,-0.0018993895500898361,-0.00037496385630220175,0.0011902424506843089,0.019908909685909748,0.022407980635762215,0.024651850387454034,0.5261447787284851,0.5773668587207794,0.6401533514261246,3.2786876797676086,4.634681701660156,7.862326717376706,2.1042682790023104,420
WBD,Warner Bros. Discovery,Communication Services,2026-09-06,2026-09-04,2025-08-29,0.4388427734375,0.32255859375,0.57001953125,-0.9600322984629093,21.198370761385714,1.386952511108683,3.2838816146337586,16.318916917068975,24.879086208120945,False,posterior:mean_pct,0.033203125,20,0.2,64,512,-0.0014288561535067857,-0.00034649079316295683,0.000790942963794805,0.018210595473647118,0.0210932157933712,0.024442909844219686,0.750632381439209,0.7952693998813629,0.8297552794218064,2.83768767118454,4.173382759094238,7.70460057258606,2.0701721768018237,421
LDOS,Leidos,Industrials,2026-09-06,2026-09-04,2025-08-29,0.4324951171875,0.29248046875,0.5234375,-1.5204019583764603,20.892784313979387,1.307139291882806,2.9635577127350694,17.414375027066395,23.742197707137304,True,,0.052734375,20,0.2,64,512,-0.0020069175749085843,-0.0004369918315205723,0.0008787133934674782,0.018931994587182997,0.021833889186382294,0.024606768414378165,0.5459178954362869,0.621679425239563,0.6835478216409683,2.9571760058403016,3.9645090103149414,6.751660776138306,2.0700693152617147,422
PNR,Pentair,Industrials,2026-09-06,2026-09-04,2025-08-29,0.41583251953125,0.27802734375,0.5390625,-1.7509385900212338,20.08965525958731,1.3861131804329054,3.0309693603709174,16.17190914150005,22.4801150719396,True,,0.02734375,20,0.2,64,512,-0.0021090381778776646,-0.0007794653065502644,0.0006167539540911091,0.017752638645470144,0.020659424364566803,0.024230051785707474,0.538851973414421,0.6024770140647888,0.6703176975250243,2.7788774728775025,3.6436351537704468,6.056854391098023,2.0698837991896544,423
IR,Ingersoll Rand,Industrials,2026-09-06,2026-09-04,2025-08-29,0.41912841796875,0.309765625,0.5681640624999998,-1.9053973264974045,20.284286885768992,1.3872326311983982,3.4225152364907463,15.923258220580522,23.53922051649619,True,,0.0078125,20,0.2,64,512,-0.0023287308518774807,-0.0007442289497703314,0.0008713407674804327,0.019357075728476048,0.021369844675064087,0.023714493215084075,0.5311391651630402,0.5820769667625427,0.6414994418621063,4.316661167144775,7.513047695159912,11.35684676170349,2.066271396816031,424
ERIE,Erie Indemnity,Financials,2026-09-06,2026-09-04,2025-08-29,0.447540283203125,0.31865234375,0.54765625,-1.3257624416661726,21.66050740795809,1.3287104520194521,2.979230846440361,18.039298726766496,24.750903095071003,True,,0.14453125,20,0.2,64,512,-0.0020142688998021187,-0.0004236462409608066,0.0010790471511427312,0.021647449024021624,0.023711660876870155,0.024878192506730557,0.5643021374940872,0.6275784075260162,0.6776701450347901,4.074047946929932,6.236725807189941,10.930004358291626,2.066157891752334,425
GEN,Gen Digital,Information Technology,2026-09-06,2026-09-04,2025-08-29,0.43194580078125,0.26044921875,0.56328125,-1.5617127150564845,20.93153284332096,1.1759400244239127,3.37301708360014,15.39146962491205,24.666571887880824,True,,0.021484375,20,0.2,64,512,-0.0018720481428317725,-0.00039261994243133813,0.0011613037611823526,0.01916545396670699,0.021641619503498077,0.02402199003845453,0.5615860819816589,0.633127897977829,0.6956699162721633,3.393294036388397,5.277156591415405,9.618062448501586,2.0636128467728514,426
ARES,Ares Management,Financials,2026-09-06,2026-09-04,2025-08-29,0.46087646484375,0.32958984375,0.5874023437499998,-1.0346490114541027,22.35290894558094,1.3612204052855432,3.109545824236037,18.17340492216692,24.926739194270368,False,sigma posterior at training boundary,0.568359375,20,0.2,64,512,-0.0017663100268691778,-0.00014834221656201407,0.0015556687721982594,0.023535017855465412,0.024655243381857872,0.024979801662266255,0.5726115882396698,0.6307367086410522,0.684052300453186,4.820462799072265,7.337466716766357,11.154033279418945,2.0618187367280583,427
TYL,Tyler Technologies,Information Technology,2026-09-06,2026-09-04,2025-08-29,0.45538330078125,0.35576171875,0.5703125,-1.1172665425974058,22.134309568870545,1.5531749011919198,2.895847453139715,19.42773248681703,24.807934844155387,True,,0.310546875,20,0.2,64,512,-0.0017730476683937013,-0.00041290331864729524,0.0014183943159878252,0.022751371189951897,0.024333275854587555,0.024924314580857754,0.6111230939626694,0.6639182567596436,0.7147955060005188,4.837537717819214,7.232912540435791,11.31149082183838,2.057363927997538,428
ISRG,Intuitive Surgical,Health Care,2026-09-06,2026-09-04,2025-08-29,0.435577392578125,0.3173828125,0.54375,-1.4990853897022536,21.241115256587108,1.3794888650059232,2.919799907727959,17.76019001728303,24.260394099086966,True,,0.0859375,20,0.2,64,512,-0.002234156581107527,-0.0007358348811976612,0.0007432127924403175,0.019940989091992378,0.022684607654809952,0.024789977259933947,0.537898388504982,0.6010144352912903,0.6647915184497833,2.9427033424377442,3.773455858230591,5.880469083786011,2.0506333463025093,429
MRNA,Moderna,Health Care,2026-09-06,2026-09-04,2025-08-29,0.477630615234375,0.36025390625,0.6166015625,-0.47449659234199953,23.3011857104119,1.3320952851681533,3.1103857245831534,19.730392270444767,26.476958375267834,False,prior:mean_pct; prior:volatility_pct; prior:q99_pct; posterior:mean_pct; posterior:volatility_pct; posterior:q99_pct; sigma posterior at training boundary,0.978515625,20,0.2,64,512,-0.0016500239609740675,-0.00014064356946619228,0.001890268048737198,0.024738976918160915,0.024981454014778137,0.024998664669692517,0.7151412159204483,0.7546929121017456,0.780813193321228,9.864967536926269,11.825125694274902,11.997561645507812,2.049812490962426,430
BKNG,Booking Holdings,Consumer Discretionary,2026-09-06,2026-09-04,2025-08-29,0.433502197265625,0.2984375,0.5843749999999999,-1.6226980284946402,21.205602719136976,1.2757689766755582,3.284485371062493,16.8495116897032,24.833511520157987,True,,0.103515625,20,0.2,64,512,-0.0020648140576668083,-0.0005682974006049335,0.0010477446427103131,0.021011819317936897,0.023205559700727463,0.02477413136512041,0.5460087478160858,0.616182953119278,0.6688819140195846,4.289122819900513,6.95860481262207,11.001059532165527,2.044281424146513,431
ECHO,EchoStar,Communication Services,2026-09-06,2026-09-04,2025-08-29,0.464111328125,0.305859375,0.6517578125,-0.9477357037778575,22.77545899354914,1.2160487182837862,3.7065812599755668,17.227849999414477,25.793317407404835,False,prior:q99_pct; posterior:volatility_pct; posterior:q99_pct; sigma posterior at training boundary,0.89453125,20,0.2,64,512,-0.0023440082324668763,-0.0004693142982432619,0.0016075419145636259,0.024464982189238073,0.024925684556365013,0.02499247044324875,0.5789875775575638,0.6368439793586731,0.6889295309782029,7.013267993927002,10.26491117477417,11.885415649414062,2.0377693738530303,432
DLTR,Dollar Tree,Consumer Staples,2026-09-06,2026-09-04,2025-08-29,0.4444580078125,0.32734375,0.5709960937499998,-1.5349222300009344,21.817669656703913,1.4414465239603496,3.007427891507718,18.528612279737004,24.099554147111746,True,,0.392578125,20,0.2,64,512,-0.002287668245844543,-0.0006416089017875493,0.0011777623498346657,0.02293372619897127,0.024412980303168297,0.02494720686227083,0.5234125286340714,0.5513521432876587,0.6036791056394577,5.323269462585449,8.077581882476807,11.601329231262207,2.037147022601158,433
FIS,Fidelity National Information Services,Financials,2026-09-06,2026-09-04,2025-08-29,0.41632080078125,0.27548828125,0.5490234374999999,-1.7737962789089567,20.444841482281372,1.247893878216277,3.0719448579288655,16.23492375588507,23.4855333236434,True,,0.021484375,20,0.2,64,512,-0.0020521645550616086,-0.0005963355652056634,0.0007496034348150715,0.018755180295556784,0.02127736248075962,0.024206758849322794,0.5568745344877243,0.6301072537899017,0.692848163843155,3.345268261432648,5.174888372421265,9.82215027809143,2.0363121970989924,434
TXN,Texas Instruments,Information Technology,2026-09-06,2026-09-04,2025-08-29,0.4488525390625,0.33291015625,0.56328125,-1.2903858099966024,22.073616061730565,1.4068189711876877,3.0985234094715537,17.51120344942876,24.939286729267707,True,,0.2578125,20,0.2,64,512,-0.0020136202103458343,-0.0003974051505792886,0.0012404774548485872,0.022141339257359505,0.024097632616758347,0.02494786698371172,0.5512226998806,0.6147920489311218,0.6725500524044037,3.73574640750885,5.267852783203125,9.053492021560668,2.0334345664400857,435
DAL,Delta Air Lines,Industrials,2026-09-06,2026-09-04,2025-08-29,0.445159912109375,0.3115234375,0.60625,-1.5537082084657425,21.947196591430725,1.3914816217519035,3.3864215751329194,18.218380243234595,24.39951447593141,True,,0.265625,20,0.2,64,512,-0.0020676632644608616,-0.0005278340831864625,0.0013052962080109863,0.02247926630079746,0.024213289842009544,0.02492206823080778,0.5401870101690293,0.5985857546329498,0.6591180205345154,6.020249843597412,9.334842681884766,11.752060556411744,2.0283224340514976,436
BF-B,Brown–Forman,Consumer Staples,2026-09-06,2026-09-04,2025-08-29,0.4395751953125,0.3404296875,0.5978515624999999,-1.5985345148212926,21.753050641185865,1.3447927532928812,3.286618874747535,16.971724017909786,24.82608449386062,True,,0.1953125,20,0.2,64,512,-0.001821143354754895,-0.00028684522840194404,0.001344976242398843,0.021794229187071322,0.023685289546847343,0.024899592995643614,0.5263596117496491,0.5665609538555145,0.6321521878242492,3.461875009536743,4.378967761993408,7.0389988899230955,2.020751951361874,437
IT,Gartner,Information Technology,2026-09-06,2026-09-04,2025-08-29,0.456878662109375,0.31962890625,0.5972656249999999,-1.1677229372510087,22.641268913264295,1.3300440493387866,3.1080217751054833,18.61358301935174,25.541426256736404,False,posterior:volatility_pct; sigma posterior at training boundary,0.80078125,20,0.2,64,512,-0.0015454454871360213,1.872073971753707e-05,0.001788237504661083,0.02410939335823059,0.024861330166459084,0.024990857951343058,0.5848318129777909,0.6386803090572357,0.6882104992866516,5.268278980255127,8.054548740386963,11.572981691360473,2.017902193819687,438
APP,AppLovin,Communication Services,2026-09-06,2026-09-04,2025-08-29,0.4674072265625,0.315625,0.6654296875,-0.7602698312161924,23.164489367133235,1.1737653913514796,3.574396114136595,18.340809461533773,26.181012036478823,False,prior:volatility_pct; prior:q01_pct; prior:q99_pct; posterior:volatility_pct; posterior:q01_pct; posterior:q99_pct; sigma posterior at training boundary,0.97265625,20,0.2,64,512,-0.001948126294882968,-0.0001600917021278292,0.0022138503962196407,0.024702902883291245,0.02498396672308445,0.024999105371534824,0.6660533547401428,0.7059172689914703,0.741525161266327,9.070251750946046,11.455445289611816,11.983554792404174,2.0177747894830667,439
TECH,Bio-Techne,Health Care,2026-09-06,2026-09-04,2025-08-29,0.48284912109375,0.36396484375,0.6065429687499999,-0.2960450902395882,23.967485254142208,1.3866360308000822,2.8646856267477636,19.92070927903882,26.590967380347823,False,sigma posterior at training boundary,0.705078125,20,0.2,64,512,-0.001008277159417048,7.503050801460631e-05,0.0013123273209203034,0.023819098994135857,0.024790819734334946,0.024990781396627425,0.7539979040622711,0.7976038157939911,0.8317968308925628,4.1812827587127686,6.707223415374756,11.318228340148925,2.0146006807714674,440
LYB,LyondellBasell,Materials,2026-09-06,2026-09-04,2025-08-29,0.444671630859375,0.30751953125,0.57744140625,-1.4551706146583296,22.07749962814085,1.254580779771916,3.021796925228822,18.40739455948455,24.82560060112672,False,sigma posterior at training boundary,0.5234375,20,0.2,64,512,-0.0020430324249900876,-0.0003487209032755345,0.0015397621260490268,0.023358015902340414,0.024620704352855682,0.024972318299114706,0.5306228280067444,0.5810032188892365,0.6378653883934021,5.76647686958313,9.008453369140625,11.735161399841308,2.0141394557768626,441
GPN,Global Payments,Financials,2026-09-06,2026-09-04,2025-08-29,0.44207763671875,0.33408203125,0.55986328125,-1.5007253636024784,21.984972988364817,1.4019045984547993,3.034883947094994,17.891335222460267,24.919056232852466,True,,0.232421875,20,0.2,64,512,-0.0018588659644592554,-0.00020551837951643392,0.0013570331851951774,0.022265725396573545,0.024042095988988876,0.02493880707770586,0.5389324635267257,0.5968135893344879,0.6563744843006134,4.1305823802948,6.169031143188477,10.609891939163207,2.0108172839362246,442
UBER,Uber,Industrials,2026-09-06,2026-09-04,2025-08-29,0.428436279296875,0.2916015625,0.5763671874999999,-1.7727677184303736,21.458704710664005,1.2460161583270637,3.36935694523404,17.066041263865095,24.53411486812428,True,,0.12109375,20,0.2,64,512,-0.0022128603886812925,-0.000495262851472944,0.0010780233598779883,0.020732454769313336,0.02314627543091774,0.02488009613007307,0.523507222533226,0.5545682311058044,0.6078691244125366,3.5791377305984495,5.085508584976196,9.047538137435913,1.9965616987308725,443
PTC,PTC Inc.,Information Technology,2026-09-06,2026-09-04,2025-08-29,0.430328369140625,0.30732421875,0.578125,-1.4636254928048984,21.629211234489055,1.333077387112592,3.1527493050344395,17.237753649411776,25.436158428353895,True,,0.072265625,20,0.2,64,512,-0.0018219135235995054,-0.0005830019945278764,0.0010405934415757653,0.019856702536344528,0.02272805944085121,0.024699685722589494,0.6288503378629684,0.6873729228973389,0.7416888236999511,2.8804377913475037,3.7217659950256348,6.463793039321899,1.989570329104008,444
ZBRA,Zebra Technologies,Information Technology,2026-09-06,2026-09-04,2025-08-29,0.4385986328125,0.30556640625,0.59345703125,-1.6390223309866114,22.123569116285356,1.237170251879591,3.269527231675798,18.126484237977916,25.96416750782381,False,posterior:volatility_pct,0.447265625,20,0.2,64,512,-0.0022149292402900756,-0.0005407229473348707,0.001402145298197865,0.02311469689011574,0.024509912356734276,0.024974976480007172,0.5386442244052887,0.5911310613155365,0.6479273915290832,4.370876812934876,6.180138111114502,10.239322805404663,1.9824949152966627,445
BRO,Brown & Brown,Financials,2026-09-06,2026-09-04,2025-08-29,0.401214599609375,0.24453125,0.56416015625,-2.096144582705123,20.24289490895387,1.1678360896845907,3.373940619617882,15.964673388199554,22.81653958641537,True,,0.013671875,20,0.2,64,512,-0.0023905729642137883,-0.0008312976860906929,0.0007266173546668141,0.017931607179343702,0.020398376509547234,0.023646499775350095,0.5473120331764221,0.6114747524261475,0.6735670089721679,3.1540920734405518,4.8340232372283936,9.285398912429807,1.9820020872207815,446
TSCO,Tractor Supply,Consumer Discretionary,2026-09-06,2026-09-04,2025-08-29,0.393798828125,0.246484375,0.5091796875,-2.3586804028939587,19.918558008434335,1.1387724237280894,2.9641031059193543,16.401292855256912,22.960237170642646,True,,0.0078125,20,0.2,64,512,-0.0025051321252249183,-0.0009329408640041947,0.0007260551588842644,0.018243272695690392,0.020245300605893135,0.022986062243580817,0.5404196560382843,0.600374698638916,0.6565146476030349,4.509997010231018,7.850679874420166,11.372233057022095,1.9770448641826854,447
SNPS,Synopsys,Information Technology,2026-09-06,2026-09-04,2025-08-29,0.441497802734375,0.30810546875,0.5541015625,-1.518318029816956,22.33828023049547,1.3331907728977734,2.88522495819214,19.297549854083723,25.27334119111283,False,prior:q99_pct; posterior:volatility_pct; posterior:q99_pct; sigma posterior at training boundary,0.51171875,20,0.2,64,512,-0.0021456919494085014,-0.0004663916624849662,0.0012938021332956847,0.023345410451292993,0.02460660971701145,0.024979295581579207,0.5267624288797379,0.5691533982753754,0.6295751631259918,3.751526415348053,4.884954452514648,7.653563117980956,1.976418050892105,448
BX,Blackstone Inc.,Financials,2026-09-06,2026-09-04,2025-08-29,0.429595947265625,0.3083984375,0.5541015625,-1.8281286322349655,21.741803035099128,1.2467823531690176,2.893224317246426,18.138266227737624,24.965077367021927,True,,0.09375,20,0.2,64,512,-0.001925646001473069,-0.0004350558010628447,0.0012888050288893283,0.02135232128202915,0.02330479398369789,0.024806979484856127,0.541319751739502,0.5976245105266571,0.6548561573028564,4.528202962875366,7.61293888092041,11.198163080215455,1.9758984412291007,449
LULU,Lululemon Athletica,Consumer Discretionary,2026-09-06,2026-09-04,2025-08-29,0.4351806640625,0.2892578125,0.5736328125,-1.7577439850169185,22.173128043288127,1.1486043487160513,3.024549282782676,17.856194556517334,25.258821177476253,False,prior:q01_pct; posterior:volatility_pct; posterior:q01_pct; sigma posterior at training boundary,0.501953125,20,0.2,64,512,-0.00215915689477697,-0.0003258638025727123,0.0013594963354989886,0.02335549648851156,0.024600893259048462,0.024976024962961675,0.5248913556337357,0.5569194853305817,0.6180819243192672,4.900362300872803,7.724932670593262,11.576717567443847,1.9626489470177868,450
KKR,KKR & Co.,Financials,2026-09-06,2026-09-04,2025-08-29,0.429046630859375,0.3123046875,0.5355468749999999,-1.8029458083048566,21.907490173847872,1.2728705267881069,2.757078698526332,18.469945085992723,24.57531603528546,True,,0.24609375,20,0.2,64,512,-0.001983378641307354,-0.00033841699769254774,0.0013099744101054962,0.022164095751941205,0.024046719074249268,0.0249252587556839,0.5271423578262329,0.5655499696731567,0.6233449012041091,4.093085050582886,6.200882911682129,10.2645263671875,1.9584472135085134,451
ZTS,Zoetis,Health Care,2026-09-06,2026-09-04,2025-08-29,0.402923583984375,0.279296875,0.5236328124999999,-2.065702223109378,20.579443917158553,1.2844085845369915,3.2300886717911834,15.879133116540512,23.462161812226114,True,,0.03515625,20,0.2,64,512,-0.0021649127826094627,-0.0007740191067568958,0.0005511599127203225,0.01837149066850543,0.02138395793735981,0.024444500915706158,0.5582406729459762,0.632045328617096,0.6911930620670319,2.7654362440109255,3.5807764530181885,5.609114480018615,1.9578934474921785,452
DHI,D. R. Horton,Consumer Discretionary,2026-09-06,2026-09-04,2025-08-29,0.4150390625,0.28046875,0.559375,-2.128800841377471,21.222796837286033,1.1696359706561128,3.2636447520423624,17.445363556877766,24.57289117552407,True,,0.0859375,20,0.2,64,512,-0.0025970551650971174,-0.0008624998445156962,0.0009057661052793264,0.02071391548961401,0.02294136956334114,0.024712087586522102,0.5217710196971893,0.5404614210128784,0.5925147622823715,3.9948065161705015,6.127150058746338,10.480535507202148,1.9556284955375143,453
NOW,ServiceNow,Information Technology,2026-09-06,2026-09-04,2025-08-29,0.4490966796875,0.3025390625,0.5998046874999999,-1.2741364478854542,22.97493270858211,1.1896611223805214,3.098846832819689,18.989302506833212,25.233657097746192,False,prior:q99_pct; posterior:volatility_pct; posterior:q99_pct; sigma posterior at training boundary,0.919921875,20,0.2,64,512,-0.0021842308808118103,-0.0005129276541993022,0.0013451926875859498,0.024455103650689126,0.024938169866800308,0.02499707378447056,0.6420089513063431,0.6864931881427765,0.7286431223154068,7.001197338104248,10.393908977508545,11.911444234848023,1.9547246792141566,454
CHTR,Charter Communications,Communication Services,2026-09-06,2026-09-04,2025-08-29,0.445220947265625,0.294140625,0.57392578125,-1.354177865611361,22.801242082985645,1.1654473167728783,3.042975717078353,19.20428753462652,25.68720508488813,False,posterior:volatility_pct; sigma posterior at training boundary,0.689453125,20,0.2,64,512,-0.0021402677055448295,-0.0005201146996114403,0.0012397514656186104,0.023708630166947842,0.02478177286684513,0.02498545479029417,0.6095969527959824,0.6658384501934052,0.7121693909168243,5.2450100660324095,8.364382266998291,11.5226309299469,1.9526170795662496,455
NXPI,NXP Semiconductors,Information Technology,2026-09-06,2026-09-04,2025-08-29,0.43524169921875,0.29628906250000003,0.56220703125,-1.6681683074385778,22.48312234671236,1.2216139271461242,2.7839194199410486,19.015282518850363,25.118544029322777,False,posterior:volatility_pct,0.478515625,20,0.2,64,512,-0.002261871239170432,-0.000645243126200512,0.001230973657220602,0.023194914683699608,0.024573463946580887,0.024977715127170085,0.5605885028839112,0.6272616386413574,0.6790732473134995,4.416486191749573,6.734652042388916,10.703940629959106,1.9358596751237895,456
SBAC,SBA Communications,Real Estate,2026-09-06,2026-09-04,2025-08-29,0.392242431640625,0.2791015625,0.56298828125,-2.1863018678190462,20.372745874122046,1.27445695076602,3.0983184507608694,16.443731246199363,23.907738838869694,True,,0.017578125,20,0.2,64,512,-0.00206734430976212,-0.0008769806590862572,0.0005976488755550236,0.017771838419139385,0.02031984180212021,0.02391062080860138,0.5989484488964081,0.6626644730567932,0.715884679555893,2.952191472053528,4.461225986480713,8.313017559051513,1.9253292318285913,457
GDDY,GoDaddy,Information Technology,2026-09-06,2026-09-04,2025-08-29,0.444854736328125,0.3248046875,0.5919921874999997,-1.370178539889305,23.140149640141676,1.2720096253895468,3.0591247926237997,19.43269313333215,26.131879501137462,False,sigma posterior at training boundary,0.53125,20,0.2,64,512,-0.0016834443027619272,-5.605554179055616e-05,0.0014580495713744312,0.0233566140756011,0.02462179772555828,0.02498150710016489,0.6251960813999176,0.6783746182918549,0.7253204166889191,5.325513172149658,8.205560684204102,11.538615512847901,1.9224367311628214,458
DOW,Dow Inc.,Materials,2026-09-06,2026-09-04,2025-08-29,0.42950439453125,0.27958984375,0.584765625,-1.8994294936616085,22.384554817923984,1.0466667262940756,3.3355937220595897,17.512198395807076,25.309454152625698,False,sigma posterior at training boundary,0.640625,20,0.2,64,512,-0.0022311655106022955,-0.0005516597593668848,0.0012958887731656427,0.023614751733839513,0.024744734168052673,0.024985700845718384,0.5233824551105499,0.5557620525360107,0.603690680861473,5.796825361251831,8.832759380340576,11.747224140167237,1.9187533458888937,459
VRSK,Verisk Analytics,Industrials,2026-09-06,2026-09-04,2025-08-29,0.41485595703125,0.28642578125,0.54765625,-1.84301634642694,21.829277692048972,1.235830954517143,2.9773638225849193,17.953846181803982,25.83293880620854,True,,0.037109375,20,0.2,64,512,-0.0020400292705744505,-0.0005875973147340119,0.000865181002882309,0.01990921553224325,0.02220870926976204,0.024382936395704744,0.61473408639431,0.6737885475158691,0.7238246381282807,3.808401954174042,5.967149019241333,10.34170513153076,1.9004566384821604,460
UAL,United Airlines Holdings,Industrials,2026-09-06,2026-09-04,2025-08-29,0.43304443359375,0.30888671875,0.5842773437499997,-1.815346943856816,22.842009408936168,1.2382666210687625,3.2098341242290194,18.58193419292088,25.284436831429062,False,posterior:volatility_pct; posterior:q99_pct; sigma posterior at training boundary,0.857421875,20,0.2,64,512,-0.002463735162746161,-0.0007487152761314064,0.0010804718069266524,0.02427894063293934,0.024913638830184937,0.024992516450583934,0.5633668839931488,0.6232586801052094,0.6674704521894455,7.3265584945678714,10.58149766921997,11.906148195266724,1.8958246003713488,461
VST,Vistra Corp.,Utilities,2026-09-06,2026-09-04,2025-08-29,0.433319091796875,0.2779296875,0.6234374999999999,-1.8333409703941095,22.900478757288507,1.0295349792394324,3.2897294295498862,18.447077979957047,26.937019562809844,False,posterior:volatility_pct; sigma posterior at training boundary,0.8515625,20,0.2,64,512,-0.002111320407129824,-0.00040277373045682907,0.0015832407632842653,0.024301709979772566,0.024924540892243385,0.024995335564017295,0.550796240568161,0.6068619787693024,0.6548713982105255,7.243239068984986,10.602794647216797,11.941461277008056,1.892183549476943,462
CPRT,Copart,Industrials,2026-09-06,2026-09-04,2025-08-29,0.405792236328125,0.265234375,0.5404296875,-1.9209685681050803,21.590485827758332,1.1150747665683811,3.2388872549037804,15.849566446697864,25.96457498512957,True,,0.052734375,20,0.2,64,512,-0.0021253265324048696,-0.0007354642439167947,0.00046668650757055726,0.017523091286420822,0.021255411207675934,0.024625777266919613,0.5929670184850693,0.6587298512458801,0.7198935866355896,2.664361274242401,3.318725824356079,5.585575747489928,1.8794956239771519,463
MCHP,Microchip Technology,Information Technology,2026-09-06,2026-09-04,2025-08-29,0.4267578125,0.30087890625,0.6134765624999997,-1.9444369779867077,22.707077592421072,1.1650605674885248,3.340213632194,18.065964115360845,25.576003426067278,False,prior:q99_pct; posterior:volatility_pct; posterior:q99_pct; sigma posterior at training boundary,0.720703125,20,0.2,64,512,-0.002359346637967974,-0.0006095959979575127,0.001339541177731007,0.023880421184003353,0.02481907419860363,0.024989803694188593,0.53611219227314,0.6045652627944946,0.6546192705631256,5.6766386985778805,8.56486988067627,11.584473848342896,1.8794043873018635,464
F,Ford Motor Company,Consumer Discretionary,2026-09-06,2026-09-04,2025-08-29,0.42242431640625,0.294140625,0.5587890624999999,-1.8038062601250626,22.602025260154416,1.2442786472963956,2.799897422712958,18.49618343715493,26.19356481175956,True,,0.12109375,20,0.2,64,512,-0.002067475509829819,-0.0005696347216144204,0.0009197962761390954,0.02074176203459501,0.02332770824432373,0.0247929610311985,0.5962849974632263,0.6622141897678375,0.7148090034723282,3.5204979538917542,5.075042724609375,9.33357801437378,1.8689666591557645,465
ACN,Accenture,Information Technology,2026-09-06,2026-09-04,2025-08-29,0.4312744140625,0.291015625,0.56220703125,-1.7768440675769381,23.233442701961618,1.1441859182899636,2.766812233567956,19.811239602374066,26.591005327879515,True,,0.4375,20,0.2,64,512,-0.002308039669878781,-0.0006050291121937335,0.0011385723249986769,0.02318025715649128,0.024499589577317238,0.024969458021223544,0.5754781395196915,0.6333887875080109,0.6858700156211853,4.266093325614929,6.418465614318848,10.830415821075439,1.8562656408474805,466
PODD,Insulet Corporation,Health Care,2026-09-06,2026-09-04,2025-08-29,0.416717529296875,0.27265625,0.54931640625,-2.1271711724578477,22.62292452583578,1.1766642762857489,2.9245499867085445,19.175928933003032,25.555569158701164,False,prior:q01_pct,0.3125,20,0.2,64,512,-0.0024286766070872544,-0.0007128539145924151,0.0010929444222711024,0.022412746958434582,0.02422473393380642,0.024960544891655445,0.5708906829357148,0.6399813294410706,0.6889414310455322,4.236046171188354,6.468446254730225,10.688584041595458,1.8420144080884688,467
BSX,Boston Scientific,Health Care,2026-09-06,2026-09-04,2025-08-29,0.404327392578125,0.290234375,0.51806640625,-2.2314765754483545,22.03123231474907,1.2386633377642975,2.8106642450399595,18.031268937192362,25.418762995422174,True,,0.07421875,20,0.2,64,512,-0.002326308749616146,-0.000825906201498583,0.0005853436858160421,0.01973497224971652,0.022311996668577194,0.024759133532643317,0.5500945210456848,0.6211395561695099,0.6820156931877136,2.963145112991333,3.833704710006714,5.979044628143311,1.835246375698391,468
PSKY,Paramount Skydance Corporation,Communication Services,2026-09-06,2026-09-04,2025-08-29,0.41729736328125,0.322265625,0.5521484375,-2.152368447727371,22.759452790668437,1.3203742969727976,2.768112569458558,19.373145911531978,25.264857248409577,False,prior:q99_pct; posterior:volatility_pct; posterior:q99_pct; sigma posterior at training boundary,0.69921875,20,0.2,64,512,-0.002515030524227768,-0.0008655704732518643,0.0008310889679705723,0.023857619054615496,0.02481396682560444,0.024989533238112926,0.5418038159608841,0.604250580072403,0.6595611423254013,5.678440713882447,8.306356430053711,11.587453937530517,1.8335122866062288,469
APTV,Aptiv,Consumer Discretionary,2026-09-06,2026-09-04,2025-08-29,0.41656494140625,0.30302734375,0.525390625,-2.037154140942976,22.86684641559614,1.2183837330489904,2.6045299696155917,19.35894451076586,25.68890746767776,True,,0.388671875,20,0.2,64,512,-0.0024216605466790496,-0.0006696853088214993,0.0009113495150813828,0.022676606848835944,0.024438705295324326,0.024966395646333694,0.5967366993427277,0.6531678736209869,0.701477873325348,5.322427654266358,8.562517166137695,11.5095365524292,1.8216982518504843,470
FSLR,First Solar,Information Technology,2026-09-06,2026-09-04,2025-08-29,0.418731689453125,0.2857421875,0.553515625,-2.206763535832729,23.03464243071831,1.1260661703995776,2.8669172392905646,18.555433236642116,25.639211023916015,False,prior:q01_pct; prior:q99_pct; posterior:volatility_pct; posterior:q01_pct; posterior:q99_pct; sigma posterior at training boundary,0.791015625,20,0.2,64,512,-0.0024192562326788903,-0.0005640580493491143,0.0013569953211117532,0.0240469204261899,0.02486995980143547,0.024992728605866432,0.5545827388763428,0.6144246459007263,0.6620604813098907,6.492522811889648,9.048371315002441,11.808013963699342,1.817834553814115,471
INTC,Intel,Information Technology,2026-09-06,2026-09-04,2025-08-29,0.44342041015625,0.3013671875,0.5948242187499999,-1.2492810315815115,24.427120205094486,1.1605997606386658,2.9464921495114034,19.417431545366902,27.152199933617972,False,prior:mean_pct; prior:volatility_pct; prior:q99_pct; posterior:mean_pct; posterior:volatility_pct; posterior:q99_pct; sigma posterior at training boundary,0.9609375,20,0.2,64,512,-0.0018627608951646835,-0.00035085757554043084,0.0019341375038493423,0.02468341514468193,0.024982459843158722,0.024998621083796024,0.7131865710020066,0.754863440990448,0.7794639348983765,9.828919601440429,11.84485149383545,11.998184442520142,1.8152791095848084,472
CDNS,Cadence Design Systems,Information Technology,2026-09-06,2026-09-04,2025-08-29,0.41387939453125,0.27958984375,0.5808593749999997,-2.178491469365229,22.9031046365119,1.1174480799848165,2.779518021101347,18.406835569308992,26.574040412752314,True,,0.2890625,20,0.2,64,512,-0.0023906814865767958,-0.0007266870816238225,0.0008799819770501918,0.02234031856060028,0.024177877232432365,0.02494480088353157,0.5639806985855103,0.6292523741722107,0.686481237411499,3.978746771812439,5.743954420089722,10.040290546417236,1.8070886069805907,473
LEN,Lennar,Consumer Discretionary,2026-09-06,2026-09-04,2025-08-29,0.3992919921875,0.2720703125,0.521484375,-2.673651439457964,22.120399499632533,1.1360351170545833,2.726849907926405,18.010232550043703,24.49201116862065,True,,0.130859375,20,0.2,64,512,-0.0029414973105303943,-0.0009006871550809592,0.0006478061084635554,0.02164207901805639,0.023610610514879227,0.024869094789028167,0.5219176858663559,0.5444867610931396,0.5960956633090972,4.590773582458496,7.1739397048950195,11.14237937927246,1.8050849045205222,474
IP,International Paper,Materials,2026-09-06,2026-09-04,2025-08-29,0.412017822265625,0.31669921875,0.52900390625,-2.2243026754859785,22.990138763046794,1.2833838920317875,2.7527311553836378,18.61055919049294,25.81944966546222,True,,0.388671875,20,0.2,64,512,-0.0021978204138576986,-0.0007690070196986198,0.0009423119801795109,0.02273192014545202,0.024369236081838608,0.024966609291732313,0.5442364394664765,0.6103880107402802,0.6664827167987823,3.659491229057312,4.973689317703247,8.552016258239746,1.7921502193274361,475
BA,Boeing,Industrials,2026-09-06,2026-09-04,2025-08-29,0.389984130859375,0.2701171875,0.5472656249999999,-2.5246242257821017,21.766207027502936,1.1069048595516464,3.055924327593825,16.594944357164838,25.190281559590133,True,,0.037109375,20,0.2,64,512,-0.0023275211337022484,-0.0008257099252659827,0.0007636337890289723,0.019543066527694462,0.021694350987672806,0.024449526518583297,0.5456533849239349,0.6117354333400726,0.6723177045583725,3.439516806602478,5.15084171295166,9.269985246658324,1.791695403643851,476
MGM,MGM Resorts,Consumer Discretionary,2026-09-06,2026-09-04,2025-08-29,0.397705078125,0.25537109375,0.53955078125,-2.365005103731066,22.254050913674604,1.0239790798132586,2.68979020414991,19.042154515705782,24.894251035128967,True,,0.099609375,20,0.2,64,512,-0.002472160116303712,-0.0010114246979355812,0.00039777791826054435,0.02024382781237364,0.022916169837117195,0.024813808873295783,0.5643584132194519,0.6292838752269745,0.6876830428838729,3.0825505375862123,4.029082775115967,7.489428138732908,1.7871131852251643,477
INTU,Intuit,Information Technology,2026-09-06,2026-09-04,2025-08-29,0.41522216796875,0.27177734375,0.5660156249999999,-2.2015323775395004,23.407223877997353,1.015093014198155,2.9857768102935762,19.096313949196826,26.33041882225954,False,posterior:volatility_pct; sigma posterior at training boundary,0.697265625,20,0.2,64,512,-0.0022751305368728936,-0.0006463111494667828,0.001039635617053136,0.023759656213223936,0.024789007380604744,0.024987348914146425,0.6118064016103745,0.6683429777622223,0.7144507437944412,6.235628366470337,9.47804594039917,11.814781761169433,1.77390608187012,478
WDAY,"Workday, Inc.",Information Technology,2026-09-06,2026-09-04,2025-08-29,0.423370361328125,0.26240234375,0.5440429687499999,-1.9164810559651801,24.034239597674436,1.0270250179218807,2.831060765960021,19.57703112534272,26.718974294205644,False,posterior:volatility_pct; sigma posterior at training boundary,0.873046875,20,0.2,64,512,-0.002300156117416918,-0.0005501993000507355,0.0012293486273847521,0.024324692226946353,0.024900587275624275,0.024993472546339036,0.6264697074890136,0.6785404682159424,0.7225192606449127,6.431236696243286,9.479021549224854,11.86744441986084,1.761530085474768,479
WYNN,Wynn Resorts,Consumer Discretionary,2026-09-06,2026-09-04,2025-08-29,0.37347412109375,0.238671875,0.5138671874999999,-2.952960739530491,21.406551144275102,1.0223020909540435,2.97128788263538,17.464780865588573,24.215787031754545,True,,0.009765625,20,0.2,64,512,-0.0027761470875702797,-0.0010549213620834053,0.0006436225463403385,0.0196212412789464,0.02160862646996975,0.023818889632821083,0.53297561109066,0.5898507833480835,0.6470659911632538,4.938435029983521,8.951804161071777,11.745429039001465,1.7446720799470339,480
DDOG,Datadog,Information Technology,2026-09-06,2026-09-04,2025-08-29,0.4078369140625,0.2771484375,0.5479492187499999,-2.4717057503621245,23.541417008847194,1.0839804644500823,2.7217194442161143,19.487794158203123,26.0964853514018,False,prior:volatility_pct; prior:q99_pct; posterior:volatility_pct; posterior:q01_pct; posterior:q99_pct; sigma posterior at training boundary,0.890625,20,0.2,64,512,-0.0024894695379771292,-0.0008554432424716651,0.001160503178834915,0.024410332925617693,0.024930212646722794,0.02499574963003397,0.5916945248842239,0.6483864188194275,0.698015895485878,6.813164758682251,9.79340410232544,11.873491287231445,1.7324229629390158,481
MOS,Mosaic Company (The),Materials,2026-09-06,2026-09-04,2025-08-29,0.402801513671875,0.29326171875,0.5108398437499999,-2.52248029686975,23.263890272577033,1.1878165163134424,2.645882331719604,19.47611403830317,25.791284523234975,False,sigma posterior at training boundary,0.69140625,20,0.2,64,512,-0.002798835060093552,-0.001020440540742129,0.0006935504265129565,0.023715859092772008,0.024783669039607048,0.024987301975488662,0.571953347325325,0.6268255412578583,0.6757094174623489,5.874243640899659,9.083483695983887,11.767893409729004,1.731445209517209,482
DPZ,Domino's,Consumer Discretionary,2026-09-06,2026-09-04,2025-08-29,0.356658935546875,0.23076171875,0.49912109374999997,-2.9934792154400647,20.6830010621738,1.0333723527660943,2.951439889226487,16.51014480787839,23.489947938983477,True,,0.01171875,20,0.2,64,512,-0.002812051062937826,-0.0013698750990442932,5.399383462645334e-05,0.01812884146347642,0.020078521221876144,0.022895604930818082,0.5639299511909485,0.6324051022529602,0.6856183350086212,3.7146018981933593,6.190855979919434,10.41493501663208,1.7244061172493594,483
AXON,Axon Enterprise,Industrials,2026-09-06,2026-09-04,2025-08-29,0.40997314453125,0.2642578125,0.5734374999999998,-2.3001317828975356,23.83602142999272,1.0114642329278904,2.7131958715011697,20.12607409135912,27.13421732625696,False,prior:volatility_pct; prior:q01_pct; prior:q99_pct; posterior:volatility_pct; posterior:q01_pct; posterior:q99_pct; sigma posterior at training boundary,0.921875,20,0.2,64,512,-0.0025209238869138063,-0.0007622241100762039,0.0011565025895833969,0.0245158514007926,0.02495809830725193,0.024996745213866235,0.6429000169038772,0.6891735196113586,0.7306772291660308,7.993163299560547,10.936525344848633,11.958051443099976,1.7199730489224319,484
NFLX,Netflix,Communication Services,2026-09-06,2026-09-04,2025-08-29,0.38079833984375,0.273828125,0.5135742187499999,-2.8360878197042636,22.54001292965616,1.0938707249511834,2.819379743161808,18.163176408639796,25.1650420982781,True,,0.08984375,20,0.2,64,512,-0.0021808078978210687,-0.0007690571073908359,0.0006989779765717685,0.019939861632883547,0.022663667798042297,0.02473307680338621,0.5283846080303192,0.5801816880702972,0.6467337310314178,2.914180099964142,3.634385108947754,5.3938919544219965,1.6894326592986517,485
SW,Smurfit Westrock,Materials,2026-09-06,2026-09-04,2025-08-29,0.38604736328125,0.26005859375,0.5416015624999998,-2.938340509507692,23.12190016726937,1.0236182830945735,2.6919279731787666,19.167973872126446,25.427221154919188,True,,0.396484375,20,0.2,64,512,-0.0027007357450202106,-0.0010792295215651393,0.0007099026377545662,0.022997576370835306,0.024492844939231873,0.02495632115751505,0.5375594556331634,0.6010284423828125,0.6575809866189957,4.038584160804748,5.620180368423462,9.71063642501831,1.6696178103377786,486
HOOD,Robinhood Markets,Financials,2026-09-06,2026-09-04,2025-08-29,0.40802001953125,0.25703125,0.61494140625,-2.252610024929397,24.524761127408265,0.8957537983913773,3.2487584461023014,18.901193970343254,28.48110847496253,False,prior:volatility_pct; prior:q01_pct; prior:q99_pct; posterior:volatility_pct; posterior:q01_pct; posterior:q99_pct; sigma posterior at training boundary,0.984375,20,0.2,64,512,-0.002512079011648893,-0.0007341119053307921,0.0013378632604144512,0.024851974658668043,0.024987876415252686,0.024999471195042134,0.6762627989053727,0.7139408886432648,0.7459448665380478,9.56228461265564,11.796620845794678,11.994229459762574,1.6637063962072884,487
RDDT,Reddit,Communication Services,2026-09-06,2026-09-04,2025-08-29,0.39251708984375,0.267578125,0.5479492187499999,-2.612361064077967,24.606914937291126,0.9777151726776012,2.588629260725411,20.938252472494,27.224905272794736,False,prior:volatility_pct; prior:q99_pct; posterior:volatility_pct; posterior:q99_pct; sigma posterior at training boundary,0.98046875,20,0.2,64,512,-0.0024663323652930557,-0.0008161776349879801,0.001181736285798251,0.024781161919236183,0.024988239631056786,0.024999387562274933,0.6675078690052032,0.7046884596347809,0.7431776493787765,9.40380039215088,11.774685859680176,11.991604995727538,1.595149537615952,488
DECK,Deckers Brands,Consumer Discretionary,2026-09-06,2026-09-04,2025-08-29,0.3734130859375,0.22919921875000002,0.5108398437499999,-3.3663259413643454,23.632327065559288,0.8188530855935661,2.534950352371353,20.12012809068608,27.592263031104626,False,sigma posterior at training boundary,0.521484375,20,0.2,64,512,-0.0032202256843447685,-0.0012495454284362495,0.0005455637263366952,0.023326070047914982,0.024626893922686577,0.024981641955673695,0.5260480761528015,0.5607105791568756,0.6215793371200561,5.334940576553345,7.902437210083008,11.650219535827636,1.5800944397121846,489
CSGP,CoStar Group,Real Estate,2026-09-06,2026-09-04,2025-08-29,0.368408203125,0.2466796875,0.5103515624999998,-3.457974746047099,23.963292815723644,0.9759043372236931,2.431528002711475,20.56967322957299,26.19463347915089,True,,0.412109375,20,0.2,64,512,-0.0029478424927219748,-0.0014873327454552054,-9.433778859602241e-06,0.02285830322653055,0.024472862482070923,0.024961340799927713,0.5641140758991241,0.6302938163280487,0.6810083657503128,4.318996524810791,6.5706095695495605,10.914756441116333,1.5373855586460428,490
CCL,Carnival Corporation,Consumer Discretionary,2026-09-06,2026-09-04,2025-08-29,0.364532470703125,0.231640625,0.5160156249999999,-3.678708620255977,24.331585320848642,0.9019969093981508,2.384603056135908,20.601218811021436,27.145394699492915,False,posterior:volatility_pct; posterior:q99_pct; sigma posterior at training boundary,0.6953125,20,0.2,64,512,-0.0030135238426737486,-0.001342039555311203,0.00038471755688078695,0.023896135203540326,0.024809041991829872,0.02499035969376564,0.5531544655561447,0.6159295439720154,0.6678230851888657,5.568994665145874,8.587098598480225,11.804601955413819,1.498186270628135,491
NKE,"Nike, Inc.",Consumer Discretionary,2026-09-06,2026-09-04,2025-08-29,0.347564697265625,0.22861328125,0.44970703124999994,-3.8657898571252733,23.309101078889082,0.9123076875872673,2.280172498638931,19.607100448454993,26.424646843821392,True,,0.099609375,20,0.2,64,512,-0.0032044478808529674,-0.0015851593343541026,-6.901814413140536e-05,0.020665953494608404,0.022890839725732803,0.024833344295620917,0.5239875853061676,0.5543939769268036,0.6205450087785721,3.3341636538505552,4.430438041687012,7.564977884292601,1.4911115451827197,492
RCL,Royal Caribbean Group,Consumer Discretionary,2026-09-06,2026-09-04,2025-08-29,0.35894775390625,0.24423828125,0.4800781249999999,-3.7285730217576862,24.244180429582748,0.9343514865231799,2.3378875212814743,20.551128930178244,26.34845931668434,False,sigma posterior at training boundary,0.611328125,20,0.2,64,512,-0.0030280753620900215,-0.0014482682454399765,0.00025592146557755756,0.023597594164311887,0.02469300478696823,0.024969792924821377,0.5549728363752365,0.6146823167800903,0.6696331620216369,5.165418267250061,7.5199198722839355,11.194268226623535,1.4805522296322378,493
SMCI,Supermicro,Information Technology,2026-09-06,2026-09-04,2025-08-29,0.36920166015625,0.251953125,0.522265625,-3.0143764614873114,25.393100382757318,0.8864461005177211,2.3560908502334716,21.52533521465347,27.737572944049937,False,prior:volatility_pct; prior:q01_pct; prior:q99_pct; posterior:volatility_pct; posterior:q01_pct; posterior:q99_pct; sigma posterior at training boundary,0.98828125,20,0.2,64,512,-0.0028916931827552617,-0.00123507936950773,0.000755817789467983,0.024798140674829484,0.024983394891023636,0.024998807348310947,0.689058518409729,0.7331603169441223,0.767656123638153,9.811161041259766,11.780447959899902,11.99730920791626,1.453944790479185,494
ORCL,Oracle Corporation,Information Technology,2026-09-06,2026-09-04,2025-08-29,0.3446044921875,0.21328125,0.4525390625,-4.23693429084337,24.86317922774414,0.8131606837116783,2.1787384724501564,20.92290970292859,27.983784801900104,False,prior:volatility_pct; prior:q99_pct; posterior:volatility_pct; posterior:q99_pct; sigma posterior at training boundary,0.96875,20,0.2,64,512,-0.0033471712726168335,-0.0015441683935932815,0.00040036095160758114,0.02468837294727564,0.024979466572403908,0.02499820478260517,0.5798915982246399,0.6304400265216827,0.6756996780633926,8.875388860702515,11.474982261657715,11.976822710037231,1.3860033305916295,495
TTD,Trade Desk (The),Communication Services,2026-09-06,2026-09-04,2025-08-29,0.33551025390625,0.22666015625,0.42939453125,-4.440097792356496,25.067990177147287,0.8064884238018567,1.979483248718494,22.14560129427231,27.856669509220488,False,prior:mean_pct; prior:max_drawdown_pct; posterior:volatility_pct; sigma posterior at training boundary,0.849609375,20,0.2,64,512,-0.003942988952621818,-0.0019243394490331411,-0.00017919421952683533,0.02430534977465868,0.024919163435697556,0.024994329363107682,0.5667178392410278,0.6296302378177643,0.6750212669372558,6.869971466064453,9.912006855010986,11.859268951416016,1.338401090535415,496
COIN,Coinbase,Financials,2026-09-06,2026-09-04,2025-08-29,0.338287353515625,0.25419921875,0.4655273437499999,-3.8884352644425135,25.508834619453886,0.9324453128689464,1.985731008019266,21.721489902803828,28.879436093456352,False,prior:volatility_pct; prior:q99_pct; posterior:volatility_pct; posterior:q99_pct; sigma posterior at training boundary,0.974609375,20,0.2,64,512,-0.003314712701831013,-0.001600520161446184,0.0003540091522154395,0.024711060151457787,0.024988943710923195,0.024999385699629784,0.6827187687158585,0.7191146612167358,0.7528952538967133,9.733174562454224,11.870174884796143,11.998465061187744,1.3261576177911154,497
NCLH,Norwegian Cruise Line Holdings,Consumer Discretionary,2026-09-06,2026-09-04,2025-08-29,0.3046875,0.20859375000000002,0.41425781249999993,-5.073742956487881,26.00890653684356,0.7650303581165399,1.7348848631667957,22.907946483917307,28.81830300440115,False,posterior:volatility_pct; sigma posterior at training boundary,0.86328125,20,0.2,64,512,-0.003928343369625509,-0.002215940156020224,-0.00031435608252650143,0.024318169988691806,0.024916568771004677,0.02499177400022745,0.5954958766698837,0.6508219540119171,0.6993317693471909,6.748021459579467,9.820408344268799,11.865337133407593,1.1714737010123335,498
BLDR,Builders FirstSource,Industrials,2026-09-06,2026-09-04,2025-08-29,0.271209716796875,0.16826171875,0.390625,-6.454509053342861,26.475069450060218,0.5922022966693599,1.704467979453238,22.50713584592938,29.07993152718813,False,posterior:volatility_pct; sigma posterior at training boundary,0.828125,20,0.2,64,512,-0.00447766063734889,-0.00268138584215194,-0.0009770138654857875,0.024294895119965076,0.024913737550377846,0.024990667589008808,0.5377415090799331,0.5919988751411438,0.647700184583664,7.432938575744629,10.540990829467773,11.924891376495362,1.0243966207849102,499
