target,window_start,as_of,horizon_days,var_95_pct,var_95_posterior_q05_pct,var_95_posterior_q95_pct,historical_var_95_pct,expected_shortfall_95_pct,es_95_posterior_q05_pct,es_95_posterior_q95_pct,historical_es_95_pct,predictive_return_median_pct,realized_forward_return_pct
VOO,2015-01-05,2016-01-08,20,8.002671599388123,5.592546001076698,10.002594098448753,5.8740784010803715,10.283403812597196,7.302190572023392,12.540495455265042,7.292822475448994,-0.6855994462966919,-3.4267527681187904
GLD,2015-01-05,2016-01-08,20,8.012798726558685,5.5573562532663345,9.762368187308308,7.516825430225402,10.006885471132893,7.275725930929184,11.658116102218623,8.181628120291617,-1.2879759073257446,7.711962057479083
TLT,2015-01-05,2016-01-08,20,6.9354990124702445,4.752884328365326,8.891684740781784,6.596496659489281,8.90922270482406,6.279248327016831,10.624973624944685,7.855064198017965,0.787806510925293,6.792664259657721
EW,2015-01-05,2016-01-08,20,4.007484614849091,2.5997827649116516,5.027344465255736,3.1243107263738623,5.073635656541834,3.463535010814667,6.24703848361969,3.495012899759505,-0.3458768129348755,3.678973650990125
VOO,2015-02-04,2016-02-09,20,7.9916113615036,5.631115019321442,10.431562423706055,7.1556431842095325,10.814448671105009,7.695256859064102,13.406100779771807,8.382811493615815,-0.5631178617477417,7.600428397489534
GLD,2015-02-04,2016-02-09,20,7.634749710559845,5.562494412064552,9.205327451229094,7.4367291087657055,9.451187984086573,7.035846382379533,11.295830935239788,8.145377853640555,-1.1064916849136353,5.282620094446511
TLT,2015-02-04,2016-02-09,20,6.9948768615722665,4.437340795993805,8.743366464972494,6.152068006596054,8.8851639147227,6.051063299179077,10.766577422618864,7.605476183185783,0.5750715732574463,-1.6675176296192307
EW,2015-02-04,2016-02-09,20,3.999847173690796,2.7818023413419724,4.84545265138149,3.073557442772381,5.092720120834807,3.613683342933655,5.971334785223006,3.4738199282752866,-0.31666457653045654,3.779882533219725
VOO,2015-03-06,2016-03-10,20,8.02313506603241,5.656833052635192,10.083346232771872,7.1556431842095325,10.844306826281052,8.102669596672058,13.111555159091944,8.382811493615815,-0.1630544662475586,3.0416703561689573
GLD,2015-03-06,2016-03-10,20,7.825338542461395,5.080226495862006,9.861464738845823,7.352742039607005,9.804277544996392,6.9867536425590515,11.51183661818504,8.084122624001123,-0.7093816995620728,-2.526748720019878
TLT,2015-03-06,2016-03-10,20,6.599963307380677,4.205543503165245,8.29089920222759,5.91095010081774,8.507141998658579,5.905416280031204,10.40957596898079,7.505199382935437,0.8769989013671875,2.8162697671346493
EW,2015-03-06,2016-03-10,20,3.7311229109764104,2.449233427643776,4.63061286509037,2.9267047178620675,4.85748938905696,3.211531460285187,5.740162283182142,3.2855731216698403,0.0517427921295166,1.1292709686816282
VOO,2015-04-07,2016-04-11,20,7.5783172249794,5.018022373318672,9.515142932534216,7.1556431842095325,10.325705465705443,6.925778269767761,12.397800654172897,8.382811493615815,0.2606689929962158,0.9461177705384793
GLD,2015-04-07,2016-04-11,20,7.978561818599701,5.491691127419472,9.934553965926169,7.352742039607005,10.108427683978032,7.174790620803833,12.135112583637234,8.084122624001123,-0.8558511734008789,0.5165398257831244
TLT,2015-04-07,2016-04-11,20,6.264389753341675,3.963036701083183,7.806081771850585,5.91095010081774,8.065840547593933,5.56456658244133,9.528619915246964,7.505199382935437,0.7894396781921387,-0.5434127354547291
EW,2015-04-07,2016-04-11,20,3.5363489389419556,2.2657062709331512,4.3789070546627,2.9267047178620675,4.620665234203139,3.253807783126831,5.639810591936111,3.2855731216698403,0.12698769569396973,0.35082346130359543
VOO,2015-05-06,2016-05-10,20,7.573938965797423,5.15654344856739,9.59782801568508,7.1556431842095325,10.329318000003695,7.104338675737382,12.396979123353955,8.382811493615815,0.23375153541564941,1.9090685011740716
GLD,2015-05-06,2016-05-10,20,7.652294039726256,5.304895743727684,9.650088876485823,7.352742039607005,9.787502764568973,7.101378589868545,11.680398792028425,8.084122624001123,-0.40530264377593994,-0.3306344145971307
TLT,2015-05-06,2016-05-10,20,6.186961531639099,3.916905924677849,7.868480950593945,3.652338164222335,8.093662183576573,5.712997585535049,9.694770187139506,4.462400040603575,0.909113883972168,2.043197679894959
EW,2015-05-06,2016-05-10,20,3.3487489819526672,2.0784739553928375,4.288117453455925,2.8316192263188245,4.448220191989094,3.0213902592658997,5.459806442260741,3.282234026928474,0.30887722969055176,1.2394185757142129
VOO,2015-06-05,2016-06-09,20,7.266402542591095,4.65969155728817,9.617076799273491,7.1556431842095325,10.110743708598118,7.030907541513443,12.896336644887922,8.382811493615815,0.5370974540710449,0.8252337804361076
GLD,2015-06-05,2016-06-09,20,8.203888237476349,6.0240065306425095,10.002922907471653,7.352742039607005,10.230663639958948,7.593936860561372,12.049074113368988,8.084122624001123,-0.7856220006942749,7.645364348421468
TLT,2015-06-05,2016-06-09,20,5.271371603012085,3.1445599943399425,6.840327471494675,3.0386226816930506,7.033884897828102,4.50999453663826,8.498326539993283,3.8223538480828636,1.5062391757965088,7.257169656683815
EW,2015-06-05,2016-06-09,20,3.1382676959037776,1.8413395285606384,3.998906373977661,2.8316192263188245,4.201865626964718,2.741713970899582,5.165187656879424,3.282234026928474,0.46587586402893066,5.324731949597106
VOO,2015-07-07,2016-07-11,20,7.61817067861557,5.130849465727806,9.562388703227041,7.1556431842095325,10.621688922401518,7.902910470962524,13.137812733650204,8.382811493615815,0.646364688873291,2.154731403735788
GLD,2015-07-07,2016-07-11,20,7.854807674884796,5.435970827937126,9.682693615555761,7.13848551374527,9.922885910297435,7.123075097799302,11.857732087373732,8.008815088623544,-0.3879278898239136,-1.4308847867540608
TLT,2015-07-07,2016-07-11,20,4.579934775829315,2.3500219434499736,6.238629013299941,3.0386226816930506,6.36418762927254,3.711293071508407,8.161664217710495,3.8223538480828636,1.9646823406219482,-2.6890047607278533
EW,2015-07-07,2016-07-11,20,2.8281718492507935,1.7127240002155302,3.7399535328149796,2.8316192263188245,3.8916856322127082,2.578516274690628,4.795626997947693,3.282234026928474,0.8210480213165283,-0.6414069365120456
VOO,2015-08-05,2016-08-09,20,7.310241162776947,4.858643934130669,9.029568836092949,6.490650923599361,10.324356382867943,7.647391885519027,12.483369827270504,7.887867234755354,0.848013162612915,0.3946013336980636
GLD,2015-08-05,2016-08-09,20,7.456648051738739,5.0352558344602585,9.195498168468474,6.948396244335483,9.433674525159102,6.752628028392792,11.362692028284071,8.008815088623544,0.2566695213317871,0.2422672633685563
TLT,2015-08-05,2016-08-09,20,4.831736981868744,2.8813668191432953,6.179976284503934,3.077230175047432,6.589075255518158,4.346567451953888,8.105814337730406,3.8792220826601054,1.6729295253753662,0.1244950101544573
EW,2015-08-05,2016-08-09,20,2.8030839562416077,1.6222495287656784,3.6973193585872624,2.8316192263188245,3.9118199803245566,2.4976934790611267,4.98222690820694,3.282234026928474,0.9916841983795166,0.269528039956235
VOO,2015-09-03,2016-09-08,20,6.23760461807251,4.363026723265648,7.962757050991056,5.905738585938449,9.140468229694914,6.429138898849487,11.451217204332352,7.501083710909164,0.8592426776885986,-0.7202841171054075
GLD,2015-09-03,2016-09-08,20,7.853506505489349,5.356786414980888,9.673082083463669,6.948396244335483,9.846843709237874,7.053409755229951,11.672193318605412,8.008815088623544,-0.36053359508514404,-6.215215066532731
TLT,2015-09-03,2016-09-08,20,4.6921610832214355,2.7371563613414764,6.271860018372535,2.6938718630914993,6.33708438059936,4.042666405439377,7.958911955356595,3.480008949900403,1.3967812061309814,-2.6991860557060376
EW,2015-09-03,2016-09-08,20,2.9805558919906616,1.881375178694725,3.868218913674354,2.4708704140932065,4.077800634937981,2.787585824728012,5.161751300096512,3.152688304802098,0.6936728954315186,-3.209623715445775
VOO,2015-10-05,2016-10-07,20,6.075890958309174,3.8458527624607077,8.161035150289532,5.905738585938449,8.746665564831346,5.953649878501892,11.01236093044281,7.501083710909164,0.8411824703216553,-3.028507179137774
GLD,2015-10-05,2016-10-07,20,7.843392789363861,5.217146143317223,9.747781917452812,6.948396244335483,9.956353441035997,6.911341696977615,12.003191024065018,8.008815088623544,-0.5080670118331909,3.8834154074141036
TLT,2015-10-05,2016-10-07,20,4.925987720489502,2.504981815814972,6.385162383317947,3.070977101241319,6.521353998687118,3.885726273059845,8.142143577337263,3.6980573247301085,1.1051833629608154,-1.4401070233223234
EW,2015-10-05,2016-10-07,20,3.1787842512130737,1.7926338165998457,4.113662302494047,2.8007386994790084,4.266115041294446,2.6912637650966644,5.266264796257019,3.314978732199001,0.5149602890014648,-0.22318974902679756
VOO,2015-11-03,2016-11-07,20,6.431512832641602,4.330570265650749,8.210419312119482,5.905738585938449,9.107648297989119,6.562650591135025,11.260072082281113,7.501083710909164,0.3839433193206787,4.0576478540673255
GLD,2015-11-03,2016-11-07,20,7.555607855319976,4.4942924082279205,9.83888392150402,5.344475993272124,9.878540943221498,6.6778297424316415,12.305593669414511,5.791993886605331,0.002104043960571289,-8.776095854924648
TLT,2015-11-03,2016-11-07,20,4.7176578640937805,3.030405104160309,6.411976382136345,3.1938247102682378,6.354792827429871,4.4044657945632935,7.9066236913204175,4.0369245892607175,1.1249005794525146,-8.420111793054453
EW,2015-11-03,2016-11-07,20,3.238910436630249,1.9203187376260757,4.119859620928763,2.575033467550629,4.381037092146775,3.0649372041225433,5.449981927871701,3.1193788454747224,0.5300939083099365,-4.50997843699148
VOO,2015-12-03,2016-12-07,20,5.674821138381958,3.600514233112335,7.448770970106123,5.905738585938449,8.240808305951457,5.7249462604522705,10.404651075601576,7.501083710909164,1.0165810585021973,1.8013238057420944
GLD,2015-12-03,2016-12-07,20,7.284651696681976,4.95597080886364,8.91362352669239,6.0538611871385895,9.487321208386373,6.657034784555436,11.112346470355984,7.924110116669062,0.12494325637817383,-0.07153879079383474
TLT,2015-12-03,2016-12-07,20,5.32188206911087,3.274875730276108,6.53058674931526,7.904850024508016,6.994377616016815,5.015722066164017,8.597572326660156,8.644497649926809,0.9059548377990723,0.6448468840513311
EW,2015-12-03,2016-12-07,20,3.099525272846222,1.9135240763425825,3.9623319357633586,3.4475344439477267,4.215088009368628,2.9216592013835907,5.105085790157317,4.054870355465147,0.7095754146575928,0.8118453292284444
VOO,2016-01-05,2017-01-09,20,5.047704577445984,3.1508331000804906,6.86855313181877,2.726374458558134,7.719457576361795,5.095313847064972,10.289193451404568,3.7528424027437635,0.9802579879760742,1.1060517901734235
GLD,2016-01-05,2017-01-09,20,6.999269425868988,5.016977518796921,8.85262694954872,6.951211431581597,9.112088405527174,6.768936306238174,10.907390654087061,8.413903322634093,0.31669139862060547,4.251354391916218
TLT,2016-01-05,2017-01-09,20,5.2743542194366455,3.3203403502702713,6.671648934483527,7.904850024508016,6.828759831842035,4.520310044288635,8.352273017168045,8.644497649926809,0.877225399017334,-0.7956651550618643
EW,2016-01-05,2017-01-09,20,3.0091291666030884,1.7282094359397886,3.877725824713706,3.4475344439477267,4.130485758651048,2.8048148453235626,5.0683790147304535,4.054870355465147,0.7881224155426025,1.521507140715861
VOO,2016-02-04,2017-02-08,20,3.9430749416351314,2.198564440011978,5.21219290792942,2.063023263647825,5.945016354477653,3.3759669363498683,7.738421320915221,2.771788358160927,1.1698722839355469,3.2728683173891104
GLD,2016-02-04,2017-02-08,20,6.669573187828064,3.5960039943456645,8.550394192337988,6.951211431581597,8.934189631448437,5.2305236756801605,11.208063215017315,8.413903322634093,0.617372989654541,-3.1474753734329397
TLT,2016-02-04,2017-02-08,20,5.083359777927399,2.9867958277463913,6.916255146265031,7.904850024508016,6.786837494776894,4.186015248298645,8.534412920475006,8.644497649926809,0.9791433811187744,-4.233497540667619
EW,2016-02-04,2017-02-08,20,2.768504023551941,1.378489464521408,3.902174621820448,3.4475344439477267,3.900261285404364,2.1871442794799805,5.248672753572462,4.054870355465147,0.9572029113769531,-1.4040794494905362
VOO,2016-03-07,2017-03-10,20,3.5221362113952637,2.1120482236146927,4.676419585943222,2.063023263647825,5.0640676519833505,3.32282492518425,6.670990467071533,2.771788358160927,1.0574758052825928,-0.5756200940031042
GLD,2016-03-07,2017-03-10,20,6.600554883480073,4.7568279802799225,8.203907504677773,6.951211431581597,8.628407923970371,6.450673460960388,10.397468626499176,8.413903322634093,0.17635226249694824,4.131797257089009
TLT,2016-03-07,2017-03-10,20,5.164998769760132,3.22432142496109,6.720731571316719,7.904850024508016,6.798063358291984,4.8147949278354645,8.399300873279568,8.644497649926809,0.7956385612487793,3.1688212429333396
EW,2016-03-07,2017-03-10,20,2.926647663116455,1.8393399268388748,3.7850962579250336,3.4475344439477267,3.9833601644152394,2.7486841082572937,4.975410729646682,4.054870355465147,0.726616382598877,2.237521247576346
VOO,2016-04-06,2017-04-10,20,3.6626985669136047,2.1253027617931366,4.737254932522773,2.063023263647825,5.260140468211224,3.394463270902634,6.772000789642335,2.771788358160927,0.8885324001312256,1.7263899342833566
GLD,2016-04-06,2017-04-10,20,5.735468864440918,3.5568863451480865,7.5540751814842215,6.951211431581597,7.631709089037031,5.213082164525986,9.627286285161972,8.413903322634093,0.7314562797546387,-2.854508671395062
TLT,2016-04-06,2017-04-10,20,5.046608150005341,3.2808779031038284,6.37142427265644,7.904850024508016,6.645548886929949,4.665358066558838,8.279614210128782,8.644497649926809,0.9426534175872803,-0.32824259001400513
EW,2016-04-06,2017-04-10,20,2.6202014088630676,1.3777266293764112,3.470764175057411,3.4475344439477267,3.6358012002892792,2.279246598482132,4.409734159708022,4.054870355465147,0.8797764778137207,-0.4804885686416682
VOO,2016-05-05,2017-05-10,20,3.5584771633148193,2.3951984345912933,4.804882302880285,1.8363074127785484,5.177613437020531,3.6591503918170933,6.677716940641401,2.6776426876171517,0.7887184619903564,1.6166808834568114
GLD,2016-05-05,2017-05-10,20,5.873964428901672,3.951918616890907,7.562971904873848,6.951211431581597,7.718275859951973,5.475653886795044,9.385773688554764,8.413903322634093,0.3372311592102051,4.834540301697787
TLT,2016-05-05,2017-05-10,20,5.002632737159729,3.0109999924898148,6.651560202240941,7.904850024508016,6.763129650304715,4.282118201255798,8.84572863578796,8.644497649926809,1.1597156524658203,3.630445768028512
EW,2016-05-05,2017-05-10,20,2.7670064568519592,1.643379122018814,3.7975141108036037,3.4475344439477267,3.822140069678426,2.5187584459781647,5.030239671468734,4.054870355465147,0.7954597473144531,3.376559643451049
VOO,2016-06-06,2017-06-09,20,3.446638882160187,1.98175223171711,4.768807351589203,1.6075215987269864,5.0795035203918815,3.0771499276161194,6.449039727449417,2.31124257086216,0.8407413959503174,0.03496167659327032
GLD,2016-06-06,2017-06-09,20,5.267924666404724,3.1036128401756287,6.768035307526586,6.951211431581597,7.130231432771931,4.542454093694687,8.568166553974152,8.413903322634093,0.8502423763275146,-4.2060723878517
TLT,2016-06-06,2017-06-09,20,5.152851939201355,3.0833874940872192,6.943423002958298,7.904850024508016,6.950271044236918,4.2520701587200165,8.538035124540327,8.644497649926809,1.0103821754455566,-1.0016166984136876
EW,2016-06-06,2017-06-09,20,2.703353464603424,1.497801274061203,3.545203328132629,3.4475344439477267,3.7896168689864376,2.2854342460632324,4.68866518139839,4.054870355465147,0.9409844875335693,-1.7208347897425869
VOO,2016-07-06,2017-07-11,20,3.0776405334472656,1.7849068492650983,4.1304025650024405,1.6075215987269864,4.41950554959476,2.8845290541648865,5.489807963371275,2.31124257086216,0.8879721164703369,2.149305792494749
GLD,2016-07-06,2017-07-11,20,5.296069383621216,3.310325428843498,6.941811308264732,6.951211431581597,6.964475832258661,4.511864095926285,9.23988291621208,8.413903322634093,0.40751099586486816,3.667183673280938
TLT,2016-07-06,2017-07-11,20,5.010371208190918,3.2176603078842163,6.573099493980406,7.904850024508016,6.710652312419067,4.4891908168792725,8.44166553020477,8.644497649926809,0.688403844833374,1.446558361826833
EW,2016-07-06,2017-07-11,20,2.698291838169098,1.5409474819898605,3.604668736457824,3.4475344439477267,3.716498341721793,2.327165275812149,4.686515033245086,4.054870355465147,0.7004201412200928,2.427115290376136
VOO,2016-08-04,2017-08-09,20,3.070259988307953,1.876877725124359,4.338451728224753,1.6075215987269864,4.583678747682521,2.908292591571808,6.013658523559566,2.31124257086216,0.9297549724578857,-0.13214294319219277
GLD,2016-08-04,2017-08-09,20,4.697942137718201,2.763312578201294,6.347838342189788,6.951211431581597,6.5325384416307015,3.973249733448029,8.922753334045408,8.413903322634093,1.0372936725616455,5.621966417833524
TLT,2016-08-04,2017-08-09,20,4.828892648220062,2.866114318370819,6.549812018871302,7.904850024508016,6.684620080826183,4.365817189216614,8.864764481782911,8.644497649926809,1.0622143745422363,3.3888371682314844
EW,2016-08-04,2017-08-09,20,2.4707263708114624,1.332683727145195,3.4160590916872016,3.4475344439477267,3.5927250903720656,2.1227087676525116,4.916974365711209,4.054870355465147,1.024329662322998,2.963010211751871
VOO,2016-09-02,2017-09-08,20,3.04738312959671,1.917704492807388,4.162979856133459,1.4755895752583603,4.4334757335794475,2.9900989532470703,5.733125090599058,2.0047270264625663,0.9210169315338135,3.744212961158788
GLD,2016-09-02,2017-09-08,20,4.518814980983734,2.5535260885953903,6.097784340381621,6.951211431581597,6.402169913053513,3.83324870467186,8.30518889427185,8.413903322634093,1.3008713722229004,-5.376263825259231
TLT,2016-09-02,2017-09-08,20,4.849262833595276,2.9164253920316696,6.381628349423408,7.904850024508016,6.7255373345687985,4.13608905673027,8.641044348478315,8.644497649926809,1.0578036308288574,-3.999915020260858
EW,2016-09-02,2017-09-08,20,2.396915853023529,1.2011649310588837,3.255640313029289,3.4475344439477267,3.5402287690279386,2.020950436592102,4.880963832139968,4.054870355465147,1.1106789112091064,-1.93789395850128
VOO,2016-10-04,2017-10-09,20,2.716784179210663,1.4449000060558317,3.7043370008468623,1.28821446015156,3.97347134227554,2.5097385942935944,5.103510677814478,1.9529489421026547,1.1832356452941895,1.9376591976831614
GLD,2016-10-04,2017-10-09,20,4.563335180282593,2.6103244572877884,6.10589790344238,6.951211431581597,6.415451977712412,3.7183417081832886,8.29462054371832,8.413903322634093,1.1699020862579346,-0.352228291879253
TLT,2016-10-04,2017-10-09,20,4.816611707210541,3.0142658799886703,6.9751835465431204,7.904850024508016,6.695311369063954,4.252041786909103,9.050260633230208,8.644497649926809,0.7506728172302246,1.9333841282401787
EW,2016-10-04,2017-10-09,20,2.236703336238861,1.0951646566390991,3.1665700078010555,3.3689559106544564,3.357122683276733,1.8292248249053953,4.768660753965378,4.051426168929462,1.0640501976013184,1.1772348298235258
VOO,2016-11-02,2017-11-07,20,2.3758015036582947,1.3411383777856827,3.334967389702796,0.9680369798236921,3.643183181217561,2.320809096097946,4.531088978052137,1.383729529129163,1.333099603652954,1.7165449133200728
GLD,2016-11-02,2017-11-07,20,4.356079995632172,2.609642654657364,5.733768165111542,6.672548787530966,5.906184122432023,3.597194612026214,7.6017105281353,8.383058518391662,0.9583592414855957,-0.9405159625931248
TLT,2016-11-02,2017-11-07,20,3.8661527633666997,2.3739530742168427,5.2457560896873465,3.9454610424404124,5.422083416488022,3.383733123540878,7.036435931921005,6.3139161823421786,1.260519027709961,1.0271350473646912
EW,2016-11-02,2017-11-07,20,1.8331167101860046,0.8734883219003676,2.6607842892408367,2.215352097967791,2.7409197529777884,1.5781954228878021,3.7459099292755123,3.5171463213115643,1.1860132217407227,0.6160991947734118
VOO,2016-12-02,2017-12-07,20,2.4270954728126526,1.2754154950380325,3.277083680033682,0.9680369798236921,3.646605605414758,2.087768405675888,4.611290514469142,1.383729529129163,1.334834098815918,4.292639669189713
GLD,2016-12-02,2017-12-07,20,4.193382263183594,2.199912741780281,5.362959697842592,4.20674004377612,5.621991989513239,3.5618399083614354,7.0137177705764735,4.896028291259736,1.058340072631836,5.7557598259604825
TLT,2016-12-02,2017-12-07,20,3.6966300010681152,2.2215915471315384,5.202798575162884,2.3668621133320333,5.18122463254258,3.426887214183807,7.098703026771541,3.1211930322875485,1.269608736038208,-0.6190753479363931
EW,2016-12-02,2017-12-07,20,1.7074176669120786,0.8086123764514923,2.4101014882326113,1.3685280615703976,2.5599198920341832,1.5872929990291595,3.396495878696441,1.8015053215642718,1.2319207191467285,3.1258069825468526
VOO,2017-01-04,2018-01-09,20,2.2648978233337402,1.2639318853616714,3.052502036094665,0.9680369798236921,3.435370388130347,2.176232933998108,4.425630509853361,1.383729529129163,1.4565229415893555,-2.524767189938093
GLD,2017-01-04,2018-01-09,20,3.542536497116089,1.6499682962894442,4.849844843149185,4.20674004377612,5.030434330304464,3.0548891127109528,6.697520166635512,4.896028291259736,1.5395820140838623,0.04810194578610538
TLT,2017-01-04,2018-01-09,20,3.826521337032318,2.079237923026085,5.536850452423096,2.3668621133320333,5.41363088802124,3.2805614173412323,7.086863726377484,3.1211930322875485,1.2394249439239502,-3.939149495696337
EW,2017-01-04,2018-01-09,20,1.4266470074653625,0.48538649082183827,2.304107412695883,1.3685280615703976,2.3228549398481846,1.1525961458683014,3.1368754506111145,1.8015053215642718,1.4508247375488281,-2.1012700981329346
VOO,2017-02-03,2018-02-08,20,2.4456343054771423,1.2718126475811,3.6514795273542395,1.1798058630519193,4.067769479782632,2.483572632074356,5.494093596935272,2.166120752807077,1.493227481842041,8.21825742730029
GLD,2017-02-03,2018-02-08,20,3.6620515584945683,2.117090880870819,4.946705967187881,4.20674004377612,5.027924392682811,3.2111436128616333,6.322588145732879,4.896028291259736,1.3206899166107178,0.44806972599802375
TLT,2017-02-03,2018-02-08,20,3.745890259742737,2.0926902145147324,5.0323904603719685,3.219198404731733,5.102773181473216,3.0850480794906616,6.4425970017909995,3.980763586063433,1.194465160369873,-0.4568454465520122
EW,2017-02-03,2018-02-08,20,1.5633583068847656,0.5355155169963837,2.2491999715566635,1.6481900130247196,2.3935297077211244,1.2470148801803589,3.1870173215866084,2.078583449189354,1.3521671295166016,2.703214823898148
VOO,2017-03-07,2018-03-12,20,3.2343131303787227,1.7317094057798383,4.549814224243162,3.4082982318654897,5.784694497318318,3.541703194379807,7.886568695306777,4.424692886295895,1.4854192733764648,-4.432086756321551
GLD,2017-03-07,2018-03-12,20,3.691177368164063,2.136789098381996,5.0847564190626136,4.20674004377612,5.0865961238741875,3.1023227870464325,6.558822959661484,4.896028291259736,1.2134194374084473,1.2585644571707855
TLT,2017-03-07,2018-03-12,20,3.549765944480896,1.8523490875959396,4.701436474919318,4.015022689834209,4.857106790101776,3.0598515272140503,6.047283709049225,4.695161481916288,1.14670991897583,2.3178992124082365
EW,2017-03-07,2018-03-12,20,1.6852769255638123,0.6511480361223221,2.4506209492683397,2.505167705551683,2.6761984413800137,1.3995396792888641,3.50198146700859,3.151648329173149,1.2946009635925293,-0.2482713195007813
VOO,2017-04-05,2018-04-11,20,3.826035857200623,2.276866480708122,5.276446416974068,4.324144284592681,6.965566542930901,4.083825200796127,9.3588547706604,5.009664204768862,1.6833066940307617,2.1836744950782583
GLD,2017-04-05,2018-04-11,20,3.900725245475769,2.16678424179554,5.233181163668632,4.20674004377612,5.269599069530765,3.332223534584045,6.663213372230526,4.896028291259736,1.0461151599884033,-2.9505883703753177
TLT,2017-04-05,2018-04-11,20,3.4486165642738342,1.9311382323503492,4.6620359867811185,4.015022689834209,4.636880976613611,2.650952786207199,5.870581954717636,4.695161481916288,1.1275768280029297,-2.691062483082096
EW,2017-04-05,2018-04-11,20,1.7354154586791994,0.7330021411180496,2.5091395378112793,2.505167705551683,2.7469931131539242,1.575117915868759,3.63683861494064,3.151648329173149,1.3083219528198242,-1.160529984973535
VOO,2017-05-05,2018-05-10,20,3.729923665523529,1.6405712068080902,5.660555019974704,4.324144284592681,6.86060005100444,3.818113684654236,9.350801199674603,5.009664204768862,1.9347131252288818,2.2852924793180796
GLD,2017-05-05,2018-05-10,20,3.726101517677307,2.238102689385414,4.91454254090786,3.434626005886982,5.0719937387232985,3.3142138421535488,6.277701675891875,4.758119230233811,1.1219024658203125,-1.7335022876298511
TLT,2017-05-05,2018-05-10,20,3.6410927772521973,2.1688182801008224,4.8206333816051465,4.015022689834209,4.858712180672834,2.99967622756958,6.086838036775588,4.695161481916288,0.8353948593139648,0.7380088593133438
EW,2017-05-05,2018-05-10,20,1.794944703578949,0.9621135294437407,2.5191314965486526,2.505167705551683,2.8642826636011405,1.6806188821792603,3.6666270494461055,3.151648329173149,1.3113200664520264,0.4431905297671568
VOO,2017-06-06,2018-06-11,20,3.819754719734192,2.1709662228822704,5.77355137467384,4.324144284592681,6.908154087917258,3.8534777462482452,9.076705485582352,5.009664204768862,1.9192278385162354,0.5619503383746505
GLD,2017-06-06,2018-06-11,20,4.140200614929199,2.478234216570854,5.46273566782474,4.110313555768637,5.448204593267292,3.7338078618049617,6.817011982202529,4.828314229806815,0.727003812789917,-3.489412427672234
TLT,2017-06-06,2018-06-11,20,4.148927330970764,2.5579484701156616,5.274576991796493,4.015022689834209,5.4109946320143845,3.5699855685234074,6.710396856069564,4.695161481916288,0.5187034606933594,2.4441614695040137
EW,2017-06-06,2018-06-11,20,2.0502927899360657,1.0402768105268478,2.92334222793579,2.505167705551683,3.07559078404059,1.8949251770973206,4.021784752607346,3.151648329173149,1.07155442237854,-0.17151788491397424
VOO,2017-07-06,2018-07-11,20,3.953077495098114,1.968914046883583,5.822181865572929,4.324144284592681,7.1604335952239735,4.260163873434067,9.967431157827376,5.009664204768862,2.0489931106567383,3.0818792699010666
GLD,2017-07-06,2018-07-11,20,4.207704663276672,2.618984654545784,5.303037732839584,3.568055970975865,5.523380221954236,3.7452651262283325,6.89119765162468,4.484893750147094,0.6292343139648438,-2.3206356185846877
TLT,2017-07-06,2018-07-11,20,3.9984697103500366,2.5405598878860474,5.031695097684859,4.015022689834209,5.2507066167891026,3.404266089200974,6.381215065717696,4.695161481916288,0.7303595542907715,-2.748237211500981
EW,2017-07-06,2018-07-11,20,1.9918110966682434,0.9397359490394591,2.7578484565019603,2.505167705551683,3.047493810299784,1.8593316078186033,3.9641410112380977,3.151648329173149,1.149284839630127,-0.6828762614036643
VOO,2017-08-04,2018-08-09,20,3.467778265476227,1.5507544726133347,4.912360504269598,4.324144284592681,6.3283992116339505,3.701775938272476,8.627739042043675,5.009664204768862,2.304476499557495,0.8705133531442089
GLD,2017-08-04,2018-08-09,20,4.805028736591339,3.1395721584558487,6.1747273802757245,4.019003541353494,6.095307153494408,4.248723179101944,7.479849189519882,4.565735285516604,-0.05936920642852783,-1.3160140621831684
TLT,2017-08-04,2018-08-09,20,4.393500983715057,2.916475474834442,5.65760514140129,4.015022689834209,5.605042031190047,3.8785281479358673,7.016673266887665,4.695161481916288,0.21600723266601562,-0.32691499266322976
EW,2017-08-04,2018-08-09,20,2.223137617111206,1.1321631520986557,3.087306112051009,2.505167705551683,3.230519813951105,1.8981606662273407,4.092716336250304,3.151648329173149,0.8328139781951904,-0.243641497530922
VOO,2017-09-05,2018-09-10,20,3.556000292301178,1.7787714153528211,5.853017300367355,4.324144284592681,6.351607770193368,3.562855273485184,9.325620651245117,5.009664204768862,2.2298872470855713,0.3721648016566048
GLD,2017-09-05,2018-09-10,20,5.014913380146027,3.5703509896993637,6.161838904023168,4.074920768307265,6.315053308693071,4.799683749675751,7.84445607662201,4.595460638731811,-0.1922607421875,-0.5391079117324615
TLT,2017-09-05,2018-09-10,20,4.486528038978577,2.8854560554027557,5.64228171110153,4.015022689834209,5.709756813788166,4.046255469322205,6.878269016742702,4.695161481916288,0.11108517646789551,-5.568862739001046
EW,2017-09-05,2018-09-10,20,2.392808496952057,1.3857466876506803,3.2072065770626064,2.505167705551683,3.4347612992860377,2.243011385202408,4.529287815093993,3.151648329173149,0.7361710071563721,-1.92823541416699
VOO,2017-10-04,2018-10-09,20,3.807662725448609,1.5683936476707458,5.537775978446007,4.324144284592681,6.309176760260016,3.7650374174118038,8.021449357271191,5.009664204768862,2.0954906940460205,-4.281967669218167
GLD,2017-10-04,2018-10-09,20,4.6689629554748535,3.095299199223518,5.999607741832733,3.916630638970089,5.899049368842194,4.126924157142639,7.215442895889281,4.171787534902555,0.03715157508850098,3.0550643765745455
TLT,2017-10-04,2018-10-09,20,4.774640798568726,3.203799530863762,5.768639028072357,4.323627980234854,6.0260065443192925,4.137403428554535,7.2951997816562635,4.927097744003723,-0.04897117614746094,-1.0168914369248272
EW,2017-10-04,2018-10-09,20,2.453705370426178,1.2755614966154096,3.2190981954336166,2.505167705551683,3.465229350452622,2.20795276761055,4.497905731201171,3.151648329173149,0.6926178932189941,-0.7129319742330664
VOO,2017-11-02,2018-11-07,20,4.90174800157547,2.894214823842048,6.797069981694219,5.525019196175127,8.077606962372858,5.035695791244507,10.771431952714918,7.032909348811614,2.056950330734253,-6.158981813986941
GLD,2017-11-02,2018-11-07,20,4.7254109382629395,3.4703041464090347,5.837146297097205,3.916630638970089,5.962633935268968,4.383607715368271,6.979896813631056,4.171787534902555,-0.10487139225006104,1.7754008276016808
TLT,2017-11-02,2018-11-07,20,5.073704421520233,3.6007013767957687,6.24897375702858,4.362152664737751,6.346578488592058,4.437656581401825,7.740606963634491,4.927838337516411,-0.37465691566467285,5.478787700964105
EW,2017-11-02,2018-11-07,20,2.7711018919944763,1.674661710858345,3.574305444955826,2.690889035098787,3.9309712514902153,2.631790906190872,4.873304069042206,3.195617794605843,0.5371510982513428,0.30987045197958807
VOO,2017-12-04,2018-12-10,20,5.948581397533417,4.192789807915688,7.924970790743826,5.739831078518944,9.405038191471249,6.492725372314453,12.120322853326796,7.097393750010982,1.5915751457214355,-1.7550497648978647
GLD,2017-12-04,2018-12-10,20,4.919193089008331,3.129509940743446,6.119715556502341,3.916630638970089,6.181489214456329,4.279663413763046,7.52167111635208,4.171787534902555,-0.21322965621948242,3.9343960243127363
TLT,2017-12-04,2018-12-10,20,4.867816865444183,3.1256082653999333,6.329523965716361,4.362152664737751,6.117334977413217,4.078219711780548,7.424026519060133,4.927838337516411,-0.208204984664917,2.2098752109881437
EW,2017-12-04,2018-12-10,20,3.010922074317932,1.8657384514808653,3.839957028627395,2.690889035098787,4.217000476395091,2.762783408164978,5.210476845502853,3.195617794605843,0.41031837463378906,1.5589290552153967
VOO,2018-01-04,2019-01-10,20,6.844259202480315,4.60936763882637,8.710196048021317,7.120411989210998,10.482993291225284,7.074903428554535,13.243691384792328,8.94607727735564,1.5901565551757812,4.474781217209212
GLD,2018-01-04,2019-01-10,20,5.1057809591293335,3.552578091621399,6.325613170862198,3.916630638970089,6.367463890152673,4.659999430179596,7.61607527732849,4.171787534902555,-0.34137964248657227,2.1547847894504146
TLT,2018-01-04,2019-01-10,20,5.009364187717438,3.4538331478834152,5.978646263480183,4.362152664737751,6.21535722942402,4.46555158495903,7.191379398107529,4.927838337516411,-0.36436915397644043,1.7985217583760038
EW,2018-01-04,2019-01-10,20,3.22208821773529,2.0864732265472408,4.25967775285244,2.690889035098787,4.531880572903901,3.0168555974960327,5.6993972063064575,3.195617794605843,0.30994415283203125,2.82912472047947
VOO,2018-02-05,2019-02-11,20,7.35279530286789,4.687608048319816,9.589250981807705,7.120411989210998,11.33839893930902,7.4048227965831765,14.098598748445504,8.94607727735564,1.4377713203430176,3.275977955415499
GLD,2018-02-05,2019-02-11,20,5.079516172409058,3.55339851975441,6.256291151046752,3.916630638970089,6.3318420317955315,4.58836430311203,7.5203287303447715,4.171787534902555,-0.4638969898223877,-0.5016141786743034
TLT,2018-02-05,2019-02-11,20,4.433566629886627,2.568540558218956,5.608540251851078,3.4846803224425016,5.636667487366745,3.5045497417449947,6.99116429686546,4.1956847191418145,0.13946890830993652,0.36745246720095714
EW,2018-02-05,2019-02-11,20,3.0617082118988037,2.1752889305353165,3.912248015403747,1.9622619643769146,4.415623044284681,3.220596760511398,5.385497868061066,2.3829556194898673,0.3930032253265381,1.057325476303017
VOO,2018-03-07,2019-03-13,20,6.46668553352356,3.852408081293105,8.78921864926815,7.120411989210998,10.100163519382477,6.560681074857713,13.128189414739609,8.94607727735564,1.460021734237671,2.918787183524496
GLD,2018-03-07,2019-03-13,20,5.109776854515076,3.4105916172266006,6.217459723353386,3.916630638970089,6.347511673811823,4.505597114562988,7.341720312833785,4.171787534902555,-0.5356281995773315,-0.2503210333985373
TLT,2018-03-07,2019-03-13,20,4.36233252286911,2.8501041531562805,5.307613745331764,3.4846803224425016,5.53283451590687,3.9399067163467407,6.615198910236357,4.1956847191418145,0.11744499206542969,2.2358017909302808
EW,2018-03-07,2019-03-13,20,2.929087281227112,1.9482639729976654,3.824782237410545,1.9622619643769146,4.151174790846804,2.87993985414505,5.20011880993843,2.3829556194898673,0.3732740879058838,1.6582106214169556
VOO,2018-04-06,2019-04-11,20,5.426903069019318,3.3881631642580032,7.033886119723316,7.120411989210998,8.635923681625474,5.550890922546387,11.046115010976775,8.94607727735564,1.9037067890167236,-0.06419854215409249
GLD,2018-04-06,2019-04-11,20,4.6582359075546265,2.9881526380777355,5.972513899207114,3.916630638970089,5.898724271294972,3.8781145513057704,7.201697140932082,4.171787534902555,-0.11224150657653809,-0.426401522000075
TLT,2018-04-06,2019-04-11,20,4.321789443492889,2.57069131731987,5.338971406221388,3.4846803224425016,5.504373332951218,3.738799780607223,6.607722252607345,4.1956847191418145,0.16027092933654785,1.1832259307342774
EW,2018-04-06,2019-04-11,20,2.4688944220542908,1.5536241829395294,3.1992924362421036,1.9622619643769146,3.588237497024238,2.258879214525223,4.305601656436919,2.3829556194898673,0.6794571876525879,0.24286229911134605
VOO,2018-05-07,2019-05-13,20,5.920244455337524,3.538030505180359,7.9364045262336695,7.120411989210998,9.2174897591273,6.232301652431488,12.027334451675413,8.94607727735564,1.4698386192321777,2.8330108267610177
GLD,2018-05-07,2019-05-13,20,4.6182891726493835,3.070823296904564,5.780338734388351,3.8125944596864954,5.856889218557626,4.121716290712357,7.186226159334183,4.092549409435945,-0.07652640342712402,2.0461418225291794
TLT,2018-05-07,2019-05-13,20,4.2675793170928955,2.817198485136032,5.473727852106094,3.4846803224425016,5.475164852881184,3.7890273034572606,6.6220706403255445,4.1956847191418145,0.2873420715332031,4.070643994785184
EW,2018-05-07,2019-05-13,20,2.6023703813552856,1.5172332674264906,3.3640803545713416,1.947559244495791,3.759922490765651,2.5096317529678345,4.8139164447784415,2.339458867710606,0.5874991416931152,3.0210619045983433
VOO,2018-06-06,2019-06-12,20,5.913190841674805,3.385314747691154,8.29392448067665,7.120411989210998,9.33178859219576,6.05794495344162,12.493873566389084,8.94607727735564,1.5129268169403076,4.284738470422389
GLD,2018-06-06,2019-06-12,20,4.670249819755554,2.9089620411396027,5.872775331139564,3.703634152334841,5.95982032439982,3.9305889308452606,7.079779744148254,4.047826925364558,-0.04210472106933594,5.459743318140897
TLT,2018-06-06,2019-06-12,20,3.815983831882477,2.340468481183052,4.986805438995359,3.4846803224425016,5.076950280151019,3.28120020031929,6.235415786504745,4.1956847191418145,0.628972053527832,-0.2715687899539576
EW,2018-06-06,2019-06-12,20,2.4119409918785095,1.3716394603252409,3.370001241564751,1.947559244495791,3.5691167072703442,2.208508610725403,4.833547770977018,2.339458867710606,0.7186353206634521,3.1596001107349503
VOO,2018-07-06,2019-07-12,20,5.424902439117432,3.3634599447250366,7.3067179173231045,7.120411989210998,8.72385815018788,5.405601143836975,11.391038745641705,8.94607727735564,1.8404662609100342,-3.0458835858032884
GLD,2018-07-06,2019-07-12,20,4.490983784198761,2.781114012002945,5.6920545399188995,2.954272302048881,5.762491231629005,3.837268471717835,6.983508855104444,3.67807282846489,0.40414929389953613,5.788958135404054
TLT,2018-07-06,2019-07-12,20,3.6907225847244263,2.170792832970619,4.887579187750816,3.4846803224425016,4.894278439072272,3.091420978307724,6.056624919176102,4.1956847191418145,0.8044898509979248,7.762850375481278
EW,2018-07-06,2019-07-12,20,2.261044681072235,1.2220599502325058,3.1597725003957744,1.947559244495791,3.3940234725984433,2.0361943542957306,4.55154225230217,2.339458867710606,1.05857253074646,3.4528615720531786
VOO,2018-08-06,2019-08-12,20,6.3276755809783936,3.8814548105001445,8.160778954625128,7.120411989210998,9.656607999932021,6.524523138999939,12.287975162267683,8.94607727735564,1.3180434703826904,3.519039328286677
GLD,2018-08-06,2019-08-12,20,4.222360849380493,2.392350912094116,5.483467295765875,1.9123940406943227,5.729238118510693,3.721928238868714,7.023868530988692,2.6591311333625134,1.1527299880981445,-1.7177396923207633
TLT,2018-08-06,2019-08-12,20,3.125112056732178,1.447092667222023,4.416091457009315,3.4846803224425016,4.370502366994819,2.547195166349411,5.668210983276367,4.1956847191418145,1.524132490158081,-1.4207304230158813
EW,2018-08-06,2019-08-12,20,2.1476230025291443,1.0413480252027512,2.9975216686725616,1.947559244495791,3.2968367527549467,2.0957682728767395,4.205937951803207,2.339458867710606,1.344531774520874,0.2026839907755429
VOO,2018-09-05,2019-09-11,20,6.299789249897003,3.8650945723056793,8.73155477643013,7.120411989210998,9.684357159615804,6.385830938816071,13.004813939332958,8.94607727735564,1.5455126762390137,-2.5618862887701987
GLD,2018-09-05,2019-09-11,20,4.559697508811951,2.8399936258792877,6.162949115037917,1.9123940406943227,6.344236868123214,4.29047229886055,7.7612441778182975,2.6591311333625134,0.9267747402191162,0.723253407991109
TLT,2018-09-05,2019-09-11,20,3.579192161560059,2.0476584434509277,4.798627346754074,2.516253081486244,4.982081812340766,3.1662891805171967,6.081530034542084,3.760723682858385,1.459592580795288,2.964066958322209
EW,2018-09-05,2019-09-11,20,2.1520861983299255,1.0020171254873276,3.0125627219676963,1.947559244495791,3.418670354100565,1.8432875871658327,4.5225759744644165,2.339458867710606,1.3510406017303467,0.39647018505131193
VOO,2018-10-04,2019-10-10,20,6.528705060482025,3.9036492854356766,8.468769252300262,6.566891304829929,9.425930081245799,6.181844800710678,11.858915954828252,8.30655861449464,1.558542251586914,5.120319865364142
GLD,2018-10-04,2019-10-10,20,4.649752974510193,2.734098926186561,5.9567589163780195,2.3832435296093712,6.447461235802621,3.837417632341385,8.104915887117384,3.0892628568901888,1.119554042816162,-1.8038444216830318
TLT,2018-10-04,2019-10-10,20,2.9152196645736694,1.2104660868644714,4.156757250428198,2.4949375607119584,4.256121604703367,2.3053756952285767,5.422007977962493,3.731674130961482,2.240920066833496,-4.559496141826303
EW,2018-10-04,2019-10-10,20,1.939358115196228,0.8054686039686202,2.8473467379808413,0.8418203650503808,3.0912848461108906,1.7372167706489563,4.406998753547667,1.4484885392061018,1.6538381576538086,-0.4651450858005113
VOO,2018-11-02,2019-11-08,20,4.738910496234894,2.462460458278656,6.433230146765706,6.5263817664475905,7.250279719786097,4.059146016836166,9.700981736183165,8.24803992869042,2.2940754890441895,1.589135665148822
GLD,2018-11-02,2019-11-08,20,4.55113559961319,2.650980070233345,5.814050748944282,2.506565417762221,6.247786700259894,3.901923954486847,7.926376938819885,3.153925223864804,1.17264986038208,0.13829422974775962
TLT,2018-11-02,2019-11-08,20,3.085803985595703,1.1022495478391647,4.393207341432571,3.5951677305290675,4.490413931974521,2.28898748755455,5.825189709663391,4.523733540234268,2.255570888519287,2.9489575864676043
EW,2018-11-02,2019-11-08,20,1.4949813485145569,0.3962006270885467,2.272342428565025,0.5995533324306267,2.545158638774107,1.2969564497470856,3.5712434053421,1.2715007030539274,1.9432008266448975,1.5750126340354331
VOO,2018-12-04,2019-12-10,20,4.450196027755737,2.7327018827199936,6.590181529521941,4.400384771651023,6.875446753110737,4.317852765321732,9.28114545345306,5.823763176063248,2.146822214126587,4.698812462105106
GLD,2018-12-04,2019-12-10,20,4.2949578166008,2.248925358057022,5.965973392128938,2.7725448487750004,6.077996404686322,3.801009029150009,7.711718112230297,3.2940727733023283,1.449894905090332,5.841847856260118
TLT,2018-12-04,2019-12-10,20,3.3602741360664363,1.7057988345623016,4.895620942115782,3.794306377471379,4.956403557055941,2.989440381526947,6.641484171152113,4.576242740974352,2.2840499877929688,-0.8801375062325145
EW,2018-12-04,2019-12-10,20,1.4723056554794312,0.38289719820022566,2.458103194832802,0.7897340202674917,2.506605306795488,1.2607869803905487,3.377037227153778,1.3051336882884854,1.9813001155853271,3.2031660388732064
VOO,2019-01-07,2020-01-10,20,2.734628915786743,0.8404054045677185,4.104586392641066,4.205301973889846,4.466564592439681,2.1682209968566895,6.246816605329511,4.935091258421315,2.7288734912872314,2.7601744383459748
GLD,2019-01-07,2020-01-10,20,3.764799535274505,1.8362040966749191,5.49588495492935,2.7725448487750004,5.443949659820646,3.2955028712749486,7.236656546592711,3.2940727733023283,1.7940700054168701,0.8576641994605172
TLT,2019-01-07,2020-01-10,20,3.890184164047241,1.8213745355606077,5.201962888240813,3.794306377471379,5.3471633698791265,2.992450922727585,6.681483805179595,4.576242740974352,1.6256868839263916,4.789514349552304
EW,2019-01-07,2020-01-10,20,1.1632394790649414,0.1852558702230453,1.972990781068801,0.7897340202674917,2.145865613905092,0.9065443873405457,3.008735060691833,1.3051336882884854,2.0898759365081787,2.8400718391444535
VOO,2019-02-06,2020-02-11,20,3.1337273120880123,1.2785679548978806,4.525579929351806,4.205301973889846,5.083735461812466,2.5191290974617004,6.887159466743468,4.935091258421315,2.3507893085479736,-18.233223099224837
GLD,2019-02-06,2020-02-11,20,3.891094326972962,2.003092035651207,5.5268899947404835,2.7725448487750004,5.629825914123407,3.3811282217502594,7.311448603868481,3.2940727733023283,1.780015230178833,4.246233819700751
TLT,2019-02-06,2020-02-11,20,3.7994012236595154,1.6578569561243055,5.218796640634537,3.794306377471379,5.306981174120059,2.8519619405269623,6.600165426731109,4.576242740974352,2.0501255989074707,8.786418090538994
EW,2019-02-06,2020-02-11,20,1.2364614009857178,0.1821206212043762,2.1727459579706188,0.7897340202674917,2.258207121243079,0.9289176166057587,3.198667168617248,1.3051336882884854,2.1005332469940186,-2.0181598909073006
VOO,2019-03-08,2020-03-12,20,6.452171504497528,3.7342406064271927,9.254068061709404,5.366977559890063,11.226995669615764,6.558465331792831,14.418934673070908,11.668197961828476,2.3110151290893555,12.88855672918654
GLD,2019-03-08,2020-03-12,20,3.861036002635956,1.8062151968479156,5.609323576092719,2.7725448487750004,6.040556887940815,3.51611515879631,8.120716184377669,3.2940727733023283,2.5458455085754395,7.375336389771836
TLT,2019-03-08,2020-03-12,20,4.202687442302704,1.8019014894962309,5.763375774025915,3.794306377471379,6.2550046675217645,3.658629566431046,8.174490034580229,4.576242740974352,2.5229036808013916,5.161265245951929
EW,2019-03-08,2020-03-12,20,1.4263102412223816,0.3204714208841324,2.4825358390808105,0.880044606169068,2.9076971230097115,1.3368611931800842,4.058990359306334,1.8597739458879092,2.478379011154175,9.61759297022331
VOO,2019-04-08,2020-04-13,20,9.821081161499023,6.41410943865776,13.134960949420927,17.59090396719911,16.599550179671496,10.873452693223953,21.085823744535432,25.024839299631925,1.798999309539795,6.173219524910922
GLD,2019-04-08,2020-04-13,20,4.983094036579132,2.890741348266601,6.597923427820203,3.3557273212605176,7.894255744758993,5.120050132274628,10.348597973585127,5.358759916219958,2.3279428482055664,-1.2328885744465778
TLT,2019-04-08,2020-04-13,20,6.094422340393066,3.512845948338508,7.932415947318075,3.794306377471379,9.18863540282473,6.089399009943008,11.951503425836563,4.576242740974352,2.191859483718872,-0.5912823187981142
EW,2019-04-08,2020-04-13,20,2.72474467754364,1.315598487854004,4.5431455820798865,3.750620741942323,5.23485733040919,3.0970214903354645,7.042852133512497,7.454766999237532,2.1862566471099854,1.5330495870145677
VOO,2019-05-08,2020-05-12,20,10.773765444755554,6.991667926311493,14.256006017327305,17.59090396719911,18.35811851390948,12.190996080636978,23.439978927373883,25.024839299631925,2.1234989166259766,11.316949591094039
GLD,2019-05-08,2020-05-12,20,5.10353147983551,2.805034220218658,6.956475555896758,3.3557273212605176,7.895689162736137,4.962279707193375,10.30119413137436,5.358759916219958,2.660536766052246,2.2057074394989717
TLT,2019-05-08,2020-05-12,20,6.8838751316070566,4.2354750484228125,9.484130188822746,3.794306377471379,10.517629461052518,7.012822210788726,13.547644972801207,4.576242740974352,2.255547046661377,-2.021828614096277
EW,2019-05-08,2020-05-12,20,2.908903956413269,1.550359100103378,4.351325258612631,3.750620741942323,5.502886433775226,3.3795698881149296,7.233719855546949,7.454766999237532,2.407127618789673,3.7872641093767534
VOO,2019-06-07,2020-06-11,20,11.139516532421112,6.801304578781128,16.38014742732048,17.59090396719911,19.196066671671964,12.868484735488892,24.363574951887127,25.024839299631925,2.4121224880218506,6.151174401682424
GLD,2019-06-07,2020-06-11,20,5.041546523571014,2.7211969196796417,7.1563303023576745,3.3557273212605176,8.123351843096316,5.0587528347969055,10.202188938856121,5.358759916219958,2.9072463512420654,4.187451861146685
TLT,2019-06-07,2020-06-11,20,7.277036011219025,4.5013546496629715,9.297628402709957,3.9971919206732487,10.73536150700723,7.427046686410905,13.678750544786451,4.807590755833837,1.921015977859497,1.6140189540134298
EW,2019-06-07,2020-06-11,20,2.870844602584839,1.3559652864933012,4.397537395358085,3.750620741942323,5.475997536753615,3.1643656492233276,7.4404434859752655,7.454766999237532,2.5037050247192383,4.039278637754085
VOO,2019-07-09,2020-07-13,20,11.439347267150879,7.078508123755455,16.332062825560566,17.59090396719911,19.317130891916655,13.265396922826765,25.849588155746464,25.024839299631925,2.8698503971099854,6.632974905446831
GLD,2019-07-09,2020-07-13,20,4.870090186595917,2.3136460185050964,7.363356739282605,3.3557273212605176,7.756878815901776,4.640772134065628,10.404016613960264,5.358759916219958,2.9262900352478027,12.249114963179819
TLT,2019-07-09,2020-07-13,20,7.797239422798157,4.934545338153839,9.921185657382011,3.9971919206732487,11.015493162752438,7.319724112749099,13.778562873601912,4.807590755833837,1.4674723148345947,1.4549745879435694
EW,2019-07-09,2020-07-13,20,2.701970636844635,0.9522897154092788,4.2563809007406235,3.750620741942323,5.28642333423098,2.886241853237152,7.560965418815612,7.454766999237532,2.48221755027771,6.727368523049715
VOO,2019-08-07,2020-08-11,20,10.374954044818878,6.084400445222855,15.059528484940525,17.59090396719911,18.310219949732222,11.83076161146164,24.265409529209137,25.024839299631925,3.592550754547119,2.0794427588007203
GLD,2019-08-07,2020-08-11,20,4.677047431468964,2.356843501329422,6.805958881974216,3.3557273212605176,7.567679765634239,4.542493671178818,10.153832495212555,5.358759916219958,3.2979846000671387,1.728354211490224
TLT,2019-08-07,2020-08-11,20,8.252102732658386,5.266984462738037,10.555120617151259,3.9971919206732487,11.47172402124852,7.796794772148132,14.02968096733093,4.807590755833837,1.090562343597412,-2.1695191161527516
EW,2019-08-07,2020-08-11,20,2.511228024959564,1.0143262594938276,3.933352008461951,3.750620741942323,4.988270148169249,2.8415410816669464,6.569803714752194,7.454766999237532,2.737492322921753,0.6101338389757238
VOO,2019-09-06,2020-09-10,20,10.841690003871918,6.327174186706543,15.165879890322673,17.59090396719911,19.038413267116994,13.322047263383865,24.494965910911553,25.024839299631925,3.3674418926239014,3.379364231873061
GLD,2019-09-06,2020-09-10,20,4.8613810539245605,2.252051338553428,7.214971572160719,3.459587714805823,8.154700032901019,4.774510473012924,10.672777652740475,5.849647927908727,3.570932149887085,-2.5265814100187356
TLT,2019-09-06,2020-09-10,20,8.094941973686218,5.111952364444732,10.521201521158217,4.100860388510101,11.53655076244225,7.585269212722778,14.2842506468296,4.794711525825687,1.1528849601745605,-2.3421054822948317
EW,2019-09-06,2020-09-10,20,2.9131221771240234,1.0069555640220642,4.565398618578907,3.750620741942323,5.698144214693457,3.0702264308929443,7.697806119918822,7.454766999237532,2.7722835540771484,-0.4815653447245549
VOO,2019-10-07,2020-10-09,20,10.34698098897934,5.4721731543540955,15.094720050692557,17.59090396719911,18.0911379866302,11.729032844305038,23.74433758854864,25.024839299631925,4.2067646980285645,0.9950562712623512
GLD,2019-10-07,2020-10-09,20,4.765657186508179,2.08951273560524,6.883578822016715,4.193474101273549,7.8870132061031955,4.469936847686768,10.635300517082207,5.954676943604567,3.476440906524658,1.1652311624782419
TLT,2019-10-07,2020-10-09,20,8.629502654075623,5.934481367468834,11.21569375693798,4.039278155677466,12.10213331117605,8.440359979867935,14.868095278739922,4.792155487696828,0.5251944065093994,-0.3178599611352917
EW,2019-10-07,2020-10-09,20,2.8339171409606934,1.162014126777649,4.41670435667038,3.750620741942323,5.495037076373896,3.137217760086059,7.3204305768012965,7.454766999237532,2.8218328952789307,0.670625641662026
VOO,2019-11-05,2020-11-09,20,10.89481234550476,6.3913740664720535,14.398882582783699,17.59090396719911,18.28810622294744,12.210478842258453,22.832130491733544,25.024839299631925,3.6350131034851074,4.42044487399349
GLD,2019-11-05,2020-11-09,20,5.231624245643616,2.6552445739507675,7.3504652082920074,4.193474101273549,8.49277766731878,5.356487512588501,11.080589681863783,5.954676943604567,3.455764055252075,0.23988928749876237
TLT,2019-11-05,2020-11-09,20,8.722682893276215,6.020972579717636,10.92406828701496,3.6752282900701894,12.208726482155424,8.634745448827744,15.038850456476212,4.624973509669006,0.733870267868042,0.9230066811251936
EW,2019-11-05,2020-11-09,20,3.237316608428955,1.3468113541603088,4.897014036774634,3.750620741942323,6.020416571603468,3.399492532014847,7.952784270048136,7.454766999237532,2.700549364089966,1.9028745892728072
VOO,2019-12-05,2020-12-09,20,11.218704581260681,6.236940652132034,15.843844220042225,17.59090396719911,18.781852341877915,11.609506279230118,24.237803041934953,25.024839299631925,3.700268268585205,4.364031285258729
GLD,2019-12-05,2020-12-09,20,5.333844721317291,2.8381853997707363,7.466661244630808,4.58175672685174,8.571585729562987,5.58167964220047,11.072886645793908,6.230443109333573,3.495985269546509,0.48695439877721736
TLT,2019-12-05,2020-12-09,20,8.739597797393799,5.975940525531769,11.599209025502205,3.82508073170724,12.263005416995536,8.317067682743073,15.885325282812117,4.645984025335537,0.4827558994293213,-3.406559177809798
EW,2019-12-05,2020-12-09,20,3.4156170487403865,1.5286695510149002,5.1212974935770035,3.750620741942323,6.18372056633234,3.386109620332718,8.882731497287748,7.454766999237532,2.6453018188476562,0.48361355068493594
VOO,2020-01-07,2021-01-11,20,11.048628091812134,6.6470019072294235,14.900799751281733,17.59090396719911,18.271946817791708,10.679304957389832,24.361564815044392,25.024839299631925,3.7008047103881836,3.0591700485473217
GLD,2020-01-07,2021-01-11,20,5.785339772701263,3.0461476445198055,7.761582419276237,4.58175672685174,8.798950518636655,5.598300188779831,11.453563719987864,6.230443109333573,3.2084882259368896,-0.5317908491013212
TLT,2020-01-07,2021-01-11,20,8.581751585006714,5.565805211663245,10.835314646363255,3.869916330766663,12.039893031275522,8.185083657503128,15.016682505607603,4.693378971184542,0.5556583404541016,-1.3951412125212115
EW,2020-01-07,2021-01-11,20,3.410120904445648,1.516332611441612,5.15888313949108,3.750620741942323,6.016211972261468,3.331632971763611,8.111138254404068,7.454766999237532,2.5888025760650635,0.40302268038807654
VOO,2020-02-06,2021-02-10,20,11.394546329975128,6.397852152585983,15.81400729715824,17.59090396719911,18.35573829788094,11.639249801635742,23.31196781992912,25.024839299631925,3.4028172492980957,0.895061393428831
GLD,2020-02-06,2021-02-10,20,5.785041153430939,3.006281703710556,8.57257229089737,5.005192615258931,8.670742561419804,5.186666667461395,11.485348969697952,6.586708651457326,3.3237993717193604,-6.479070121249475
TLT,2020-02-06,2021-02-10,20,8.738204538822174,5.97275322675705,10.76171478629112,4.109246670485964,12.145689715786528,8.515915513038635,14.708979219198222,4.7706736851684415,-0.05224049091339111,-7.078924683597698
EW,2020-02-06,2021-02-10,20,3.7929505109786987,1.6068985909223554,5.558832958340645,3.750620741942323,6.5077950634683175,4.021875441074371,8.83331173658371,7.454766999237532,2.3093581199645996,-4.221999797838261
VOO,2020-03-09,2021-03-12,20,9.678255319595337,5.377714470028877,13.43734809756279,2.942491521148547,15.712565773477158,9.805821388959885,20.951906174421303,5.816354184151118,3.8676977157592773,4.800345693999741
GLD,2020-03-09,2021-03-12,20,6.427116692066193,3.3497228175401683,8.059646889567368,5.8452466072439275,9.043971511224907,5.5873275101184845,11.403607815504072,6.564827170855649,2.4772286415100098,0.48919020327011786
TLT,2020-03-09,2021-03-12,20,9.83161985874176,7.422681599855424,11.831796914339064,6.28247386667821,12.856339981469015,10.045701682567596,15.472322434186934,7.488371317304648,-1.4549106359481812,1.1597423549992936
EW,2020-03-09,2021-03-12,20,4.403900504112243,2.6167236119508743,5.944033280014987,3.4210374422520013,6.823817974266906,4.488976389169693,8.8694959282875,4.424313120708382,1.6749143600463867,2.1633574704926772
VOO,2020-04-07,2021-04-13,20,5.363420546054839,2.362458899617195,7.8159261494874945,2.471230833606728,8.373617186831932,4.839660704135895,11.35355457663536,4.276467534199992,4.154050350189209,0.3715833664815982
GLD,2020-04-07,2021-04-13,20,5.732349157333374,3.0665217339992523,7.635263934731483,5.8452466072439275,7.9196272340292735,5.0084836184978485,10.002543061971663,6.564827170855649,2.312743663787842,5.329503214961595
TLT,2020-04-07,2021-04-13,20,8.158517181873322,6.002687871456146,9.627946764230725,6.838892097729765,9.93629675746585,7.765143960714339,11.644608736038203,7.629246045051538,-1.5550464391708374,-0.8948132904444517
EW,2020-04-07,2021-04-13,20,3.2270011305809017,1.6695834994316097,4.441302150487898,3.399359947487659,4.650461382698268,2.914760082960129,6.014169007539749,4.304365911018424,1.6450941562652588,1.5881915906857058
VOO,2020-05-07,2021-05-12,20,4.716974496841431,1.997951865196228,6.836423903703687,2.471230833606728,7.146483911813352,3.8793894052505493,9.592624962329863,4.276467534199992,3.703749179840088,4.475086530303574
GLD,2020-05-07,2021-05-12,20,5.048580169677734,2.8691446185112,6.9729520827531815,5.8452466072439275,7.288190454710275,4.510212689638138,9.550321221351622,6.564827170855649,2.5415778160095215,4.2891586760138045
TLT,2020-05-07,2021-05-12,20,7.645214796066284,5.922650188207626,9.31160834431648,6.838892097729765,9.292317787185311,7.309657663106918,11.009138762950895,7.629246045051538,-1.3607233762741089,5.269286848281718
EW,2020-05-07,2021-05-12,20,2.9649588465690613,1.4693291932344437,4.120594143867492,3.399359947487659,4.2890371483129766,2.565517008304596,5.5031896233558655,4.304365911018424,1.6696572303771973,4.690992090446899
VOO,2020-06-08,2021-06-11,20,4.966122806072235,2.521741047501564,6.935542300343513,2.471230833606728,7.426267707099517,4.62342756986618,9.597972869873045,4.276467534199992,3.018742799758911,3.356397678325451
GLD,2020-06-08,2021-06-11,20,4.909909963607788,2.510154351592064,7.049582794308662,5.8452466072439275,7.029546548922856,4.171614408493042,9.001813024282455,6.564827170855649,2.545332908630371,-3.8352141131725137
TLT,2020-06-08,2021-06-11,20,6.710907220840453,4.8576710522174835,8.045530065894127,6.838892097729765,8.275889054251213,5.900010108947754,9.678417533636093,7.629246045051538,-0.7703930139541626,2.965959188258771
EW,2020-06-08,2021-06-11,20,2.9982611536979675,1.3399401158094406,4.257910817861556,3.399359947487659,4.315590769207725,2.5906742811203003,5.424688369035721,4.304365911018424,1.6385674476623535,0.8304045746334143
VOO,2020-07-08,2021-07-13,20,4.599801301956177,2.151225253939628,6.373843476176262,2.2924519800704353,6.816139549482614,3.8035268187522893,9.05071809887886,4.273382174088825,2.664262056350708,1.6281475699590597
GLD,2020-07-08,2021-07-13,20,5.9311217069625854,3.1895728260278697,7.645096063613892,6.431090910583503,7.954217446967959,4.77539736032486,10.024323135614395,6.852892566126894,1.56288743019104,-4.402551054544379
TLT,2020-07-08,2021-07-13,20,6.8042927980422965,4.703776866197586,8.473923638463017,6.838892097729765,8.410747221205384,6.004231780767441,10.007477670907974,7.629246045051538,-0.883406400680542,1.0526681504995805
EW,2020-07-08,2021-07-13,20,3.4135058522224426,1.8438190370798113,4.670154184103011,3.399359947487659,4.677952457374582,2.6291434466838837,5.93886864185333,4.304365911018424,1.1550664901733398,-0.5658306914615774
VOO,2020-08-06,2021-08-11,20,5.186280310153961,2.3667340874671936,7.169568315148351,2.2924519800704353,7.596993364859372,4.576707065105438,9.780233830213545,4.273382174088825,2.304089069366455,1.1790429655741397
GLD,2020-08-06,2021-08-11,20,6.6392359137535095,4.496532544493675,8.39574335515499,6.431090910583503,8.764838811475784,5.952770560979843,10.528047442436216,6.852892566126894,0.672304630279541,2.4573163288396316
TLT,2020-08-06,2021-08-11,20,7.323006987571716,4.8853390365839005,8.860647246241568,6.838892097729765,9.018837140562635,6.43188539147377,10.791527688503262,7.629246045051538,-1.0562270879745483,2.3418678530712445
EW,2020-08-06,2021-08-11,20,3.947801887989044,2.3666094094514847,5.047288000583648,3.399359947487659,5.284611768244455,3.5001228749752045,6.817681372165678,4.304365911018424,0.6736397743225098,2.0126163153516563
VOO,2020-09-04,2021-09-10,20,5.041577517986298,3.0263274013996124,6.947846949100493,0.6771983811004677,7.346550604173292,4.996673226356506,9.238695502281187,1.7589343119427836,1.9248485565185547,-1.4087544052317935
GLD,2020-09-04,2021-09-10,20,5.996426045894623,4.0271837413311005,7.460785508155821,6.3197217364029985,7.849790706920127,5.557169854640961,9.531540334224701,6.839826111070944,0.7171392440795898,-1.7645633912445668
TLT,2020-09-04,2021-09-10,20,6.8120232224464425,4.592269882559776,8.240210339426994,6.838892097729765,8.507734137432028,5.775631129741669,10.017467975616453,7.629246045051538,-0.7275968790054321,-4.2721309096715565
EW,2020-09-04,2021-09-10,20,3.6018830537796016,2.318494886159897,4.425239741802215,3.3133834512904343,4.81214593940725,3.230733841657638,5.827084809541702,4.304365911018424,0.6862163543701172,-2.4401109195226423
VOO,2020-10-06,2021-10-11,20,4.967873990535736,2.952736124396324,6.516630724072456,1.796216421960406,7.04055738557751,4.615144461393356,9.23829364776611,3.3144605445217725,1.815485954284668,7.926211946124395
GLD,2020-10-06,2021-10-11,20,5.978509783744812,3.902355387806893,7.818440794944762,6.3197217364029985,7.778418650074552,5.417593389749527,9.627873271703718,6.839826111070944,0.7314443588256836,3.983649861054017
TLT,2020-10-06,2021-10-11,20,7.056971490383149,4.862512096762657,8.621298372745512,6.838892097729765,8.79408927091087,6.43237790465355,10.543607890605925,7.629246045051538,-0.7815718650817871,5.4337944883622535
EW,2020-10-06,2021-10-11,20,3.6356693506240845,2.260196551680565,4.662747949361799,3.7198647416055475,4.878278654844811,3.2730708718299866,6.194730818271635,4.3271118717078165,0.6374657154083252,5.807160755100149
VOO,2020-11-04,2021-11-09,20,3.737373352050781,2.0009493976831436,5.1113739758729935,1.945250358142263,5.688532469018051,3.3567550778388977,7.8120536506175995,3.3010670916762566,2.4251341819763184,0.4607984696430867
GLD,2020-11-04,2021-11-09,20,5.63109815120697,3.2852648496627803,7.211697325110435,6.3197217364029985,7.460847046847145,4.665508687496185,9.213832199573515,6.839826111070944,0.9717583656311035,-2.5629047590159493
TLT,2020-11-04,2021-11-09,20,6.785208284854889,4.7612200528383255,8.566662088036537,6.838892097729765,8.597170639162261,6.225436866283417,10.213022381067276,7.629246045051538,-0.3568410873413086,-1.5830313947747476
EW,2020-11-04,2021-11-09,20,3.0703654885292053,1.720132380723953,4.0996749848127365,3.7198647416055475,4.299571628992757,2.6504246592521667,5.546689212322235,4.3271118717078165,1.0551035404205322,-1.153373089256049
VOO,2020-12-04,2021-12-09,20,3.7979626655578613,1.9470026642084122,5.3910111784935,2.1223052148299515,5.690694871979455,3.498526632785797,7.583788424730301,3.4113291856277823,2.30523943901062,0.3267269813935547
GLD,2020-12-04,2021-12-09,20,5.474266409873962,2.8024151027202606,6.952450573444366,6.3197217364029985,7.131700105189036,4.627817004919052,8.757705569267271,6.839826111070944,0.932389497756958,1.127317978142539
TLT,2020-12-04,2021-12-09,20,7.2267407178878775,4.8600767850875854,8.796276673674582,6.838892097729765,9.048019035253674,6.5597295463085175,10.847157597541809,7.629246045051538,-0.5740106105804443,-4.55684125600877
EW,2020-12-04,2021-12-09,20,3.1615370512008667,1.8267963379621506,4.16797649860382,3.7198647416055475,4.287608774999777,2.8838325440883636,5.439693212509154,4.3271118717078165,0.9416937828063965,-1.0193659051193071
VOO,2021-01-06,2022-01-10,20,4.405684769153595,2.089047849178314,6.154213234782217,2.376398335808898,6.506789079867303,3.709084630012512,8.315053910017012,3.432543724740441,2.015179395675659,-3.1633465687303963
GLD,2021-01-06,2022-01-10,20,5.800263285636902,3.3739386647939686,7.24454365670681,6.3197217364029985,7.387679811411847,4.950333774089813,8.99874648451805,6.839826111070944,0.45966506004333496,1.4085406236479248
TLT,2021-01-06,2022-01-10,20,7.811706364154817,5.154354766011237,9.478135511279104,6.838892097729765,9.645327863593895,6.871283799409866,11.419547110795975,7.629246045051538,-1.1246830224990845,-2.978432248188645
EW,2021-01-06,2022-01-10,20,3.637199103832245,2.1164380460977554,4.7058542370796195,3.7198647416055475,4.801865721431872,3.171112895011902,5.9018069207668304,4.3271118717078165,0.4802882671356201,-1.5363487537211618
VOO,2021-02-05,2022-02-09,20,4.487559497356415,2.5743191242218018,6.0461279302835464,4.118622242673429,6.809688933814566,4.517069488763809,8.488513857126234,6.417952725094691,2.1349966526031494,-6.995281264936204
GLD,2021-02-05,2022-02-09,20,5.033471882343292,2.829707086086273,6.517625570297239,5.687241218511725,6.682170423058172,4.096887290477753,8.565962016582489,6.562354618676887,1.149594783782959,8.87213748434894
TLT,2021-02-05,2022-02-09,20,7.6271432638168335,5.384597614407539,9.043923974037169,5.803096342131029,9.412840901253123,6.9101200103759775,11.23844063282013,6.829047462994307,-0.8507847785949707,-2.7392453383176085
EW,2021-02-05,2022-02-09,20,3.2571375370025635,1.9733364582061765,4.154705792665481,3.657694400328957,4.4509845968183175,3.0248135030269623,5.3545855283737165,4.226956096034302,0.8301138877868652,-0.34149853378654393
VOO,2021-03-09,2022-03-11,20,5.380808711051941,3.077837139368057,7.23827640712261,5.215208293071967,7.9841730107242865,4.909379035234451,10.153736948966976,7.131158363771878,1.639634370803833,6.928741248920578
GLD,2021-03-09,2022-03-11,20,4.451310038566589,2.540065586566925,5.90620569884777,5.165853260066779,6.120547209866345,3.8951561152935033,7.66233244538307,6.189567100983038,1.7934203147888184,-1.9558026845378107
TLT,2021-03-09,2022-03-11,20,7.133535742759705,5.099744334816933,8.76450844109058,4.659424901889782,9.027881404229749,6.708364278078079,10.798917382955548,5.467884721846141,-0.1464933156967163,-7.11461714949071
EW,2021-03-09,2022-03-11,20,2.917064130306244,1.7127023935317993,4.0465064346790305,3.016890813718396,4.140337890324494,2.617386907339096,5.547052830457685,3.6912969092310814,1.1381685733795166,-0.798116311812358
VOO,2021-04-08,2022-04-11,20,5.765534043312073,3.6462382972240444,7.819616541266438,5.259493717979972,8.551287037941318,5.796873331069946,11.503700613975525,7.138931779113509,1.6431927680969238,-9.287818489881284
GLD,2021-04-08,2022-04-11,20,4.830558001995087,2.8941065222024918,6.536400541663167,5.20292947216016,6.4987052891713875,4.231559902429581,8.109916388988493,6.292241557518414,1.4833331108093262,-6.004275506618184
TLT,2021-04-08,2022-04-11,20,7.67536461353302,5.067115500569344,9.64080885052681,5.7685830493452395,9.645011070339631,6.986765682697296,11.637104123830794,6.597631721466709,-0.5662262439727783,-5.873819676734171
EW,2021-04-08,2022-04-11,20,3.266265392303467,1.7332459539175031,4.396106064319611,3.016890813718396,4.557788441888988,2.6985462605953217,5.808474779129025,3.6912969092310814,0.8860170841217041,-6.971474680671252
VOO,2021-05-07,2022-05-11,20,6.934841573238374,4.448995530605316,8.925204545259476,7.510461067610021,10.301228515648592,6.569760203361511,13.021581053733824,9.273771510381474,1.2970328330993652,2.263614461857544
GLD,2021-05-07,2022-05-11,20,5.368683040142059,3.1840163022279735,6.670067265629768,5.499473441516294,7.130613795015961,4.462166517972946,8.641411662101746,6.389419748248358,1.092851161956787,-0.3414023675932243
TLT,2021-05-07,2022-05-11,20,8.855779469013214,5.955518737435341,10.68324308097362,7.597830598921737,10.922808789958555,7.946130871772766,12.719741463661192,9.063695122429454,-1.1475473642349243,-2.7610386087090655
EW,2021-05-07,2022-05-11,20,3.955085575580597,2.521325036883354,5.168664872646332,4.766777449840147,5.279222049284726,3.659538269042969,6.375519335269928,6.55004690126435,0.4778146743774414,-0.18528286064403154
VOO,2021-06-08,2022-06-10,20,7.694094181060791,4.815716132521629,10.469666570425032,8.716459248472416,11.086098120237391,7.5440700352191925,14.42692786455154,10.01722153874714,1.1253893375396729,-1.910797302054601
GLD,2021-06-08,2022-06-10,20,5.97780704498291,3.936432257294655,7.601702645421026,4.8484543434849074,7.810391023910294,5.394399911165237,9.341756373643873,6.445448449883815,0.6596982479095459,-7.854928373122183
TLT,2021-06-08,2022-06-10,20,8.734202682971954,5.8583220690488815,11.103570923209187,7.597830598921737,10.873828700277954,7.583301275968551,12.707706272602076,9.063695122429454,-0.6845176219940186,1.3869609305345643
EW,2021-06-08,2022-06-10,20,4.1074588894844055,2.5592916011810303,5.111369401216507,6.350478595314284,5.482588789891452,3.724680542945862,6.4673475325107574,7.115535488422971,0.40751099586486816,-2.762859746779711
VOO,2021-07-08,2022-07-13,20,8.94243836402893,6.385591879487038,11.139249563217163,8.716459248472416,12.695279492375752,8.90554866194725,15.82597678899765,10.01722153874714,0.489652156829834,10.822152207907433
GLD,2021-07-08,2022-07-13,20,5.793975293636322,3.32581689953804,7.615309044718742,5.698752421013784,7.548104490463932,4.776794523000717,9.200507551431652,6.893540575956562,0.8226573467254639,3.2054408911737386
TLT,2021-07-08,2022-07-13,20,9.487150311470032,6.594639152288437,11.530142709612845,7.597830598921737,11.647990625351667,8.486638337373734,13.416648834943771,9.063695122429454,-1.1384248733520508,0.7667790151274945
EW,2021-07-08,2022-07-13,20,4.5640116930007935,2.891975060105324,5.615345433354377,6.350478595314284,5.9916068528157975,4.226023375988007,7.189976751804352,7.115535488422971,0.10660886764526367,4.914013899003011
VOO,2021-08-06,2022-08-11,20,8.965462446212769,6.622268497943877,11.261264234781263,8.716459248472416,12.56945023778826,9.08641117811203,15.02720710635185,10.01722153874714,0.6333649158477783,-3.1886467087544834
GLD,2021-08-06,2022-08-11,20,6.053017973899841,4.169623449444771,7.693309873342512,6.297943298575545,7.829555989398311,5.562752723693848,9.631300538778305,7.301976903254761,0.7791221141815186,-3.919676059405164
TLT,2021-08-06,2022-08-11,20,10.444951057434082,7.60060042142868,12.472742021083828,7.597830598921737,12.687201712590953,9.771735966205597,14.419860273599621,9.063695122429454,-1.7164051532745361,-5.1149881077821036
EW,2021-08-06,2022-08-11,20,5.0522613525390625,3.389583066105843,6.205189287662505,6.350478595314284,6.55678112913544,4.866882383823395,7.8772953748703,7.115535488422971,-0.021949410438537598,-4.033672063490979
VOO,2021-09-07,2022-09-12,20,9.812821745872498,6.677730754017831,12.11840373277664,8.716459248472416,13.355699942136804,9.347434043884277,16.51708689332008,10.01722153874714,0.2482593059539795,-12.058566481000742
GLD,2021-09-07,2022-09-12,20,6.227619647979736,3.8858618885278697,7.889249965548512,6.297943298575545,8.052883289443951,5.306185632944107,9.708253651857376,7.301976903254761,0.4572153091430664,-3.206131481494112
TLT,2021-09-07,2022-09-12,20,10.889532566070557,7.831735655665397,12.71769706904888,7.957530854207709,13.140594687623283,9.85593917965889,15.330512434244152,9.154740971794299,-2.026328444480896,-7.226459968023013
EW,2021-09-07,2022-09-12,20,5.622815787792206,3.9984068572521205,6.698023155331608,6.408813550217565,7.138436004364242,5.422506213188171,8.259033292531967,7.117106071741963,-0.3695756196975708,-7.495725176504875
VOO,2021-10-06,2022-10-11,20,10.852037966251373,7.765999063849449,13.781183943152424,9.497832421513234,14.314562827348709,10.540187388658524,17.640005946159363,10.745055618490932,-0.4274338483810425,6.8094745925888045
GLD,2021-10-06,2022-10-11,20,6.546152830123901,4.161670997738838,8.1418439745903,6.457491547937962,8.29137411589424,5.7966068983078,9.858673602342604,7.320060335813121,0.2932429313659668,2.76488346537751
TLT,2021-10-06,2022-10-11,20,11.771893799304962,8.919045075774193,13.683400601148602,8.066582648090556,14.102029292068133,10.82779848575592,16.116829246282578,9.382359067088553,-2.6861727237701416,-5.335327948550505
EW,2021-10-06,2022-10-11,20,6.493083536624908,4.764981225132942,8.01978711783886,6.788920849059958,8.156484854407609,6.0093273520469666,9.433591246604918,7.650627584236851,-0.8703619241714478,1.391366097177582
VOO,2021-11-04,2022-11-09,20,11.96959674358368,8.655565083026886,14.37194801867008,9.497832421513234,15.137182925051698,11.59167855978012,17.841500908136368,10.745055618490932,-1.1509507894515991,5.906338665760225
GLD,2021-11-04,2022-11-09,20,6.762976348400115,3.836591407656669,8.488914072513579,6.457491547937962,8.606420919143904,5.575673967599869,10.128367692232132,7.320060335813121,0.38730502128601074,4.92909399626027
TLT,2021-11-04,2022-11-09,20,12.54989832639694,9.227539867162704,14.921842560172077,8.641281199338147,14.877845292600492,11.386555224657059,17.145600140094757,10.132858140202556,-3.057032823562622,15.664197095567856
EW,2021-11-04,2022-11-09,20,7.190166413784027,5.178285151720046,8.685206100344654,6.788920849059958,8.788106695283204,6.423292189836502,10.231056869029999,7.650627584236851,-1.222345232963562,8.78874303602204
VOO,2021-12-06,2022-12-09,20,12.604152858257295,9.1063801497221,15.693715661764145,9.497832421513234,15.745204838458449,11.483987718820572,19.253091782331467,10.745055618490932,-1.4538109302520752,-0.25763285464059926
GLD,2021-12-06,2022-12-09,20,6.912189126014709,4.258539944887161,8.761590152978895,6.457491547937962,8.779000948804121,6.105216145515442,10.587411403656006,7.320060335813121,0.30834078788757324,4.5971555410066145
TLT,2021-12-06,2022-12-09,20,12.70932078361511,9.796277716755867,15.155942648649214,8.641281199338147,15.184511248177538,11.635023534297943,17.392435967922204,10.132858140202556,-3.1315207481384277,-1.9641661446835879
EW,2021-12-06,2022-12-09,20,7.622751593589783,5.522417709231377,9.118728250265121,6.788920849059958,9.346754802390933,7.164062470197677,10.751098960638043,7.650627584236851,-1.3657093048095703,0.8163095734247117
VOO,2022-01-05,2023-01-11,20,12.814180850982664,9.684240609407425,15.248503267765045,9.388649181093589,15.867499785963446,11.977878451347351,18.64564824104309,10.728723214284384,-1.8769949674606323,2.9329854228868912
GLD,2022-01-05,2023-01-11,20,6.7287349700927725,4.319817140698433,8.476354464888573,6.457491547937962,8.624545585674543,6.061122417449951,10.540034919977188,7.320060335813121,0.5103707313537598,-0.9105465481335617
TLT,2022-01-05,2023-01-11,20,12.254105806350708,8.725685998797415,14.638954505324362,8.641281199338147,14.649630264223864,10.798112899065018,17.001211255788803,10.132858140202556,-2.602025866508484,-0.8053015721720236
EW,2022-01-05,2023-01-11,20,7.63249307870865,5.573176771402359,8.990544974803925,6.788920849059958,9.278654012208182,7.017602115869522,10.834745973348618,7.650627584236851,-1.21995210647583,0.4560813640384742
VOO,2022-02-04,2023-02-10,20,12.180765867233276,8.784576788544655,15.300460889935492,9.388649181093589,15.268766573475054,11.315745741128922,18.071567475795746,10.728723214284384,-1.163482666015625,-5.58371572166555
GLD,2022-02-04,2023-02-10,20,6.676083207130431,4.200565487146378,8.414241477847096,6.457491547937962,8.583785508138437,5.605572760105133,10.313553810119625,7.320060335813121,0.571829080581665,2.5957544901689333
TLT,2022-02-04,2023-02-10,20,12.48993843793869,9.815315082669258,15.400446027517319,8.641281199338147,14.894043312718471,11.760106921195984,17.396051704883575,10.132858140202556,-2.7930796146392822,2.6122245433270797
EW,2022-02-04,2023-02-10,20,7.540570497512817,5.424564719200134,9.290930405259132,6.788920849059958,9.194651521587122,6.956351310014725,10.791209310293196,7.650627584236851,-1.0715633630752563,-0.14083373492662643
VOO,2022-03-08,2023-03-14,20,11.394241750240326,7.463298410177231,13.999415427446364,9.388649181093589,14.682026490724335,9.799752444028854,17.827375143766403,10.728723214284384,-0.5435049533843994,4.582091574099212
GLD,2022-03-08,2023-03-14,20,7.592271268367767,5.214950263500214,9.470836967229843,6.457491547937962,9.598130589195836,6.8520570397377005,11.56597539782524,7.320060335813121,-0.44111907482147217,5.858734662147325
TLT,2022-03-08,2023-03-14,20,12.44783341884613,9.252688959240913,14.810925051569937,8.641281199338147,15.015216777101159,11.128375947475433,17.676747888326645,10.132858140202556,-2.5499463081359863,2.9503340155570212
EW,2022-03-08,2023-03-14,20,7.6622918248176575,5.661917895078658,9.08826631307602,6.788920849059958,9.491515043191612,7.01433065533638,11.1950569152832,7.650627584236851,-1.0873407125473022,4.537504977509976
VOO,2022-04-06,2023-04-13,20,11.264632046222687,8.188234522938728,14.068055555224419,9.303514278700018,14.420399585893998,10.965173870325089,17.750594049692154,10.708695755530401,-0.5131453275680542,-0.29226780366362615
GLD,2022-04-06,2023-04-13,20,6.981752514839172,4.367423698306084,9.060189634561535,6.457491547937962,8.919918820417177,6.025018900632858,11.19985651969909,7.320060335813121,0.30260682106018066,-1.365167784749044
TLT,2022-04-06,2023-04-13,20,11.872177422046661,8.300374165177345,14.115719854831688,7.841314934790821,14.193358699170252,10.779237866401672,16.424150049686432,9.498877043913694,-2.176690101623535,-0.5984544075056109
EW,2022-04-06,2023-04-13,20,7.272455990314483,4.998980954289436,8.69698816537857,6.619822159677111,9.02949491282925,6.702358275651933,10.75683557987213,7.507343500771918,-0.7033020257949829,-0.684383655833154
VOO,2022-05-06,2023-05-12,20,10.641244351863861,7.765264987945556,13.120069354772568,8.297727706355648,13.85335800005123,10.084339648485184,16.69890770316124,9.71603845304656,-0.5838125944137573,5.4237685465966745
GLD,2022-05-06,2023-05-12,20,7.05692559480667,4.650308087468146,8.954753905534742,6.193526224230743,8.901414760233212,6.2162183821201324,10.735470235347748,6.7942422651387435,0.19325613975524902,-2.6390411328146124
TLT,2022-05-06,2023-05-12,20,11.003415584564209,8.539058789610863,13.064755633473393,7.569473799812069,13.352305577912679,10.745713651180267,15.453023374080658,9.145469341856883,-1.5423089265823364,-1.705483821077436
EW,2022-05-06,2023-05-12,20,6.70771449804306,4.929782256484032,7.968417465686798,5.935571927876175,8.387066311358165,6.484172582626343,9.78559073805809,6.960706017040959,-0.5689412355422974,0.3293543438861013
VOO,2022-06-07,2023-06-13,20,9.430708885192871,6.524581372737884,12.201644882559776,8.215260648479857,12.67574600254496,9.118206232786179,16.49629214406013,9.71603845304656,0.11740922927856445,3.3476232084850954
GLD,2022-06-07,2023-06-13,20,7.341163754463195,4.447112619876862,9.061952143907545,6.193526224230743,9.17366607657944,6.747309625148773,10.661367446184158,6.7942422651387435,-0.11171698570251465,0.8142247011017956
TLT,2022-06-07,2023-06-13,20,11.091507971286774,8.333091378211975,13.197786599397658,7.569473799812069,13.488610131510844,10.410734623670578,15.837010115385056,9.145469341856883,-1.5897810459136963,0.94446910773065
EW,2022-06-07,2023-06-13,20,6.615479886531831,5.012004047632217,7.798705220222474,5.935571927876175,8.348794017607968,6.530606150627136,9.694829821586607,6.960706017040959,-0.4691213369369507,1.717739854318867
VOO,2022-07-08,2023-07-14,20,8.695911765098572,5.882313460111618,11.025757372379303,8.215260648479857,11.622632446233183,8.00862717628479,14.294746845960617,9.71603845304656,0.29904842376708984,-0.8140121432833602
GLD,2022-07-08,2023-07-14,20,6.6428762674331665,4.234415650367737,8.13243794441223,5.017395588155605,8.481154621889193,5.999026387929916,10.280769139528275,5.919096342567504,0.2218782901763916,-2.1109996841094714
TLT,2022-07-08,2023-07-14,20,10.676371455192566,7.937035217881203,12.45317555963993,7.569473799812069,13.03429011022672,9.57491010427475,14.936486601829527,9.145469341856883,-1.5702247619628906,-5.585098444613445
EW,2022-07-08,2023-07-14,20,6.240900158882141,4.4855761379003525,7.578947871923446,5.935571927876175,7.875717353696625,6.064801126718521,9.406766325235365,6.960706017040959,-0.3185003995895386,-2.8307951253123576
VOO,2022-08-08,2023-08-14,20,7.75349885225296,4.681534633040428,10.646229326725006,8.215260648479857,10.838574745381873,7.126967042684555,13.802024245262144,9.71603845304656,0.646364688873291,-0.4493495386357793
GLD,2022-08-08,2023-08-14,20,6.65983110666275,4.55314277112484,8.193512618541718,5.015412770171941,8.506150198324274,6.033168643712997,10.119345366954803,5.873485527714828,0.053185224533081055,0.2428600138368875
TLT,2022-08-08,2023-08-14,20,11.067941784858704,8.147665187716484,13.432248681783673,7.46212723218097,13.429920646982888,10.216769844293594,15.84137812256813,9.111120939940369,-1.9996434450149536,-0.6802769537280984
EW,2022-08-08,2023-08-14,20,6.179031729698181,4.122558236122131,7.3001060485839835,5.935571927876175,7.832948324115326,5.513212740421295,9.252434968948362,6.960706017040959,-0.4055887460708618,-0.2771136389832174
VOO,2022-09-07,2023-09-13,20,7.5849390029907235,5.18526466190815,9.964958533644674,5.4945001507263465,10.364145479009796,7.464134752750398,12.91417950391769,7.373557530865137,0.715106725692749,-1.9228792378250703
GLD,2022-09-07,2023-09-13,20,6.350507140159607,4.050320193171501,7.833222508430477,4.65293610349268,8.316245946722727,5.729943096637726,10.08411329984665,5.389981372443695,0.19841790199279785,-1.8579221317497008
TLT,2022-09-07,2023-09-13,20,9.73781019449234,7.326843798160553,11.919869065284729,7.57528054668275,12.174523711049307,9.393114417791367,14.102214872837063,8.88095717948792,-1.0049909353256226,-5.79535248878702
EW,2022-09-07,2023-09-13,20,5.518794357776642,4.059043124318123,6.799259766936302,4.932631354008567,7.166394575809439,5.389497309923172,8.316667437553406,5.613176933173649,0.0045359134674072266,-3.1702334376209507
VOO,2022-10-06,2023-10-12,20,6.961125433444977,4.56645342707634,8.752472043037415,4.659231244478117,9.510979188295703,6.500004857778549,12.15028780698776,5.332389312518723,0.6327271461486816,0.030110301293451158
GLD,2022-10-06,2023-10-12,20,6.405576169490815,4.4273520559072495,8.089644759893416,4.90520367287917,8.479538412454229,6.089844524860382,10.351607441902159,5.545301435423075,0.18970966339111328,4.7500930666389385
TLT,2022-10-06,2023-10-12,20,9.930784404277802,6.9081579595804214,12.549582108855244,7.68726973634776,12.308054778259248,9.132038623094559,15.377494245767593,8.263950238651287,-0.9483575820922852,2.0104914048497458
EW,2022-10-06,2023-10-12,20,5.421748459339142,3.6793734580278397,6.968140810728073,4.941042382988372,7.100643252488226,4.979850798845291,8.769280433654785,5.676553307340402,-0.029742717742919922,2.3356522811252223
VOO,2022-11-04,2023-11-10,20,5.801205933094025,3.493246227502823,7.480896711349486,4.659231244478117,8.041775090775143,5.436255395412445,10.076832115650177,5.332389312518723,1.2611985206604004,4.865883916402591
GLD,2022-11-04,2023-11-10,20,6.212335228919983,4.0273362547159195,7.9602680057287225,4.895489975374532,8.28339516883716,5.8522695899009705,10.048431515693665,5.545301435423075,0.17134547233581543,2.272854969587468
TLT,2022-11-04,2023-11-10,20,9.716513454914093,6.831881254911424,12.3596449047327,7.849640702964762,12.173972073166322,8.928392797708511,14.518582254648205,8.497930218030936,-0.7692009210586548,7.556215375508946
EW,2022-11-04,2023-11-10,20,4.966149032115936,3.1309928148984905,6.12828703224659,4.941042382988372,6.476106122136116,4.567456394433975,7.841411530971527,5.676553307340402,0.2513408660888672,4.917767901249825
VOO,2022-12-06,2023-12-12,20,4.8204028606414795,2.978939101099968,6.390662506222722,4.284819254807299,6.822080541557322,4.331183046102524,9.005431354045868,4.998005033721798,1.7272531986236572,3.029686816359556
GLD,2022-12-06,2023-12-12,20,5.988821387290955,3.6063794195652012,7.408242225646972,4.895489975374532,8.063697908073664,5.348080724477768,9.767138332128525,5.545301435423075,0.39815306663513184,2.3870453392005775
TLT,2022-12-06,2023-12-12,20,9.172119796276093,6.345270872116089,11.286070227622986,7.849640702964762,11.502648443759728,8.689124286174774,14.019503742456433,8.497930218030936,-0.33840835094451904,2.538135498328997
EW,2022-12-06,2023-12-12,20,4.362675249576569,2.8998610228300095,5.4025471061468116,4.941042382988372,5.75667757463331,4.087894141674042,6.961486548185348,5.676553307340402,0.6570219993591309,2.6834385460717813
VOO,2023-01-06,2024-01-12,20,4.317218661308289,2.1368454396724696,5.830049753189084,4.284819254807299,6.248102441895753,3.784597903490066,8.10260272026062,4.998005033721798,1.9882738590240479,5.130255250640325
GLD,2023-01-06,2024-01-12,20,5.879724621772766,3.7625663578510284,7.443758010864258,4.895489975374532,7.940228275644283,5.341601133346558,9.845692306756971,5.545301435423075,0.3349006175994873,-1.3705160568767694
TLT,2023-01-06,2024-01-12,20,9.109428226947784,6.274950757622719,10.899697631597514,7.849640702964762,11.322773147063952,8.293722033500671,13.35051399469375,8.497930218030936,-0.4624694585800171,-2.339084557048665
EW,2023-01-06,2024-01-12,20,4.210186004638672,2.657299906015396,5.37446916103363,4.941042382988372,5.612430026909957,3.8940967023372646,6.824108242988586,5.676553307340402,0.6549954414367676,0.4523076984447538
VOO,2023-02-07,2024-02-13,20,3.9552140235900883,1.9590458422899246,5.695273965597153,4.284819254807299,5.736260663252324,3.1780704855918884,7.5336810648441235,4.998005033721798,2.0419836044311523,4.480457750569955
GLD,2023-02-07,2024-02-13,20,6.11939936876297,4.132196888327599,7.481006309390069,3.7758170656507066,7.866907197361191,5.530156373977661,9.5342256128788,4.708782704158817,-0.17073750495910645,9.028344319253613
TLT,2023-02-07,2024-02-13,20,9.467035233974457,6.379124283790588,11.548361793160439,7.849640702964762,11.684576394812513,8.277597188949585,13.675281614065169,8.497930218030936,-0.7383614778518677,2.5627225785777252
EW,2023-02-07,2024-02-13,20,4.4566261768341064,2.640564188361168,5.53115750849247,4.932631354008567,5.728936086719235,3.955685049295425,6.8653453290462485,5.615761635045229,0.41542649269104004,5.35352939567133
VOO,2023-03-09,2024-03-14,20,3.446804285049439,1.3112832009792326,4.866213545203208,3.4998719293561393,5.051788967102766,2.745736062526703,6.597548544406889,4.368651803501516,2.338254451751709,-0.4627170266877312
GLD,2023-03-09,2024-03-14,20,5.594162940979004,3.1837174892425537,7.151383861899374,3.7758170656507066,7.538014696910977,4.7858389019966125,9.539758086204527,4.708782704158817,0.5196511745452881,8.255549180061905
TLT,2023-03-09,2024-03-14,20,8.900364935398102,6.284178093075751,10.761159092187881,7.849640702964762,11.175923697495211,7.752382308244705,13.42886161804199,8.497930218030936,-0.4847675561904907,-2.561348260631613
EW,2023-03-09,2024-03-14,20,3.864099085330963,2.1528028398752213,5.3005396872758865,4.932631354008567,5.248292807179192,3.441152513027191,6.553275555372237,5.615761635045229,0.8399069309234619,1.683434424266883
VOO,2023-04-10,2024-04-15,20,3.7393712997436523,1.7936955243349073,5.039375886321066,3.4998719293561393,5.260174593422562,3.4318848848342896,6.577882379293442,4.368651803501516,1.8239140510559082,3.2699993717022036
GLD,2023-04-10,2024-04-15,20,4.955907166004181,2.7538361847400665,6.441993772983548,3.7758170656507066,6.606963474769145,4.272242188453674,8.116681724786757,4.708782704158817,0.8780539035797119,-2.1226533180286777
TLT,2023-04-10,2024-04-15,20,9.31606262922287,6.602700263261795,11.338217481970785,7.849640702964762,11.740437929984182,8.353909581899643,14.479558497667313,8.497930218030936,-0.9856164455413818,1.9985649540279926
EW,2023-04-10,2024-04-15,20,4.07261461019516,2.5024369806051254,5.431953355669974,4.932631354008567,5.441959004383534,3.738326370716095,6.909066140651703,5.615761635045229,0.60233473777771,1.0558403623378787
VOO,2023-05-09,2024-05-14,20,3.3585017919540405,1.3949266076087952,4.662673920392989,3.787357131352278,4.876050442301979,2.9199551939964294,6.247445583343505,4.565926567308818,2.1232664585113525,3.4508676890721013
GLD,2023-05-09,2024-05-14,20,4.983831346035004,2.942935571074486,6.442326724529265,3.602283266127093,6.729731980400781,4.461576551198959,8.43660992383956,4.61122655782702,0.8488774299621582,-1.5452314061972006
TLT,2023-05-09,2024-05-14,20,8.372776806354523,5.953663632273674,10.21990332007408,7.849640702964762,10.680937635091443,7.732474327087402,13.013062328100204,8.497930218030936,-0.4719644784927368,2.1749155932825337
EW,2023-05-09,2024-05-14,20,3.705517053604126,2.073227882385254,4.880876913666724,4.932631354008567,5.028291275569549,3.1295187175273895,6.426652312278748,5.615761635045229,0.8506178855895996,1.379231126588465
VOO,2023-06-08,2024-06-13,20,3.1400206685066228,1.2903456836938858,4.483947843313216,3.787357131352278,4.606647680824002,2.576761394739151,5.946173727512359,4.565926567308818,2.3345649242401123,3.883823676987541
GLD,2023-06-08,2024-06-13,20,5.063877701759338,2.8574313670396805,6.760296180844304,3.4844898570454275,6.900945142842829,4.316924214363098,8.603761523962017,4.518965201279049,1.0630011558532715,5.099310019300485
TLT,2023-06-08,2024-06-13,20,8.13013106584549,5.370675787329674,10.153307661414145,7.849640702964762,10.450193860257667,7.460511147975921,12.841725170612335,8.497930218030936,0.020182132720947266,-0.7718772772825067
EW,2023-06-08,2024-06-13,20,3.5783973336219783,2.1685746014118195,4.9289946258068085,4.932631354008567,4.969359224196523,3.3533025681972504,6.330762386322021,5.615761635045229,1.1655032634735107,2.742248242009526
VOO,2023-07-11,2024-07-16,20,2.8649523854255676,1.0909609943628311,4.247594878077506,3.787357131352278,4.33818781360363,2.294640004634857,5.697097063064573,4.565926567308818,2.5554358959198,-4.013171631639056
GLD,2023-07-11,2024-07-16,20,4.744351804256439,2.2638192772865295,6.353485539555547,3.7758170656507066,6.689313663324962,3.8433515131473537,8.599669486284254,4.58135928702532,1.8313467502593994,-0.10074717872137207
TLT,2023-07-11,2024-07-16,20,8.23910653591156,5.438921213150024,10.214209973812103,7.849640702964762,10.521883040200919,7.674454569816589,12.637186497449873,8.497930218030936,-0.06916224956512451,3.6468844159230462
EW,2023-07-11,2024-07-16,20,3.379921615123749,2.005615770816803,4.5038274079561225,4.932631354008567,4.792105662636459,3.1476347744464874,5.830316901206969,5.615761635045229,1.4807581901550293,-0.13014445783853246
VOO,2023-08-09,2024-08-14,20,3.7736457586288448,1.9879392981529236,5.2239953279495195,4.499753718736228,5.4889911552891135,3.4058676660060883,7.061588704586026,5.426723970560346,2.1133601665496826,2.8091291817186503
GLD,2023-08-09,2024-08-14,20,5.135574042797089,2.829080253839493,6.936930269002914,2.9445242257534865,7.189244419957201,4.402952969074249,9.405129879713057,4.381869164270389,1.5700876712799072,4.4783399732452045
TLT,2023-08-09,2024-08-14,20,7.724069356918335,4.9143426567316055,9.836727395653723,7.68726973634776,9.918253612704575,6.7077584862709045,11.884119361639021,8.360334621364057,0.4307687282562256,2.631446409023197
EW,2023-08-09,2024-08-14,20,3.484522998332977,1.7856649011373522,4.561251565814016,3.4262658502394,4.86181377976512,3.08426296710968,6.081141918897629,5.304046918798753,1.4062881469726562,3.3444389008102204
VOO,2023-09-08,2024-09-13,20,3.4807443618774414,1.103021904826164,4.9733172804117185,3.910549990107544,5.231946749457469,2.998132884502411,6.88879573345184,5.0494755352544685,2.5683045387268066,3.445757894901247
GLD,2023-09-08,2024-09-13,20,4.6543484926223755,1.9872118234634395,6.31750476360321,2.3954246037059157,6.556780935109903,3.604547917842865,8.41251280903816,3.378220197427905,2.357470989227295,2.8448168063024193
TLT,2023-09-08,2024-09-13,20,7.2336214780807495,4.729946285486221,9.14842863380909,6.486579200896656,9.375392940516274,6.642278969287872,11.329938441514967,7.991532166117753,0.7671892642974854,-6.381038192112509
EW,2023-09-08,2024-09-13,20,2.9484766721725464,1.223346307873726,4.143793880939484,2.33049763520492,4.3102449853904545,2.265837252140045,5.619422107934952,3.827186410269295,1.942002773284912,-0.10258203949207179
VOO,2023-10-09,2024-10-14,20,2.8630778193473816,1.048679634928703,4.350173503160476,3.677375328209735,4.570524681669971,2.4348953664302826,6.263263761997222,5.00865287123931,3.0313491821289062,2.4819805405164486
GLD,2023-10-09,2024-10-14,20,4.1789910197258,1.8694597333669662,5.928709715604776,1.9702157198985246,6.068052013870329,3.196402698755264,7.947840958833695,2.804347335195896,2.8447389602661133,-1.1955799759265973
TLT,2023-10-09,2024-10-14,20,7.594985067844391,5.083950892090797,9.836592331528662,4.942467970607052,9.774035793573905,7.133937358856202,11.818698704242705,5.940907912497754,0.33056139945983887,-1.5136554727872564
EW,2023-10-09,2024-10-14,20,2.7087128162384033,1.1851464062929153,3.8336750566959372,1.197864871177925,3.973691320667664,2.2095987200737,5.034562319517132,1.650502835043441,2.111029624938965,-0.023192024562046498
VOO,2023-11-07,2024-11-12,20,2.767322063446045,1.098004698753357,4.150641471147536,3.677375328209735,4.500155752369514,2.4427698254585266,6.181068569421767,5.00865287123931,2.8167009353637695,1.782252095622483
GLD,2023-11-07,2024-11-12,20,3.9655351638793945,1.5084203630685804,5.905691921710968,2.051696391918747,5.879721107582251,2.9987625777721405,7.716802984476088,2.8337636667962673,3.1643688678741455,4.544887949764864
TLT,2023-11-07,2024-11-12,20,6.885015666484833,4.504625037312508,8.633929178118706,5.616498700848342,8.822941756807268,6.258481115102768,10.495292931795118,6.3656144088748325,0.469970703125,2.051592503879829
EW,2023-11-07,2024-11-12,20,2.5082364678382874,0.8745664656162261,3.7095386832952495,1.197864871177925,3.7891099035429456,2.002832591533661,4.912216365337369,1.650502835043441,2.183854579925537,2.8382505913203904
VOO,2023-12-07,2024-12-12,20,3.05600643157959,0.9713335931301115,4.431151881814,3.677375328209735,4.875204704391459,2.568101078271866,6.680513292551039,5.00865287123931,2.802300453186035,-3.3612553199655504
GLD,2023-12-07,2024-12-12,20,3.998209536075592,1.5906044989824293,6.086086973547935,3.5314567956625553,5.99594060331583,2.9105998873710632,8.10739171504974,4.393098388680669,3.2318174839019775,-0.1010999681470115
TLT,2023-12-07,2024-12-12,20,7.238214015960693,4.449646234512329,8.933314636349674,5.616498700848342,8.994451658024143,6.114249348640442,10.390652328729628,6.3656144088748325,-0.3571063280105591,-5.9930186211446195
EW,2023-12-07,2024-12-12,20,2.723341882228851,1.0421218127012253,3.680068597197532,1.4356518492099557,3.9948556184147797,2.1569249629974365,5.121705293655391,1.9667877736449142,1.9377946853637695,-3.1497862501325025
VOO,2024-01-09,2025-01-15,20,3.426333069801331,1.4440364986658094,5.132571265101432,3.8070326645495984,5.263625100875894,2.9381719529628754,6.870558887720108,5.025335730608863,2.567172050476074,2.8657785125460133
GLD,2024-01-09,2025-01-15,20,3.64821195602417,0.86903740465641,5.2489212304353705,3.5587489224988405,5.613835939827064,2.7421279847621918,7.726121068000793,4.393098388680669,3.7235796451568604,8.61057226588844
TLT,2024-01-09,2025-01-15,20,6.995795369148254,4.582310989499092,8.772256702184675,6.255986654030394,8.785236153441172,5.937992304563522,10.296642541885374,7.125152827819373,-0.2606511116027832,2.577691545355787
EW,2024-01-09,2025-01-15,20,2.684677541255951,0.9861560314893723,3.88942977786064,2.2761342375726112,3.967740503139794,2.0719098448753357,5.182162493467331,3.2324062174909884,2.047628164291382,4.676859625121654
VOO,2024-02-08,2025-02-14,20,3.4781867265701294,1.6251361668109894,4.983658254146571,3.8070326645495984,5.244039961447319,3.053450495004654,6.897771924734115,5.025335730608863,2.4428606033325195,-7.005659707979028
GLD,2024-02-08,2025-02-14,20,3.2182902097702026,0.6596749573945996,5.297944724559782,3.5587489224988405,5.2764916520876195,2.336372524499893,7.634508430957794,4.393098388680669,4.209005832672119,3.9205385506025037
TLT,2024-02-08,2025-02-14,20,6.678888797760009,4.3051019459962845,8.033204376697539,6.255986654030394,8.393887314014137,5.589679569005966,9.826066136360168,7.125152827819373,-0.07003843784332275,1.9688381667045673
EW,2024-02-08,2025-02-14,20,2.3746314644813538,0.9760275036096574,3.574713513255118,2.2761342375726112,3.7208512192592025,2.0020934343338013,4.949705898761749,3.2324062174909884,2.225971221923828,-0.4088308702212995
VOO,2024-03-11,2025-03-18,20,4.087825119495392,2.2046832889318466,5.79170648753643,5.066218443479433,6.31928591368099,3.8963295817375183,8.427407383918759,7.074264314507441,2.1838784217834473,-3.897388980902239
GLD,2024-03-11,2025-03-18,20,3.3344525098800655,0.7694330662488936,5.38882641494274,3.5587489224988405,5.351805326063186,2.638063073158264,7.4900087416172,4.393098388680669,4.311394691467285,6.365197838305514
TLT,2024-03-11,2025-03-18,20,6.507036685943604,4.410165935754776,7.87270800769329,6.255986654030394,8.190438830448937,5.545600146055222,9.456471502780913,7.125152827819373,0.06033778190612793,-2.838013255802696
EW,2024-03-11,2025-03-18,20,2.371254563331604,0.897663950920105,3.5422784984111777,2.2761342375726112,3.722789305417488,2.038779854774475,5.017804890871047,3.2324062174909884,2.209669351577759,-0.02492840090527748
VOO,2024-04-10,2025-04-16,20,5.902279317378998,3.5404630899429317,7.9441489726305,6.990627703342629,9.035059693269432,5.865675836801529,11.472308218479156,8.474561457281473,1.8662333488464355,12.319194271467659
GLD,2024-04-10,2025-04-16,20,4.05916303396225,1.606024354696274,6.015378072857854,3.5587489224988405,6.1249973058390115,3.303179860115051,8.107384681701657,4.393098388680669,3.9042234420776367,-3.1320144549321083
TLT,2024-04-10,2025-04-16,20,6.8244993686676025,4.468582794070244,8.448989570140837,6.135603773942573,8.664320576159906,6.081570953130722,10.347338706254948,7.042738437194777,0.2028048038482666,-2.177895997954027
EW,2024-04-10,2025-04-16,20,3.1036117672920227,1.2575376331806183,4.469896718859671,2.5763659235637393,4.6670873688223455,2.5380821228027344,6.184889763593673,3.3228259088214833,1.9931674003601074,2.2591653275837897
VOO,2024-05-09,2025-05-16,20,5.426381826400757,2.8544192761182785,8.07984037697315,7.370108855410937,8.635224778360378,5.114336133003235,11.580765038728712,8.703884302004393,2.606135606765747,1.4297086830351136
GLD,2024-05-09,2025-05-16,20,4.9217236042022705,2.0009875893592834,7.231619477272031,3.578428503127715,7.639498054049909,3.846527010202408,10.084688305854788,4.418445941234123,3.7843048572540283,5.961123275918623
TLT,2024-05-09,2025-05-16,20,6.5866613388061515,4.278610333800316,8.429837882518768,6.135603773942573,8.461420482490212,5.558727890253067,10.232939839363098,7.042738437194777,0.3925502300262451,-0.6047258343137352
EW,2024-05-09,2025-05-16,20,2.921411693096161,1.0987409055233002,4.2142919898033115,2.5763659235637393,4.6449935490575935,2.415936976671219,6.323152422904968,3.3228259088214833,2.300959825515747,2.300088234102393
VOO,2024-06-10,2025-06-17,20,5.385108292102814,2.7713482081890106,7.52449244260788,7.370108855410937,8.436295491022367,5.012237757444382,11.302811473608017,8.703884302004393,2.5307655334472656,5.3903587810301135
GLD,2024-06-10,2025-06-17,20,4.825733304023743,1.9171120673418038,7.1035115569829905,3.52697850804389,7.373081683181226,4.213407039642334,9.729847282171248,4.503061208411913,3.861910104751587,-1.3945008878213705
TLT,2024-06-10,2025-06-17,20,6.4449697732925415,3.969180583953857,7.94336788356304,6.135603773942573,8.173117592620354,5.628063142299652,9.668707221746443,7.042738437194777,0.4834294319152832,-1.2398707735589931
EW,2024-06-10,2025-06-17,20,2.7036720514297485,1.0574497133493423,4.029816180467605,2.5763659235637393,4.238676939470073,2.2116416096687317,5.792710363864898,3.3228259088214833,2.3452579975128174,0.8967697955367449
VOO,2024-07-11,2025-07-18,20,5.706786215305328,3.271793320775032,7.897653013467789,7.370108855410937,8.8007261006472,5.235670357942581,11.497931331396101,8.703884302004393,2.319568395614624,2.5393591298752183
GLD,2024-07-11,2025-07-18,20,4.79771763086319,1.8592282235622406,6.7596908807754525,3.52697850804389,7.406369328964502,3.9599939286708827,9.48326188325882,4.503061208411913,3.678107261657715,-0.311301250707019
TLT,2024-07-11,2025-07-18,20,6.505101323127746,4.033007949590683,8.195278674364088,6.135603773942573,8.313632186036557,5.143592715263367,10.154159426689144,7.042738437194777,-0.034937262535095215,1.7483376922067473
EW,2024-07-11,2025-07-18,20,2.964244782924652,1.1325541287660599,4.125984027981756,2.5763659235637393,4.58127991684402,2.601582646369934,5.977093011140823,3.3228259088214833,2.033400535583496,1.3591435090903436
VOO,2024-08-09,2025-08-18,20,4.907358288764954,2.4325297325849533,6.8421179950237265,7.071480422237582,7.657079468481243,4.704120695590973,9.941369771957396,8.681806046659128,2.5121867656707764,2.6092269763156484
GLD,2024-08-09,2025-08-18,20,5.248806476593018,2.6990313977003098,7.180073946714396,3.52697850804389,7.866898714564741,4.636145442724228,10.09937271475792,4.503061208411913,3.0585527420043945,10.633648096695536
TLT,2024-08-09,2025-08-18,20,6.612209975719452,4.432409971952438,8.532959043979645,6.135603773942573,8.359290593458962,5.9094153344631195,10.21922841668129,7.042738437194777,-0.18237531185150146,5.273963827994721
EW,2024-08-09,2025-08-18,20,2.8450655937194824,1.2779665291309357,3.785257056355475,2.5763659235637393,4.266365842583278,2.5539454221725464,5.6416178941726685,3.3228259088214833,1.8429040908813477,6.1482290757966185
VOO,2024-09-10,2025-09-17,20,5.014590620994568,2.7040216475725174,7.242938965559005,7.071480422237582,7.886159000918269,4.80633208155632,10.69081366062164,8.681806046659128,2.269655466079712,1.1695523293230092
GLD,2024-09-10,2025-09-17,20,4.862031936645508,2.3122239857912064,6.954243093729019,3.52697850804389,7.6390269212424755,4.488909304141998,10.435635119676588,4.503061208411913,3.4554660320281982,14.962760259098351
TLT,2024-09-10,2025-09-17,20,6.728769540786743,4.651605501770973,8.46902598440647,6.135603773942573,8.492124445425969,6.152389973402023,10.482225537300108,7.042738437194777,-0.45569539070129395,0.9493631941059011
EW,2024-09-10,2025-09-17,20,2.9520517587661743,1.4172390252351759,4.073824152350425,2.5763659235637393,4.433563770726323,2.6567461788654327,5.767768114805222,3.3228259088214833,1.8202364444732666,5.552214955113377
VOO,2024-10-09,2025-10-16,20,5.164811015129089,3.2261204272508617,6.956613197922705,7.071480422237582,7.995178011090805,4.962203085422516,10.249120742082596,8.681806046659128,2.1244406700134277,1.7451608697406584
GLD,2024-10-09,2025-10-16,20,4.384185075759888,1.5291199237108224,6.833175316452978,3.52697850804389,7.092053086186449,3.5632629394531246,9.612970173358912,4.503061208411913,4.457223415374756,-3.425404634053053
TLT,2024-10-09,2025-10-16,20,6.01947158575058,4.157059654593468,7.67521885037422,5.47720746433932,7.733692535354446,5.506904453039169,9.589085727930069,6.727427503763946,0.25588274002075195,-1.7923255217550782
EW,2024-10-09,2025-10-16,20,2.4011319875717163,0.8826617002487182,3.6941104233264905,2.5763659235637393,3.9464894216507673,2.0794855058193207,5.2866526842117265,3.3228259088214833,2.3054182529449463,-1.0645545714200955
VOO,2024-11-07,2025-11-14,20,5.177924036979675,3.374239385128021,7.091296657919877,7.071480422237582,8.099942239156615,5.139047831296921,10.714948117732998,8.681806046659128,2.138322591781616,1.3158899318268524
GLD,2024-11-07,2025-11-14,20,5.79637885093689,2.449704349040985,8.940018132328985,2.057729106436643,9.028417853793751,5.286864370107651,12.98081427812576,3.2234963447359593,3.851139545440674,5.277156290248897
TLT,2024-11-07,2025-11-14,20,5.796186923980713,3.8133899569511414,7.2444976419210425,5.120828488684386,7.47900822898373,5.395053416490555,9.048344433307648,6.727427503763946,0.28259754180908203,-1.3029081909285756
EW,2024-11-07,2025-11-14,20,2.7224841713905334,1.0881141871213913,4.094658583402634,2.339944422355293,4.425565925582001,2.533437877893448,6.188568890094756,3.280033318510029,2.13664174079895,1.7496661087097465
VOO,2024-12-09,2025-12-16,20,5.376981794834137,3.1445426493883137,7.655589163303373,7.071480422237582,8.120086583464097,5.111768394708633,10.508816272020336,8.681806046659128,2.0407140254974365,2.276742655096875
GLD,2024-12-09,2025-12-16,20,5.192290842533112,2.3034302592277522,7.773761048912998,1.9856862230091488,8.267784976245213,4.740182787179947,11.03133538365364,3.5242795270433454,3.9196789264678955,6.931210919324626
TLT,2024-12-09,2025-12-16,20,6.015039086341858,3.8855628073215485,7.569124311208721,3.8425520587939617,7.658343164560695,5.42029133439064,9.173757314682007,5.800814549897914,-0.21371543407440186,0.8803915606235835
EW,2024-12-09,2025-12-16,20,2.7015048265457153,1.3153407275676725,3.850492611527443,1.6071611980242226,4.196545714512467,2.5266095399856567,5.626170486211776,2.9181764128927794,1.9424200057983398,3.386268236200185
VOO,2025-01-10,2026-01-16,20,5.271439552307129,3.1297082901000977,7.386503130197524,7.071480422237582,8.143988771674533,5.206088900566101,10.702322691678999,8.681806046659128,2.091735601425171,-1.2734174233545392
GLD,2025-01-10,2026-01-16,20,5.5578866600990295,2.6754094064235687,7.660934060811992,1.6827483939733718,8.59000365016982,5.565914332866669,10.913155168294907,3.515413329384024,3.902745246887207,6.387524773030573
TLT,2025-01-10,2026-01-16,20,5.611354112625122,3.667789503931999,7.136133834719658,3.2967274581900763,7.326683021771411,5.292484164237976,9.183611869812008,4.184909389862516,0.11107325553894043,2.749168070904373
EW,2025-01-10,2026-01-16,20,2.602059245109558,1.1496004611253738,3.839413449168204,1.2102748497002234,4.247779857056836,2.2862050533294678,5.840157926082611,2.0111308320587598,2.0844221115112305,2.90240524699914
VOO,2025-02-11,2026-02-18,20,5.469700396060944,3.074798077344894,7.2701403200626356,7.071480422237582,8.246575804272045,5.115278959274292,10.774559766054152,8.681806046659128,1.8994927406311035,-3.607710308288481
GLD,2025-02-11,2026-02-18,20,7.6378440856933585,4.051139011979103,10.376030564308163,1.6827483939733718,12.429996009450406,7.688230186700822,16.77281257510185,3.515413329384024,4.213577508926392,-2.9545274899597684
TLT,2025-02-11,2026-02-18,20,5.516166090965271,3.91656331717968,6.891448572278023,3.2967274581900763,7.23363416424642,5.268878638744354,8.655303984880446,4.184909389862516,0.2540707588195801,-2.5475742433997306
EW,2025-02-11,2026-02-18,20,3.1199032068252563,1.349704399704933,4.553814128041267,1.1533951097712356,5.168438411783427,3.13741996884346,7.177002847194671,2.0111308320587598,2.1739840507507324,-2.9648969328131214
VOO,2025-03-13,2026-03-19,20,4.9304816126823425,2.794670060276985,6.827826052904129,3.6098831446351376,7.516228244639933,4.501522481441498,9.741909980773922,5.576776189832411,2.1766304969787598,7.925928482288702
GLD,2025-03-13,2026-03-19,20,8.643421232700348,5.16016687452793,12.041650921106331,2.426310315581861,13.41282359402006,8.130546987056732,17.846513599157333,4.140490776722668,4.067760705947876,4.577751189238
TLT,2025-03-13,2026-03-19,20,5.680425465106964,3.827065452933312,7.134157359600066,3.2967274581900763,7.284533426476021,5.182112067937851,8.908130496740341,4.184909389862516,-0.040659308433532715,-0.08241645951737597
EW,2025-03-13,2026-03-19,20,3.30660343170166,1.636394754052162,4.717507377266883,0.8581407623246615,5.307752491595844,2.909567356109619,6.84080371260643,2.0092702396624547,2.114313840866089,4.183585246116728
VOO,2025-04-11,2026-04-20,20,3.8071620464324956,1.9050750583410259,5.503359153866766,3.518771385059831,5.773052833198259,3.2981690168380737,7.779724746942519,4.964273890770873,2.328205108642578,4.2008167169069965
GLD,2025-04-11,2026-04-20,20,9.328706860542297,5.710048973560333,12.512757241725922,7.9117967676651055,14.357113252238682,9.423010349273682,18.756364732980725,12.001378273685225,3.5781681537628174,-5.351852305661708
TLT,2025-04-11,2026-04-20,20,5.309413373470306,3.628689229488373,6.633681342005728,3.116021966315088,6.783725724865993,4.763777434825897,8.16922441124916,4.01080274708821,-0.03850758075714111,-3.654743654341508
EW,2025-04-11,2026-04-20,20,3.3792489767074585,1.7591411620378492,4.569703489542007,4.247088259102223,5.341717294262102,3.385079354047775,6.968105107545852,6.578280633082395,2.0284175872802734,-1.6607866140860628
VOO,2025-05-13,2026-05-19,20,3.392103910446167,1.5013210624456401,4.864656895399093,3.518771385059831,5.158967253131172,2.8852500915527344,6.59681412577629,4.964273890770873,2.514982223510742,1.0109713893091676
GLD,2025-05-13,2026-05-19,20,9.092645049095154,5.539299309253693,11.975739642977711,7.9117967676651055,13.779957794273892,9.196607559919357,17.688885539770126,12.001378273685225,3.17571759223938,-5.565004592098221
TLT,2025-05-13,2026-05-19,20,5.730598866939545,4.042652055621147,7.085615709424016,2.896868213570527,7.158161835589756,5.212081670761108,8.347116738557816,3.6809664578172647,-0.6305128335952759,4.396028482007908
EW,2025-05-13,2026-05-19,20,3.8240057229995723,2.111847400665283,5.381701856851577,4.247088259102223,5.800509119095901,3.7002326250076294,7.572491437196731,6.578280633082395,1.7143964767456055,-0.08682017608161452
VOO,2025-06-12,2026-06-18,20,3.3879613876342773,1.1611666232347486,4.71523331105709,3.518771385059831,5.231658737951269,2.82008558511734,6.834267824888228,4.964273890770873,2.6128649711608887,-0.5686996953542689
GLD,2025-06-12,2026-06-18,20,9.416727125644684,5.347288429737091,12.089398354291912,9.157986310653651,14.120796555653214,8.864112764596939,18.726753056049347,12.79595309519865,3.148627281188965,-5.04236135045486
TLT,2025-06-12,2026-06-18,20,5.253666937351227,3.471652075648308,6.392058938741684,2.9370942503090136,6.5869875097026425,4.463302463293076,7.734519332647323,3.6809664578172647,-0.30571818351745605,-2.939680518015131
EW,2025-06-12,2026-06-18,20,3.8765031099319454,1.6760601103305814,5.190840810537337,4.328182803618434,5.911237249771753,3.666218906641006,7.79998618364334,6.645511613670918,1.8651127815246582,-2.8116738640066696
VOO,2025-07-15,2026-07-21,20,3.8470986485481258,1.9657803773880005,5.533967480063437,3.518771385059831,5.681720861078551,3.266048163175583,7.671664297580718,4.964273890770873,2.272045612335205,2.548450931325874
GLD,2025-07-15,2026-07-21,20,9.956192970275879,6.318098872900008,12.953571453690527,10.127038706342221,14.749355854776999,9.759887248277664,18.643773466348645,13.160849520379724,2.9014110565185547,6.3338732661911035
TLT,2025-07-15,2026-07-21,20,5.26999831199646,3.6252362430095677,6.2039214819669715,2.9645130512744933,6.547515579344084,4.690881460905075,7.819914788007736,3.6809664578172647,-0.6166845560073853,-1.9974266068702229
EW,2025-07-15,2026-07-21,20,4.317095577716827,2.648404225707054,5.790878251194954,4.328182803618434,6.392256585725893,4.292465329170227,7.910167068243026,6.645511613670918,1.5748977661132812,2.3031097475338935
VOO,2025-08-13,2026-08-19,20,3.863275647163391,2.0182762444019318,5.434659615159033,3.518771385059831,5.736305591805527,3.352466583251953,7.464137017726895,4.964273890770873,2.3263752460479736,
GLD,2025-08-13,2026-08-19,20,9.794698655605316,6.074251085519791,12.683126583695412,10.127038706342221,14.27942531493803,9.06940022110939,18.431619107723233,13.160849520379724,3.584498167037964,
TLT,2025-08-13,2026-08-19,20,5.46716183423996,4.004243925213814,6.728257775306698,3.4544177942078202,6.7241747087488575,4.951392292976379,7.856326937675474,4.04281142325339,-0.7136642932891846,
EW,2025-08-13,2026-08-19,20,4.280687570571899,2.514741227030754,5.787409633398052,4.328182803618434,6.333940759456406,4.106274902820587,7.93083220720291,6.645511613670918,1.773536205291748,
VOO,2025-08-25,2026-08-31,20,4.120641648769379,1.773312270641327,5.797395005822179,3.518771385059831,6.055195551986495,3.217096298933029,8.008438318967816,4.964273890770873,2.2331178188323975,
GLD,2025-08-25,2026-08-31,20,9.370848834514618,5.538808897137642,12.840289965271944,10.127038706342221,13.911922512731204,8.99347111582756,17.45368048548697,13.160849520379724,4.0473103523254395,
TLT,2025-08-25,2026-08-31,20,5.392199158668518,3.7102910876274113,6.63625456392765,3.4544177942078202,6.682703973880659,4.742045491933823,8.017680436372757,4.04281142325339,-0.6640017032623291,
EW,2025-08-25,2026-08-31,20,4.206170737743378,2.176903173327446,5.77223840355873,4.328182803618434,6.234052439685911,3.4988804161548615,7.886577427387235,6.645511613670918,1.9115149974822998,
