date,VOO,GLD,TLT
2016-09-02,0.004461254699120953,0.010216288370529014,-0.00815630669948686
2016-09-06,0.0031442871133009476,0.016907695537669243,0.007285236987357946
2016-09-07,-4.943446346905578e-05,-0.003418556588101307,-0.0007159534182035188
2016-09-08,-0.0023387597802457805,-0.0053013792150961025,-0.012541251342147675
2016-09-09,-0.02413706088881029,-0.00658355954228651,-0.016474505212662582
2016-09-12,0.014309033733167498,-0.0012623563085552014,0.0005171896115627739
2016-09-13,-0.014256271706614365,-0.0066355664917512325,-0.011358448368301799
2016-09-14,-0.000616057743821008,0.0034194855282367875,0.0014921484174954536
2016-09-15,0.010274418718121181,-0.006419381491795106,-0.0043206849258136115
2016-09-16,-0.003915702723341075,-0.00247272219188599,0.0080798417045298
2016-09-19,0.0003063749874325783,0.00207901920123299,-0.003264815079009886
2016-09-20,0.00010233759554023614,0.0009575705942728163,0.003499158463228458
2016-09-21,0.011226172480002461,0.014588601451239303,0.008087283592191241
2016-09-22,0.006004640323391985,0.00235721740921524,0.007948411594444371
2016-09-23,-0.005366984872017033,0.0006271210413582029,-0.0009492064895975094
2016-09-26,-0.007968114887913047,-0.0007833801247610905,0.006358993401218038
2016-09-27,0.0061001334723052025,-0.007291260548213385,0.0073355630140210515
2016-09-28,0.005406487585895681,-0.003159070582864132,-0.00216300087279242
2016-09-29,-0.009397596806838049,-0.0011884132817953086,0.0025287635028889976
2016-09-30,0.008015815067572207,-0.003410805950794571,-0.008937105614589602
2016-10-03,-0.003171106251496081,-0.0025469571504198596,-0.0032999872149563902
2016-10-04,-0.004644983201894215,-0.03471112739159021,-0.011695485697071129
2016-10-05,0.004159514915367035,-0.0015706575141682944,-0.004659170552304581
2016-10-06,0.0011619907011775066,-0.009273018119780652,-0.005572555867771389
2016-10-07,-0.0036832933733451645,0.000668512445361813,0.0006719182729459927
2016-10-10,0.004608363938231719,0.0035076482865623593,-0.0058986267665993575
2016-10-11,-0.012148944494838498,-0.005076569505331308,-0.002253558194734606
2016-10-12,0.001275816631011839,0.0015892497462293154,0.000978872067977088
2016-10-13,-0.003210913818985417,0.002421921836488483,0.003760402340354352
2016-10-14,0.000255732400736175,-0.0055819226506638175,-0.014011842160373322
2016-10-17,-0.0029648580141167225,0.0026809625769763645,0.006383532959821636
2016-10-18,0.005895622608856899,0.006183137214928136,0.003247069787913448
2016-10-19,0.002752744569818999,0.0057299655530487215,0.0008281948439268216
2016-10-20,-0.001626636245951607,-0.0030550965627722526,0.0010526262079555426
2016-10-21,0.0002546387405244488,0.0007454362173064943,0.0015025726164186182
2016-10-24,0.004071632046833473,-0.0022345797266349887,-0.004351614260733716
2016-10-25,-0.002838557507338302,0.007548139354159433,0.002637471024630411
2016-10-26,-0.0022369889099828066,-0.00559809251948773,-0.006763064758976034
2016-10-27,-0.002649317665569084,0.0018213529185828747,-0.01089340458367094
2016-10-28,-0.003167009635787532,0.0047103519110967,-0.002218615753860398
2016-10-31,0.0,0.0029610183001298473,0.006132148082274469
2016-11-01,-0.006969922058247091,0.006478603409139305,7.669099792728673e-05
2016-11-02,-0.006605904454842215,0.007414617516698918,0.004351224624285388
2016-11-03,-0.0038962611961300686,0.005338107937297831,-0.007676384197594532
2016-11-04,-0.001355861298576233,0.0007240252267182168,0.008960980492878301
2016-11-07,0.02193446585927039,-0.018007861361529542,-0.00850155132673902
2016-11-08,0.004599181598438085,-0.004175211869501427,-0.004057951725981668
2016-11-09,0.01068247624288099,-0.0006576934516286936,-0.04243189689250437
2016-11-10,0.002315289188810743,-0.01488974658560116,-0.014770877363340373
2016-11-11,-0.001857743665750089,-0.02212944906788228,-0.005621978578719156
2016-11-14,0.00015083267661464284,-0.008454294420749409,-0.005981559157475114
2016-11-15,0.008098844776108116,0.00869866618655779,0.004945516666436056
2016-11-16,-0.0016967297066209364,-0.002988440021410743,0.009023322000533351
2016-11-17,0.00474825880307983,-0.005138293152093909,-0.014714088012725113
2016-11-18,-0.0017905355952414492,-0.008780207102896176,-0.002887961824965757
2016-11-21,0.007375485488418709,0.0037342622620732957,0.002482338397729711
2016-11-22,0.0018302606762841123,-0.00034608855246265335,-0.0003299531007748824
2016-11-23,0.0008890789303337421,-0.019819983532816443,-0.003880794789309916
2016-11-25,0.003996372929734537,-0.005651208738617575,0.0014917776710055008
2016-11-28,-0.004717539823808403,0.010567466787642088,0.007366465557979707
2016-11-29,0.0015796129156471217,-0.004657349687858581,0.0041900989697771784
2016-11-30,-0.002267758387397678,-0.013419234467324848,-0.01620023657803371
2016-12-01,-0.0039027588916834555,-0.0018791864382340373,-0.010558133154278115
2016-12-02,0.0006942074741700388,0.005379222424209074,0.007327555190927981
2016-12-05,0.005749930560792649,-0.005350441210868029,-0.0010871909241696454
2016-12-06,0.0034989634172943873,-0.0009861987578327902,-0.0007533599363472865
2016-12-07,0.012670562557206333,0.003589711251758221,0.008544234732748457
2016-12-08,0.0026184630979992907,-0.0023249765892274787,-0.011794522552851294
2016-12-09,0.006095091083541115,-0.010486673587394413,-0.012438697937754872
2016-12-12,-0.0011058160409752604,0.003804331187865717,0.0018726985616319691
2016-12-13,0.0068343238187962285,-0.0033387723118656343,0.0035673708184029707
2016-12-14,-0.008269615525799856,-0.014667226454941784,-0.011173273075900547
2016-12-15,0.003711080601505712,-0.01369112807217554,0.00505105189738031
2016-12-16,-0.0017287104493046712,0.006614558767378709,-0.002299990713095945
2016-12-19,0.002261207044372382,0.004997623978540311,0.01075596677078594
2016-12-20,0.0038396543683154594,-0.007367118973593101,-0.00498245597893443
2016-12-21,-0.002725264932511018,0.0005566152526592649,0.004413640005541231
2016-12-22,-0.0012736905234469464,-0.0024107755207141146,-0.0017876182354620296
2016-12-23,0.0008694233794193096,0.0031601819765598727,0.0020370988535629575
2016-12-27,0.0024616848242318135,0.005837091185366683,-0.0032193252234336
2016-12-28,-0.007896220900745377,0.0027634769574851337,0.007308855062600594
2016-12-29,-0.00019385588340503634,0.01313614088883086,0.0035438416404489637
2016-12-30,-0.003446601236768876,-0.006165566230220687,0.0015127372373895387
2017-01-03,0.006964924776227566,0.00784600497730814,0.004280881639348255
2017-01-04,0.005901557212043329,0.0035303646722089077,0.0038451324896078276
2017-01-05,-0.000769623383808038,0.015515074970534615,0.01565333280839476
2017-01-06,0.0038982176527853074,-0.00737255123072611,-0.009181450242408684
2017-01-09,-0.003164004214574523,0.008232645807116912,0.008025587986798088
2017-01-10,-0.0001441347189450326,0.0042602588509306205,-0.0006566547191071415
2017-01-11,0.0028373707579161245,0.0030932255360247574,0.00336764939559564
2017-01-12,-0.0022056677564326055,0.003612367067042932,-0.002210057954314504
2017-01-13,0.0019705200948965107,0.0026336178800692167,-0.004758319527705557
2017-01-17,-0.0035496998560043957,0.01435950794847174,0.010468743171130113
2017-01-18,0.0021180306533152837,-0.008459177733679324,-0.012808083112730517
2017-01-19,-0.003362659067317253,-0.0008706024299159898,-0.006859042083556588
2017-01-20,0.003229357892672091,0.0024397178433508415,-0.0019965924576503813
2017-01-23,-0.0023060433566954863,0.006431967354547874,0.010004695520098084
2017-01-24,0.006357177616573395,-0.004490925540628465,-0.006851349167422249
2017-01-25,0.008326247712069357,-0.008241493674922662,-0.012550696020053542
2017-01-26,-0.0007594943556029632,-0.009272197003353688,0.003366504390665659
2017-01-27,-0.0014249862762495402,0.0020306880028346797,0.0036077317169633805
2017-01-30,-0.006040375502627038,0.004229477187141839,-0.0030093713092417262
2017-01-31,-4.729678828385708e-05,0.01386331327657886,0.00695902113154645
2017-02-01,0.00014283453428820536,-0.0030290445198764004,-0.00618316195345836
2017-02-02,0.00043074311154001066,0.005555550404536813,-0.00042000689306920247
2017-02-03,0.007413086976563621,0.0025034610211955854,-0.0004201833729822191
2017-02-06,-0.0020889237075719658,0.013519329475210284,0.006050805099490741
2017-02-07,0.00023790733051964885,-0.0020390643159919897,0.007350502085720967
2017-02-08,0.0012844617817986403,0.00621491028966048,0.01359827054750773
2017-02-09,0.0056998260790412925,-0.00761487018603868,-0.011534649773882855
2017-02-10,0.004014968039067757,0.0026430007347089113,-0.0005797404876201062
2017-02-13,0.005315853433249584,-0.006802682251218939,-0.0031463637299219416
2017-02-14,0.004164692617033561,0.0011129901542927811,-0.007227063159998881
2017-02-15,0.0050794150323763,0.004447076385095894,-0.004602043405718792
2017-02-16,-0.0007882336028460779,0.0053640263872474225,0.005464153931657556
2017-02-17,0.0015314339376568675,-0.0033875467452245678,0.005936016378829345
2017-02-21,0.005884183227363282,0.000594830851824435,-0.0017453415008985562
2017-02-22,-0.00046083467182922444,0.0013588421410561935,0.0016653989096759858
2017-02-23,0.0005528790621163182,0.008735465586520608,0.002991999667574241
2017-02-24,0.001197338394995695,0.00638973004234078,0.011104710001301976
2017-02-27,0.0014721495841607535,-0.004845398633643638,-0.005901364402031928
2017-02-28,-0.002939562080099045,0.0009234436519076628,0.0037104034647867934
2017-03-01,0.014188744879980897,-0.0014258642418293332,-0.016756473985398257
2017-03-02,-0.005859832091545947,-0.01243067157641009,-0.0035995872815420826
2017-03-03,0.0005485313096560418,-0.0005953367386810626,0.002604338072069279
2017-03-06,-0.0031053387542095967,-0.006722839768239397,-0.004775649334513576
2017-03-07,-0.0030231515798428976,-0.008053482107396648,-0.0030308727936843027
2017-03-08,-0.002113875650628594,-0.0062187012290060295,-0.005404316921720609
2017-03-09,0.001059217794268541,-0.005127727710842134,-0.007981491759048498
2017-03-10,0.0034959716213409653,0.002183978311645074,0.0035092783250547654
2017-03-13,0.0005954886692669525,0.0001743082536056484,-0.006311155205026009
2017-03-14,-0.003389695553943195,-0.005403478549159679,0.0048064916704217975
2017-03-15,0.008319698419834376,0.018664539100545774,0.012215246879325292
2017-03-16,-0.0016869864098550957,0.004129061134912737,-0.00506347351442149
2017-03-17,-0.002009019566736492,0.0022273151662723922,0.006276443798353348
2017-03-20,-0.0008691905323989779,0.004444860945005402,0.0042984439950277675
2017-03-21,-0.012776725129878264,0.008765200923941618,0.008308914106183174
2017-03-22,0.002041138844446788,0.0024464392887426634,0.003995084205006272
2017-03-23,-0.0010229424186800617,-0.001346492128619703,-0.0014087139411096405
2017-03-24,-0.0003260625483864077,0.001601099219161961,0.003569467531204573
2017-03-27,-0.0016298538571805077,0.005636868294673025,0.004550008819195872
2017-03-28,0.007416724844758971,-0.004099371444605038,-0.006670744947434248
2017-03-29,0.001481781466905474,0.002436163586164053,0.005969361987732791
2017-03-30,0.0026815041371204273,-0.007206910225050822,-0.008076460573107513
2017-03-31,-0.0023974832923672196,0.0021102388572973307,0.0029081738790794898
2017-04-03,-0.001248202748635241,0.005306580584065079,0.010086632821000086
2017-04-04,0.0005553953996852989,0.002262289701825848,-0.005424619702217415
2017-04-05,-0.0030527331111672718,0.0,0.003057720169195921
2017-04-06,0.002598146631826337,-0.003678334988324705,-0.0014832609467615443
2017-04-07,-0.0008795270274094547,0.0023493772325884343,-0.00404276936011938
2017-04-10,0.0006948320929174301,0.0,0.004639062499870672
2017-04-11,-0.0012493863009238604,0.014481863135711759,0.009483444700146393
2017-04-12,-0.0041244850554778,0.006848701913851674,0.005473056835326284
2017-04-13,-0.0066544870109152,0.004753334264967268,0.00308678878443458
2017-04-17,0.008760221074487928,-0.0029363834815018253,-0.0030772898406679072
2017-04-18,-0.0027399269775379986,0.004744779460001958,0.013079579075142789
2017-04-19,-0.002188537110739741,-0.008874746300268521,-0.005453167408062121
2017-04-20,0.008166713159163397,0.0018893922713916211,-0.003870305738674751
2017-04-21,-0.0029161320328873197,0.002869780885113693,0.0
2017-04-24,0.010677669847462212,-0.006785988212145488,-0.004937448305220582
2017-04-25,0.006017637633857209,-0.010125150830952667,-0.012039441172518761
2017-04-26,-0.000730404318126987,0.0049064144523129904,0.005516522606752394
2017-04-27,0.0007767028353096173,-0.003723907331012466,-0.000327488884822591
2017-04-28,-0.0019177092770865656,0.0031563855415273068,0.0022114379383391114
2017-05-01,0.0024248131153665753,-0.009108209859209682,-0.008313041991697911
2017-05-02,0.00031929590843371436,-0.00016709821486060594,0.005120544152168005
2017-05-03,-0.001003920497971711,-0.013957360197643709,0.0006573440986479273
2017-05-04,0.0009133734533344207,-0.010086475737808298,-0.0049268421092734105
2017-05-05,0.004015078786741677,0.0018837333588364036,0.0009076648608878912
2017-05-08,4.535189769905301e-05,-0.002222050521183294,-0.005441132775649837
2017-05-09,-0.001272373158790363,-0.005995691205500586,-8.395138230710142e-05
2017-05-10,0.001865502962746124,-8.618815999517082e-05,-0.0011597016737754373
2017-05-11,-0.002043724119865087,0.003964142371969848,0.0
2017-05-12,-0.0015469634117379893,0.0028326337429587234,0.0075524442630641175
2017-05-15,0.005059072741399717,0.0026534071191921527,-0.0027179563808603646
2017-05-16,-0.0001815918588325971,0.0043537829852127174,0.0037174990806387864
2017-05-17,-0.017734029516327965,0.018189539837597968,0.014566451851503848
2017-05-18,0.0036480670008689486,-0.008181011348557088,0.001135568103736384
2017-05-19,0.006210627477832631,0.0049659454541624015,0.002349724465582348
2017-05-22,0.005578107157333534,0.004187604636601616,-0.0027486027734272556
2017-05-23,0.0019553146247845987,-0.006338633249028169,-0.006727727987835275
2017-05-24,0.002405204812050643,0.003944948993712671,0.005630789531043456
2017-05-25,0.004663001910703235,-0.0010868426783263718,0.00032459133594553435
2017-05-26,4.497177960915977e-05,0.00887175702052101,0.0017038550783476936
2017-05-30,-0.0009462020324253473,-0.003318413164433487,0.004939893624542613
2017-05-31,-0.00022562139626380873,0.003995366733579031,0.002498248990460805
2017-06-01,0.007804327550486878,0.0008290372396291268,0.00010482683040713425
2017-06-02,0.003133438588007742,0.0073724269437449585,0.011840581438421482
2017-06-05,-0.0006693593972696421,0.0009867835373715828,-0.006209412834213168
2017-06-06,-0.002857804138781783,0.011254375087548674,0.005447016817412109
2017-06-07,0.0016568535088112846,-0.005280272412152454,-0.004780247049893882
2017-06-08,0.00035789448991474515,-0.006533241668445489,-0.002641385580924749
2017-06-09,-0.001162027955851186,-0.00912454251071615,-0.0015248907935417888
2017-06-12,-0.00040291584166740613,-0.0014932827593217013,-0.0003220591037681464
2017-06-13,0.004879071764749554,0.0009970317877492363,0.00016100136927210684
2017-06-14,-0.001069287914417183,-0.00547811789275976,0.015436193045027968
2017-06-15,-0.002006408841193963,-0.004172926066378535,-0.001583076516310955
2017-06-16,0.00026810653737996404,0.00016758836001962152,0.0019823385768282797
2017-06-19,0.008174226181516309,-0.007625239321596311,-0.001424456861304657
2017-06-20,-0.006557313958826416,-0.0021109516115493943,0.008956253974196082
2017-06-21,-0.00040098963482904093,0.0028769363429739236,0.0020428799883871473
2017-06-22,-0.0005802920268017653,0.0033749707830614817,0.0021943505892254578
2017-06-23,0.001704138482974793,0.004288615406013774,-0.0004691550419564372
2017-06-26,0.000313323823015077,-0.008959220397639522,0.003756716199625032
2017-06-27,-0.007966167835418592,0.0038019343183648413,-0.01068117132855595
2017-06-28,0.00884209936349456,0.0007575454013519778,-0.003310396473137023
2017-06-29,-0.008630447800015095,-0.00487806411784153,-0.008381495085970081
2017-06-30,0.0016689179201394566,-0.00253552275635216,-0.0023126314053757424
2017-07-03,0.002206523301723662,-0.016353163532217163,-0.0032194864752363994
2017-07-05,0.0017522293189087268,0.003704025486608087,0.00024124947750570058
2017-07-06,-0.008970938367562131,-0.00042907160833882685,-0.008273611486004917
2017-07-07,0.006336597064870109,-0.010217244173899132,-0.00599373401009673
2017-07-10,0.0010346473524027733,0.0016481821948142183,0.0014665623540390804
2017-07-11,-0.0007640040854713925,0.0012990519121256483,0.001708402970642009
2017-07-12,0.007508929320974911,0.0035460648934033667,0.0069048427841831295
2017-07-13,0.0016960036845059534,-0.0018098688846157618,-0.006292574286233199
2017-07-14,0.004544449966353614,0.008202356680584888,0.0012181363417369528
2017-07-17,0.00013297505985843117,0.004453235312239068,0.002756202926850415
2017-07-18,0.0007538425191440101,0.006991215691223296,0.00873323011654037
2017-07-19,0.005273313667231605,-0.0002539901713813908,0.00040109455166881247
2017-07-20,0.0003087370484458063,0.001354979930841882,0.0028843185945599537
2017-07-21,-0.0007050002997767146,0.008626558617128355,0.004234689973126704
2017-07-24,-0.0003530601097871955,0.00041921366315400554,-0.0038985784631009324
2017-07-25,0.002382148606029366,-0.0032687905257637873,-0.013019511093384062
2017-07-26,0.00030807900894713747,0.008072646310579579,0.0016188148856675078
2017-07-27,-0.001187838951397513,-0.0007507202198243634,-0.004928871770101484
2017-07-28,-0.0011450238682017,0.00751316068954333,0.005927582426358935
2017-07-31,-0.0005734405882789062,0.0004971211979458712,0.001210593944094951
2017-08-01,0.002250151715305515,-0.0008281447132181263,0.007021445780063695
2017-08-02,0.0005724037531600334,-0.002072109381170417,0.0005614135339637727
2017-08-03,-0.0017599420966860624,0.0015780299800982611,0.010343753537671363
2017-08-04,0.0016747643686181313,-0.007794965092940864,-0.008492007520019884
2017-08-07,0.0016281695066711066,-0.0011700742821817434,0.0011211733847660277
2017-08-08,-0.0019769390957633526,0.0029286123995055924,-0.003598195575310159
2017-08-09,-0.0005722504886500612,0.012097421498902916,0.005456243605715949
2017-08-10,-0.013741331468419271,0.007419021877765664,0.008539527617569487
2017-08-11,0.0013398410426204155,0.004745944156777204,0.000475038697413277
2017-08-14,0.009811147259523256,-0.007085289845225606,-0.005141391198587586
2017-08-15,8.845603536311586e-05,-0.007709931316675078,-0.004213033683775791
2017-08-16,0.0015897299703375722,0.007356582616572016,0.0036721793155745086
2017-08-17,-0.0155638069558246,0.00508734802014188,0.007477506281269308
2017-08-18,-0.0018363625873625278,-0.0015511047050799087,-0.00023672020399900795
2017-08-21,0.0012117665829076696,0.0037612352656932746,0.0024478624405133154
2017-08-22,0.010128116706323187,-0.00448031151993189,-0.0038604013148983984
2017-08-23,-0.003416069391468657,0.003764005301683193,0.0068018777752425486
2017-08-24,-0.0023151432364272306,-0.003097719565419932,-0.0036920945625424917
2017-08-25,0.0021865760655079836,0.003679752595251218,0.0038629752992520583
2017-08-28,0.00035631414194714495,0.015887278895027057,-0.0006278544679597653
2017-08-29,0.0007562793412665414,-0.0021654043401579948,0.003222200881480841
2017-08-30,0.004981204622900748,-0.00048221796718150856,-0.0003134650399104766
2017-08-31,0.00588574954826826,0.011740101940391323,0.0029775308876585083
2017-09-01,0.0017160002838392252,0.0019074699121892635,-0.007649037996772634
2017-09-05,-0.007378646706095782,0.011105834943620163,0.015858348396582622
2017-09-06,0.003495548249208058,-0.005099651110527015,-0.00613547938849901
2017-09-07,-0.00022058476827546691,0.010409331674411826,0.010236894259555207
2017-09-08,-0.0015435001584124253,-0.0012487602904230899,-0.0021661167573973072
2017-09-11,0.010909749333062324,-0.01390950036975469,-0.011937970595618519
2017-09-12,0.00367045732908311,0.0029320477853171933,-0.005256566050170219
2017-09-13,0.000609428901434006,-0.007506297144185381,-0.003943339638951993
2017-09-14,-0.00034802201728700854,0.004378656548724491,0.004117751023699157
2017-09-15,0.001392265507367041,-0.004993697404288455,0.00039385028680150036
2017-09-18,0.0017389092859658728,-0.009320466663927607,-0.005754283170909313
2017-09-19,0.0012145799202620822,0.0020907215740946228,-0.0024576573585898265
2017-09-20,0.0005489719870583887,-0.008024393981386213,0.0007151064387258543
2017-09-21,-0.002829487351644344,-0.007603967161635139,-0.0005558662909762591
2017-09-22,-0.00013129125988797785,0.004564701313993336,0.0028608363167945683
2017-09-25,-0.0014843302890917842,0.010467388330802407,0.006259782625312571
2017-09-26,0.00034990883792351823,-0.01116196421162674,-0.001810795761450823
2017-09-27,0.003890165521585498,-0.009420139990778287,-0.015068140420554155
2017-09-28,0.0011754003745747532,0.001885519931214219,-0.002963401222257356
2017-09-29,0.0035661175993420002,-0.005155038524977895,0.0022494841852169767
2017-10-02,0.004203572831483315,-0.006662322551317712,-0.0018311870883823689
2017-10-03,0.0020282856868156784,0.0004968550936175209,0.000965379340611916
2017-10-04,0.0013780847178070932,0.002813840376879373,8.024501796310979e-05
2017-10-05,0.005934991001091294,-0.0053643767904709705,-0.003777483102278989
2017-10-06,-0.0009405941708832133,0.004729503075844965,-0.002824336648946768
2017-10-09,-0.0017545587686277342,0.0081757826666502,0.0031558193913561183
2017-10-10,0.0025293255297502704,0.002621229439913275,0.0016132838317932663
2017-10-11,0.0016247562340130361,0.0031862694835504968,0.0019323135268147773
2017-10-12,-0.001536824807818249,0.000814386133850542,0.004260239080652317
2017-10-13,0.001111754191973846,0.0075677460313676725,0.007202745495538121
2017-10-16,0.00158044705723559,-0.006864791440930884,-0.0007151393870608036
2017-10-17,0.0006396561189538907,-0.006830966568647456,0.0012720768377749714
2017-10-18,0.0008949012178243176,-0.003766470931119148,-0.006591857791204969
2017-10-19,0.0005109255848658734,0.005917656213846323,0.0017592052405324132
2017-10-20,0.004978663032816133,-0.006373059753138954,-0.010613678461936615
2017-10-23,-0.0036412489218397015,0.0015623915833617996,0.0017739193399497477
2017-10-24,0.0014022350849769438,-0.003858794818776823,-0.006199710922896284
2017-10-25,-0.004795481220132514,0.0001648120231156902,-0.004779744952809306
2017-10-26,0.0009380375616323544,-0.00840541125580585,-0.0033372941882017226
2017-10-27,0.008520819257069379,0.004736970715121469,0.006615563110402567
2017-10-30,-0.003633153411174761,0.0019023633137824625,0.009574946839011167
2017-10-31,0.0011448506249076562,-0.003797565383496959,0.0003214840548353415
2017-11-01,0.001736428270991297,0.003646328400454868,0.00445292010217857
2017-11-02,0.0004227034897938964,0.0006605716344769696,0.004408300184596703
2017-11-03,0.0033384288573443666,-0.004703355749991034,0.0027137839085376037
2017-11-06,0.0015161023856780087,0.008539203746006141,0.0037405968470543005
2017-11-07,-0.0004204076847039717,-0.003616953850285376,0.004202548312038701
2017-11-08,0.001472267349332368,0.0034650455582678763,-0.0022107802984658864
2017-11-09,-0.003612638637155885,0.004110828013571766,-0.002848763146015787
2017-11-10,-0.0005904841666670713,-0.008187996581421442,-0.01507955244530823
2017-11-13,0.001181221686009426,0.0014860093226882753,0.002095331676292389
2017-11-14,-0.00244391895850804,0.0020608359165059653,0.006754488539545855
2017-11-15,-0.005111022991445724,-0.0012339083538733808,0.010862464423534446
2017-11-16,0.008533856677215068,-8.23831309511025e-05,-0.008691602492897577
2017-11-17,-0.002694209909935519,0.012026351450757033,0.007413314987548381
2017-11-20,0.0013086491869336303,-0.012616010451388715,-0.00039602216009038127
2017-11-21,0.006660518078617894,0.0016487064682373376,0.00316600097407016
2017-11-22,-0.0007117149381686838,0.009217308019892956,0.0032350725304457484
2017-11-24,0.0020953890184369772,-0.002527909692056296,-0.002752796773019206
2017-11-27,-0.00029266322803278566,0.004169409233999888,-0.0014196719757373355
2017-11-28,0.009914170075215667,-0.0001628614521104188,0.001343018776895022
2017-11-29,-0.00037292503181463044,-0.0062698205225436565,-0.009858908333352123
2017-11-30,0.008370590642477138,-0.007702412605330111,-0.003345421850043051
2017-12-01,-0.0018493315337106964,0.004046225185331043,0.013494328696521452
2017-12-04,-0.0010703249304971907,-0.00337195530112111,0.0004744356422534679
2017-12-05,-0.003544583116230293,-0.007096885692240984,0.004975639427175826
2017-12-06,-4.102748507472942e-05,-0.002077792558461522,0.0034579833806291926
2017-12-07,0.0033087664228323987,-0.01315900587216201,-0.007831760281211797
2017-12-08,0.00544170616422468,-8.434894941455884e-05,7.85515894161648e-05
2017-12-11,0.003239117272155978,-0.003966924437765251,-0.002052037892731895
2017-12-12,0.001716579598728174,0.0011863349471583629,-0.0003957900814647308
2017-12-13,-0.0002449077595287896,0.008633065001213636,0.007517309348195722
2017-12-14,-0.0039581744965712096,-0.002013911785324396,0.004240983431221146
2017-12-15,0.00839890387467146,0.0021020768465358497,0.0037536892681351297
2017-12-18,0.006216662693332653,0.004614893860962033,-0.009115544851574175
2017-12-19,-0.003634088073660391,0.0007516606979649509,-0.012973920645895642
2017-12-20,-0.0007704381158817331,0.002670670135530351,-0.011072985545140579
2017-12-21,0.0020282674285272417,0.0014150005810633637,0.005828307696499557
2017-12-22,-0.0002022456372041681,0.005236513137702126,0.0013643326511538767
2017-12-26,-0.0011636807366699475,0.006862859144246114,0.0029658282138003145
2017-12-27,0.0005702786616084143,0.0037776687734956127,0.013024996796971333
2017-12-28,0.0018720850239386522,0.005072364396301321,-0.0008675144850847083
2017-12-29,-0.0034532263381660266,0.006512031434223742,0.0015791967764398063
2018-01-02,0.007338406535754904,0.012131014811884722,-0.01079957174832158
2018-01-03,0.00594923165805028,-0.002636850395774437,0.004781135987964813
2018-01-04,0.004385327009625906,0.00512737855482448,-0.0001585946922760817
2018-01-05,0.006408872337320792,-0.0010361649479244672,-0.0028556242605556337
2018-01-08,0.0020698803685088585,-0.00015961279955856167,-0.0006364525257073206
2018-01-09,0.002104815495006296,-0.0046284750854691525,-0.013372530994490983
2018-01-10,-0.0017044020679699567,0.002405158456580736,-0.0012096004914398106
2018-01-11,0.007384847663106653,0.003279242310744168,0.004119128254837401
2018-01-12,0.00662141884693801,0.012117319941670202,0.001688930923380294
2018-01-16,-0.003641416552016552,0.0016540570729914883,0.004176477921268962
2018-01-17,0.009666836349425001,-0.008099385028916384,-0.0013597670755410851
2018-01-18,-0.0013622367993528783,-0.002219746160232239,-0.009289384883629515
2018-01-19,0.004247815861336157,0.004449368789751107,-0.005254757089531936
2018-01-22,0.00803345689263879,0.0018193589642852004,0.0009752372969780154
2018-01-23,0.0022713501261397706,0.004974316982453653,0.004303081602263115
2018-01-24,-0.0004994022073027127,0.012177899643490031,-0.005415926979887242
2018-01-25,0.0004611756635426456,-0.006675468432262743,0.008208759960799172
2018-01-26,0.011639049264321688,0.0007814808358339587,-0.0037082958109830866
2018-01-29,-0.0069104618204597346,-0.005621994291566623,-0.006958391683814846
2018-01-30,-0.010667805948426978,-0.004318770545372663,-0.005866674427071783
2018-01-31,0.0009276232384307637,0.006703457836465088,0.005901295405916329
2018-02-01,-0.001003875783594843,0.003290292152912322,-0.014492556646827026
2018-02-02,-0.021412347694650946,-0.013117887393550687,-0.009279557018905149
2018-02-05,-0.04107578952540558,0.002531843471552664,0.009449668694134106
2018-02-06,0.01849318237968256,-0.010496423649786535,-0.006213090181917402
2018-02-07,-0.005459371761361909,-0.004705665583148222,-0.009503155188897883
2018-02-08,-0.037165140875040414,0.0015225774502147793,-0.0010939733400139318
2018-02-09,0.015414704624669762,-0.0016803225174144565,-0.006319242265119707
2018-02-12,0.013724906701199302,0.004808897328354433,0.004409125537410796
2018-02-13,0.0033642151027379885,0.0056632293923437604,0.004474247966527178
2018-02-14,0.0130847345930023,0.017052616317100977,-0.011093621574933876
2018-02-15,0.012956145117344553,0.001169844500285011,0.0033995388949421557
2018-02-16,-0.00011960830577339987,-0.003271582663696204,0.005420601686621396
2018-02-20,-0.006057304802249086,-0.013441710167313103,-0.004380442404391616
2018-02-21,-0.005252248379123525,-0.004594377467322608,-0.012268681701829598
2018-02-22,0.001209307356746514,0.005093103382117992,0.002998178194701717
2018-02-23,0.01642430953962548,-0.0012668539845070992,0.00888176394267104
2018-02-26,0.011525312443319669,0.0024575674654647717,0.0003391855551382328
2018-02-27,-0.01276451232967879,-0.01043890649807222,-0.0014388125570451438
2018-02-28,-0.011104806566754277,-0.0010388975966705294,0.00635569679695025
2018-03-01,-0.01319471404165029,-0.0022399902343750444,0.006826873737426631
2018-03-02,0.0053242558142441165,0.005372018620811936,-0.00812985358434093
2018-03-05,0.011481008895705136,-0.0016747674096407872,-0.0027039796258586657
2018-03-06,0.0025181081994598564,0.010784458146907872,0.0009324167576700848
2018-03-07,-0.00043864604726062684,-0.006401624645603676,-0.0011006197748270052
2018-03-08,0.004666657978634525,-0.0023862794212923255,0.005762386754956772
2018-03-09,0.017308925428635824,0.0009568071147663115,-0.006572129999471432
2018-03-12,-0.0009755393746769814,0.0,0.0057675238127599116
2018-03-13,-0.006601609972981426,0.0019117242474055995,0.005059493963257333
2018-03-14,-0.0052690185433532655,-0.0006360457292980959,0.008809214658586972
2018-03-15,-0.0009485416991584783,-0.006364323323672649,0.0
2018-03-16,0.001028810211859188,-0.0024019459414951205,-0.003576349266244949
2018-03-19,-0.013360510780941581,0.0021669685053569143,-0.0031715006685729685
2018-03-20,0.0017631601586844958,-0.004484705499084418,-0.0040190456895921045
2018-03-21,-0.0023196303293552267,0.01745640608927701,0.0010928787566730769
2018-03-22,-0.02485287376367562,-0.003953194075975608,0.009909449912857138
2018-03-23,-0.021293177990762358,0.012938539529958382,-0.0007483039851473583
2018-03-26,0.027526564057523295,0.005250357853935794,-0.003827917491069366
2018-03-27,-0.01732851413160419,-0.0061584106879087885,0.010692303007931114
2018-03-28,-0.00279943169726804,-0.01380496145836152,0.0026448977429243126
2018-03-29,0.01441486866184949,0.0004771936450476133,0.004863885321216177
2018-04-02,-0.023132715299849282,0.011686153191860393,0.0019726920673215353
2018-04-03,0.012685934852193492,-0.007543604183229413,-0.007712818983253933
2018-04-04,0.011524812908173976,0.0011876001018218396,-0.0020664332196737023
2018-04-05,0.007224433184242596,-0.005140323544257752,-0.0074575210709045825
2018-04-06,-0.02200922188278842,0.004689954877408642,0.010935643000179018
2018-04-09,0.004065034724343164,0.0034021703240154633,0.0016519928431895092
2018-04-10,0.01648657785868468,0.0023655815524343815,-0.0018140664672152695
2018-04-11,-0.005296861570061262,0.007787899955785216,0.0035516139709701466
2018-04-12,0.008379871822725926,-0.011630613197024187,-0.007324779170836293
2018-04-13,-0.0027839145716520575,0.006555000660688037,0.0023211527249291652
2018-04-16,0.008128013590076977,0.0014123209845888773,0.00033084839465136184
2018-04-17,0.010750282413850565,0.0009402393572395251,0.0027291205907182814
2018-04-18,0.0005638653738662125,0.0007827669207129961,-0.007999033159011404
2018-04-19,-0.005475873131125741,-0.001955416527053,-0.008146131373856558
2018-04-20,-0.008097391499312767,-0.007601890535287481,-0.0072074297009390165
2018-04-23,-0.0004488143619459928,-0.007975949843974872,0.00025304143623494646
2018-04-24,-0.013638520193640757,0.004855919415812648,-0.004557214621469519
2018-04-25,0.00256681222040811,-0.006496075996334616,-0.0066974726820793196
2018-04-26,0.010281900822225909,-0.0035085115107064135,0.0069983971560632074
2018-04-27,0.0010625986255674569,0.004241008034887361,0.007713295477246529
2018-04-30,-0.008165732882071564,-0.007251025196090666,0.0017664424650898347
2018-05-01,0.0021406343113958837,-0.007063145351023148,-0.0036014065684015772
2018-05-02,-0.0068191505794595875,-0.0004849855228984401,-0.0010979591206203843
2018-05-03,-0.00235754943483768,0.005095004008440096,0.004480816419871303
2018-05-04,0.013266558519214877,0.002092067418605348,0.0015149503794174013
2018-05-07,0.003109502966997413,0.0002408766587147504,-0.0015965545494240896
2018-05-08,-4.0721407399968435e-05,0.00016052535213439967,-0.0009261310563897229
2018-05-09,0.009707697780365843,-0.0020868008225221057,-0.005981492835218205
2018-05-10,0.009372094144211918,0.0068366320405601755,0.008051932179202526
2018-05-11,0.002441626845351319,-0.0014379318160805399,0.002522314766818967
2018-05-14,0.0011180169684421593,-0.004080017089843735,-0.005283852533925937
2018-05-15,-0.006859316383748482,-0.01614583132241265,-0.011382861373238295
2018-05-16,0.004256267535539315,-0.0015512935679184991,-0.0038379742532920202
2018-05-17,-0.0008396477304648542,0.0005724073456552237,-0.005051323775375982
2018-05-18,-0.0024811757512716026,0.0004086552101045804,0.008605009821044396
2018-05-21,0.0073417426503374905,0.0005718461950008358,0.0005119322466347054
2018-05-22,-0.0028675940057123483,-0.0005715193738216051,-0.0015345960729241659
2018-05-23,0.0031154420428507468,0.001061982268841355,0.007259318805665993
2018-05-24,-0.0019111341988655717,0.00856859323093273,0.007970022308208646
2018-05-25,-0.002513322754646663,-0.003074660285441455,0.006225161963884007
2018-05-29,-0.011558124692407912,-0.000162297242228715,0.021902413297440138
2018-05-30,0.013190502376629665,0.001461160009810003,-0.006708566386296022
2018-05-31,-0.006469519797458467,-0.00218857312515075,-0.0016468195172032463
2018-06-01,0.010531038091128764,-0.004955325896935703,-0.005284037482376713
2018-06-04,0.004415290057942389,-0.000979631964080463,-0.0072315242459284335
2018-06-05,0.0013858999540168337,0.003922495029546447,0.002344592514275101
2018-06-06,0.007988315151131742,0.0005697980927446,-0.008103518879667204
2018-06-07,-0.000470841180970627,-0.00048810250152531154,0.00968540441527832
2018-06-08,0.0031397371454935374,0.0012209142530825723,-0.003002528624138634
2018-06-11,0.0012915047408370572,0.0017884823744616085,-0.0018404180060156428
2018-06-12,0.0016803861156593491,-0.0033271415316106223,0.0002513252750320216
2018-06-13,-0.003979395841047562,0.003012561044629436,-0.0005027682758017571
2018-06-14,0.002898472330816304,0.0015422908372948463,0.008299971524492689
2018-06-15,-0.0008592983519880582,-0.01653429211330959,0.0009140626910602023
2018-06-18,-0.0023842411781410666,-0.0018954650937899054,-0.0009132279434687085
2018-06-19,-0.0038005685587321203,-0.0025596363391253707,0.0058196535343233435
2018-06-20,0.0018090925422151738,-0.004470206141435118,-0.008762265940556957
2018-06-21,-0.0062423045845027,-0.001746208886931222,0.005253851986913638
2018-06-22,0.001777863961694992,0.0024156041546103957,-8.326924393298185e-05
2018-06-25,-0.013842220824447637,-0.0037393797734436296,0.00224056410026785
2018-06-26,0.002199287636412972,-0.0052547940330739396,0.0014069854751590505
2018-06-27,-0.008299865350753222,-0.005701830395735019,0.009424126202821403
2018-06-28,0.006092186708086089,-0.00303593021413906,0.00024572139899503576
2018-06-29,0.0025313701459146465,0.003637288959023266,-0.003439016058808586
2018-07-02,0.0011621242818684596,-0.010029518972628937,-0.0007821131122016656
2018-07-03,-0.004043135184202518,0.01013112932642235,0.005356564213483628
2018-07-05,0.008561243242378058,0.003371272825408722,0.0028685941887904853
2018-07-06,0.008329675458032426,-0.0015959885471287238,0.0032696491634149893
2018-07-09,0.008853424435106616,0.0024398528860691826,-0.0064356913746507205
2018-07-10,0.003486715916212413,-0.001846422307055895,-8.235199848927177e-05
2018-07-11,-0.006832273452069604,-0.010846724226159843,0.0038541844534896175
2018-07-12,0.008569591899760809,0.004165231777556899,-8.196345838007435e-05
2018-07-13,0.0008572755331470727,-0.004401901762097649,0.002532846818706469
2018-07-16,-0.000623073919879924,-0.0005101399394812356,-0.004155790242964974
2018-07-17,0.004286590586986216,-0.01080394929383155,-0.0018824548676036335
2018-07-18,0.001823645690005593,0.00025798744076199753,-0.004016882180057801
2018-07-19,-0.003795737544504907,-0.004298856594405098,0.006338293437650799
2018-07-20,-0.0009330484090794844,0.006476124823511453,-0.012268779042119093
2018-07-23,0.0019067781909145598,-0.004804371742649027,-0.012338803353023398
2018-07-24,0.004699576545244666,0.0003448354786839136,0.0034374801048255854
2018-07-25,0.009161707295983534,0.005515334234738045,-0.0015874563754995075
2018-07-26,-0.002949138665157669,-0.0077991400388178755,-0.0019247387122212078
2018-07-27,-0.006493261602357636,0.0005183138095208317,0.0016766945387558518
2018-07-30,-0.005762111326283126,-0.0015540041641225466,-0.00343217563516085
2018-07-31,0.0050563544715180875,0.002939873181190933,0.005460132611704749
2018-08-01,-0.0012385175335050125,-0.007328204929526905,-0.008146895433840173
2018-08-02,0.005076128852049111,-0.005384772884042377,0.001435359391313007
2018-08-03,0.004896251408671004,0.003492853105171001,0.004973179451783771
2018-08-06,0.0037598489312491434,-0.0051339744804317355,0.0005870194770987158
2018-08-07,0.0027897714467732815,0.0022740706959851753,-0.0051974454925620694
2018-08-08,-0.0005334792719713377,0.002792628802213759,0.0010113206182778
2018-08-09,-0.0012583891232822442,-0.0014794690881722028,0.008418370957929966
2018-08-10,-0.006796565486622774,-0.0004357279352805721,0.007262975355367907
2018-08-13,-0.0037674548525373774,-0.01508416880379293,-0.0020725753779358147
2018-08-14,0.0064443327443692855,0.0009738014451408095,-0.0022417268905381427
2018-08-15,-0.007361707531151951,-0.016626844065553037,0.005825964307733855
2018-08-16,0.008111693466470449,-0.0008094609704913935,-8.269000668081894e-05
2018-08-17,0.0033331524661375234,0.009270916232611892,0.001241572359739207
2018-08-20,0.0022150281701416308,0.0049942495470025605,0.006695170486133772
2018-08-21,0.0021721361139330764,0.002928336094692563,-0.0033662251233670393
2018-08-22,-0.0003041692647653971,0.002211997942183075,0.003954486542922853
2018-08-23,-0.0014456551268411388,-0.009446452957847074,0.001559307243478969
2018-08-24,0.006284872456929325,0.01746886601762876,0.0019660721708663065
2018-08-27,0.007532237865357727,0.00376657902932398,-0.005723856048651443
2018-08-28,0.0005634797606772768,-0.007941321771505638,-0.006003585397342359
2018-08-29,0.005481603653119782,0.004574213948543848,0.001323380196551982
2018-08-30,-0.0040701715915973935,-0.004903656511020316,0.0021488184971829583
2018-08-31,3.738822478638326e-05,-0.0011439392301669793,-0.0023091502828948007
2018-09-04,-0.0013870772432615919,-0.005109698001402485,-0.005781045757114911
2018-09-05,-0.002816031535913366,0.0034534613352918964,-0.002666381550018082
2018-09-06,-0.002936812959573598,0.0019414156485668688,0.0036756435275770993
2018-09-07,-0.002416854043131411,-0.0027302937827557994,-0.008489346246429275
2018-09-10,0.0018926229253053428,-0.000706542689065337,0.0036930527566130245
2018-09-11,0.00377855319656617,0.0006186451072049959,-0.007610037585708884
2018-09-12,0.00011259951421904724,0.008390716640166218,0.0023595434586496378
2018-09-13,0.005683159400352578,-0.003591101333891067,0.0015131744918956969
2018-09-14,0.0005237966622004819,-0.006504970809317334,-0.004784479472042302
2018-09-17,-0.0056476319043448076,0.005220350246058381,0.0
2018-09-18,0.0054540677099121915,-0.0014963310274801467,-0.010460331187430394
2018-09-19,0.0011221503317455639,0.0038786565809445506,-0.005966744532840407
2018-09-20,0.008034443217050713,0.0034246522572403126,0.004630640996870605
2018-09-21,-0.0007041676817582943,-0.006825928084458366,-0.000426830959549096
2018-09-24,-0.0033387401236590897,-0.00017619740455376842,-0.0025620793320741964
2018-09-25,-0.0012284646550279055,0.0015863250483771907,-0.0010273486060047299
2018-09-26,-0.0029309989087386024,-0.005279352979018381,0.0070279446887440145
2018-09-27,0.0027780393055161223,-0.008845643281780058,0.000680599843644103
2018-09-28,-0.00011221528919436174,0.006336448595585464,-0.002636084175925979
2018-10-01,0.0037071986797510004,-0.001685016298391906,-0.007341608689757306
2018-10-02,-0.00011187766601583604,0.011548397044346626,0.006112730174730574
2018-10-03,0.0008584034865495305,-0.003951915050342092,-0.017371252819119887
2018-10-04,-0.008201712237695613,0.0005290529796950771,-0.0070538122749604915
2018-10-05,-0.005638202623793442,0.002819877382429281,-0.00859475505880436
2018-10-08,-0.00026489251657146884,-0.011072074713894375,-0.0033618158452412006
2018-10-09,-0.0012855187521390032,0.0005331220730910857,0.01011912574456253
2018-10-10,-0.032294501002196996,0.00248666770063255,-0.0027244296129698142
2018-10-11,-0.02104883935143742,0.025691013434101517,0.012159616895308867
2018-10-12,0.013508425951716418,-0.004750349180877911,-0.0034822113088702755
2018-10-15,-0.005481132959574642,0.006682258271583086,-0.00043627215986907775
2018-10-16,0.021291787510983706,-0.0017241116227775244,0.0022717746773510683
2018-10-17,0.00034926258424206047,-8.63742311474347e-05,-0.005929349137325013
2018-10-18,-0.014048830863765294,0.001122698440194414,-0.0003510642140330811
2018-10-19,-0.0007873983164315979,0.0007764317521294917,-0.002193402334924155
2018-10-22,-0.004136300978509255,-0.002586010225269386,-0.0013191712504596609
2018-10-23,-0.006012713435578854,0.005876763551604158,0.003170040537277874
2018-10-24,-0.029847007816479088,0.0023198236435848507,0.007549211581870274
2018-10-25,0.017925993312428945,-0.002228717024418514,-0.004181711109483177
2018-10-26,-0.01769101322974931,0.0031786521678458524,0.006036341948330248
2018-10-29,-0.005169089339250754,-0.003939360261170033,-0.0022605982905125055
2018-10-30,0.015299017331883658,-0.0043847864976440665,-0.004968568373430959
2018-10-31,0.010479039610831409,-0.005613139108367582,-0.005080852817407888
2018-11-01,0.010370021750174985,0.01285276342099273,0.0009271537987725065
2018-11-02,-0.0062059813738970515,0.00017151910256396619,-0.01243288254095598
2018-11-05,0.005684264178476672,-0.0024003324100665413,0.0039284318466132895
2018-11-06,0.006329077887493817,-0.002835798085983776,-0.0006224022473398927
2018-11-07,0.021121597057094155,-8.619558903444346e-05,0.0013348303521067972
2018-11-08,-0.0017042707975412075,-0.0021546152083956605,-8.861986963237811e-05
2018-11-09,-0.009234983413689224,-0.011228151978489587,0.007466139347348522
2018-11-12,-0.019307564850198133,-0.007162820324765118,0.006528136597249157
2018-11-13,-0.0016770428545805904,0.0003518677181439944,-0.0006139055065002008
2018-11-14,-0.006840429840662465,0.008267391966898296,0.0006142826179820204
2018-11-15,0.0103512027361643,0.0011339606953078007,-0.000438431830621977
2018-11-16,0.002551652586660458,0.00740616997802257,0.005787448566649145
2018-11-19,-0.016581356352784127,0.0004324115306661991,0.002789803119823464
2018-11-20,-0.018397191837385418,0.0,0.00034769264170719794
2018-11-21,0.003336115440924381,0.0016426250921932617,-0.0003475717935521594
2018-11-23,-0.006445353667335119,-0.0007768338236752159,0.0010434116833573093
2018-11-26,0.015660635526467015,-0.0011228924348919422,-0.0022583550133413732
2018-11-27,0.003132464195350959,-0.00596681464067883,0.0011319839861441139
2018-11-28,0.023360567221619277,0.0037407596049732206,-0.004869203827470803
2018-11-29,-0.0020606990654011836,0.0031201301691909933,0.003931714108109219
2018-11-30,0.006631863153299111,-0.0017279847238081958,0.003742330160989349
2018-12-03,0.012348010844530632,0.007529883500850154,0.007100510076371691
2018-12-04,-0.031019736877453408,0.00609912432039339,0.016741044777167646
2018-12-06,-0.002533543300974106,0.0001707363609755319,0.0031405229615999453
2018-12-07,-0.02322405975873787,0.00810992789134457,0.0018616933583643913
2018-12-10,0.0011968543730429548,-0.003471894702593792,0.004138330553933978
2018-12-11,0.00028890825365257555,-0.001189661703648759,-0.00016814629500749856
2018-12-12,0.005522975353000614,0.0021269354947484054,-0.004458478680570588
2018-12-13,-0.0003278586843591391,-0.002207336227265433,-0.0023660400240608226
2018-12-14,-0.018451827056583436,-0.0039989894119348834,0.0034728535317698483
2018-12-17,-0.02041658234182797,0.0069195729103175285,0.005823874036742227
2018-12-18,-0.0003858546990267442,0.0023754880187698557,0.005988450226169784
2018-12-19,-0.015956067050817535,-0.006093958623821227,0.013210904685040381
2018-12-20,-0.016432739925930306,0.015413416962360094,-0.0036311188716099396
2018-12-21,-0.019897892404236783,-0.004360924625816387,-0.00016519205593934494
2018-12-24,-0.027536769042867837,0.010950096100037499,0.004969715720644752
2018-12-26,0.050588112834391685,-0.002999441684935489,-0.010715125666595049
2018-12-27,0.009294116022673604,0.007604847107346435,0.00016642175634573597
2018-12-28,-0.001271650683465242,0.004064011487183938,0.008414080741625751
2018-12-31,0.009000643483692672,0.0015694898830167503,0.003799865691205051
2019-01-02,0.0007833430623418458,0.0006598089159148834,0.005267112159537124
2019-01-03,-0.023870579312557094,0.009066170423806419,0.011379601066452416
2019-01-04,0.0330066674714391,-0.00808623590052937,-0.011575309254440502
2019-01-07,0.007502982633132982,0.003458482876331992,-0.002948153428203315
2019-01-08,0.009715302162140116,-0.00270804061547536,-0.002628364414331008
2019-01-09,0.004620256733081973,0.006418158373500793,-0.001564812148203365
2019-01-10,0.0041768531947337095,-0.005886691481276518,-0.0064337268539510495
2019-01-11,-0.00046202836285169635,0.001727170986037363,0.0039023770552186754
2019-01-14,-0.0055066236422588455,0.002380897199235621,-0.0037216433525834036
2019-01-15,0.011708503503907064,-0.0017200351443329431,-0.0036519785944468808
2019-01-16,0.0022143222440089705,0.003199863787636481,0.0010001946436548614
2019-01-17,0.0074618546605471625,-0.001308546962521917,0.00024914296489519927
2019-01-18,0.013448210558121954,-0.008926410300850951,-0.0052415874194907675
2019-01-22,-0.013310489196276865,0.0035531343340227117,0.00677468256209135
2019-01-23,0.001489791280262942,-0.0013997379433262624,-0.0004156779963654378
2019-01-24,0.0009916459091046104,-0.0015666428373899421,0.00656628343498844
2019-01-25,0.008503177538563778,0.01461726258147622,-0.004789025891721255
2019-01-28,-0.007735846316390793,0.0034999210730881636,-0.000995256561893365
2019-01-29,-0.0012373728749623947,0.005596580714432919,0.005065411405715814
2019-01-30,0.015817996091712194,0.005726722578225818,-0.0007431440716796356
2019-01-31,0.008334772477869512,0.00048117377030232333,0.008599472500598448
2019-02-01,0.0008466729829623709,-0.002004008016032066,-0.006039191306609459
2019-02-04,0.007130690163960951,-0.004337356751223598,-0.004464883345014381
2019-02-05,0.0044403065489395654,0.002581475453272253,0.004567378448397275
2019-02-06,-0.0012347204454196126,-0.006758902044908588,0.0004961974869148733
2019-02-07,-0.00980884344037658,0.002430293392984062,0.00661006037960199
2019-02-08,0.001288528855812432,0.0037982966608789415,0.00426793420672289
2019-02-11,0.0005228278395621455,-0.004911042708701019,-0.003922703187059007
2019-02-12,0.012943011296867812,0.002103577179937588,-0.002544075356746167
2019-02-13,0.003015952277510614,-0.003956062177902009,-0.0037840176823227267
2019-02-14,-0.0022154557129602237,0.005592889654295163,0.005697861747481658
2019-02-15,0.011022895593648885,0.005964900110646543,0.0015601122128865441
2019-02-19,0.0017256460147352382,0.015224309695700766,0.002541703311574439
2019-02-20,0.002309894892031039,-0.0017363346220005127,-0.0028622011289191063
2019-02-21,-0.003632718287668313,-0.011306137470128319,-0.00893913067130081
2019-02-22,0.005998182092115556,0.0035985360836492397,0.005957915097225541
2019-02-25,0.001480751631585564,-0.0010358346885893654,-0.002961157494207445
2019-02-26,-0.0007393144745887481,0.001675034536747555,0.004949946193160137
2019-02-27,-0.0005060348037935203,-0.0070871108191714605,-0.01132914356732273
2019-02-28,-0.0023377140650593375,-0.005613959130088775,-0.0034045928923622792
2019-03-01,0.006873068008122374,-0.017017506627186707,-0.009242783128079357
2019-03-04,-0.003839768338741556,-0.0026255308667169075,0.00783748016965391
2019-03-05,-0.0011677498680716658,0.0013162525939691694,0.0020905433432454323
2019-03-06,-0.006392948826742129,-0.0009037184460104486,0.0036715122300410297
2019-03-07,-0.008042316172532149,-0.0008222882461903502,0.006484647926157994
2019-03-08,-0.002017185430084223,0.010945553273622899,0.004213279127660341
2019-03-11,0.014583592034125958,-0.004884390198699684,-0.002961564515925885
2019-03-12,0.003554374253172732,0.006053709964792153,0.007012865158255055
2019-03-13,0.0068110334351696444,0.006992949727453013,-0.0018842986256845107
2019-03-14,-0.00034776023654592425,-0.011547098821608426,-0.00722362696597989
2019-03-15,0.004872657113146772,0.004574769560006908,0.006614644360249056
2019-03-18,0.0035791005227481243,0.0005692420438265788,-0.0005750952809143728
2019-03-19,0.0003064409389319511,0.002763299214570525,-0.0022192442626404185
2019-03-20,-0.003565046575661479,0.006484057947534483,0.01046092460034398
2019-03-21,0.011432438914806164,-0.004026413261163153,0.002200456433459008
2019-03-22,-0.019010780367134994,0.002344768069306058,0.015534990995183406
2019-03-25,-0.000896742422968555,0.007663119616744263,0.00160141921817325
2019-03-26,0.007220026879851682,-0.004963137418149799,-0.0007192735109391446
2019-03-27,-0.004649614820645631,-0.005229296137734152,0.00920218622318969
2019-03-28,0.0038927789398568446,-0.014152850613865509,0.0034887692232399292
2019-03-29,0.00643709420316485,0.0009023839948698598,-0.0009482155429646477
2019-04-01,0.011520358706555767,-0.003934131206699276,-0.014204087515099273
2019-04-02,0.00034294973390558425,0.0037028271386223555,0.0018495080784641793
2019-04-03,0.0018657806253228326,-0.0014756542074283452,-0.00866785895932376
2019-04-04,0.0023943841362057405,0.00254513588527594,0.0028336492759186704
2019-04-05,0.004815138132994612,-0.0010645913747292512,0.0012914311166638548
2019-04-08,0.0008681326060495653,0.004344964459018774,-0.0035474862771616156
2019-04-09,-0.005316033811160081,0.0052240582686200465,0.003155998643370461
2019-04-10,0.0034492962241745584,0.003085645543724258,0.002419676751332034
2019-04-11,-0.00018890850801678294,-0.012790430232882732,-0.005873856067962535
2019-04-12,0.006762450772436646,-0.0009839698252590567,-0.007122841713826378
2019-04-15,-0.0006753487596175001,-0.0018879040751599296,0.00252736469895809
2019-04-16,0.0007134423523089684,-0.008963785785923273,-0.006261585418457893
2019-04-17,-0.0024392362488095953,-0.0019085831288392363,0.00040937928952344826
2019-04-18,0.0018809482543986622,0.0007482870651696061,0.005234681628665916
2019-04-22,0.0009761800047001223,0.0,-0.004800496033239732
2019-04-23,0.008627056327361604,-0.002076929420084306,0.002125603489912642
2019-04-24,-0.001970919742261601,0.0029137401441747812,0.008159123305557126
2019-04-25,-0.0003725161461772819,0.0008300695036758121,-0.0014567609482085686
2019-04-26,0.004585022167728603,0.006635175033447016,0.003403298702507218
2019-04-29,0.0012612440530328506,-0.004449212353194509,-0.006380801917061252
2019-04-30,0.0006300487520278786,0.0030621129817147708,0.005121577785066611
2019-05-01,-0.007295731604346933,-0.0066006224629272525,0.004124628034807287
2019-05-02,-0.0019774336631260825,-0.0038205903541769226,-0.004761714045848797
2019-05-03,0.009495067871250207,0.005919618726200282,0.002838673230719291
2019-05-06,-0.003962356258465194,0.001326117121353887,0.00274938626625576
2019-05-07,-0.016209242658033696,0.003310996887363693,0.00766124317621486
2019-05-08,-0.0019651786928972514,-0.0024750055657883907,-0.004321983119209727
2019-05-09,-0.0030668435978824515,0.002398422606480155,0.004099675886668486
2019-05-10,0.004671485912158824,0.001897717514232511,-0.0013613580953236726
2019-05-13,-0.02453490754857779,0.010211626950944463,0.007855749831799708
2019-05-14,0.008681054563391744,-0.001711902564663248,-0.0029426591579109207
2019-05-15,0.0059169873145010765,-0.0005716127335255727,0.006142533241051407
2019-05-16,0.009167068970961534,-0.007190107507202059,-0.0033299018973705907
2019-05-17,-0.006055843278773287,-0.007077611679961793,0.002226949692120117
2019-05-20,-0.006816142077344711,-8.290208125960596e-05,-0.0020636306279314676
2019-05-21,0.008473366120403503,-0.002320944800343727,-0.0015904474334753615
2019-05-22,-0.0027374097523487073,-0.0009970317877491253,0.005736044197301116
2019-05-23,-0.011703924355227824,0.007734533613593886,0.011247414618076101
2019-05-24,0.001736050267673095,0.0010729131367257505,0.0008613199899447643
2019-05-28,-0.00897245984657502,-0.0038747008151563955,0.007199973023538808
2019-05-29,-0.006877498283258121,0.00033105118696652447,0.0030302281110867746
2019-05-30,0.002777746470062459,0.0067841455794739325,0.008598931099539575
2019-05-31,-0.013382587864736895,0.013476862164072179,0.012518988027678146
2019-06-03,-0.0029659674780317946,0.014432812396575123,0.006689071322605544
2019-06-04,0.02201338290686672,0.0003197259638094696,-0.011401642096772413
2019-06-05,0.008460392697913433,0.00255692921232642,-0.005651694920209005
2019-06-06,0.006503876034081424,0.003267681746441209,0.003226274541772156
2019-06-07,0.009979342521792223,0.0056402851919619135,0.008651271642288627
2019-06-10,0.0046942206783824325,-0.00995334973762696,-0.009412437338414126
2019-06-11,-0.00018844584205235382,-0.0011968524989021123,0.0006133791535527511
2019-06-12,-0.001884299682536783,0.00519253494403471,0.0007653492695818276
2019-06-13,0.004455566429820035,0.006119340633088832,0.003443715831503491
2019-06-14,-0.001503483726345678,-0.00031596300165459557,0.002516609413123927
2019-06-17,0.0009032303689215926,-0.0006320654488249922,0.001749418813379977
2019-06-18,0.00996766564305318,0.005060083591572395,0.005012103265603196
2019-06-19,0.00264434250364598,0.006057242183997058,0.0014354660437625455
2019-06-20,0.00932313369384219,0.025177896911959374,0.002640999602555816
2019-06-21,-0.0011774997986375713,0.006635612181659978,-0.010987328445667077
2019-06-24,-0.001289736439946787,0.014850786310930397,0.007457097797083367
2019-06-25,-0.00988693503756144,0.0019411266395166216,0.0030962410587216382
2019-06-26,-0.0009687597372960433,-0.009165393111099984,-0.0063994917975293
2019-06-27,0.003509239033794964,-0.000977700846950591,0.007047255712978373
2019-06-28,0.005528666148869599,0.0027100317696175935,-0.0006776076106520534
2019-07-01,0.008508646845415191,-0.019369383559800002,-0.002338616264985438
2019-07-02,0.0029103264487175817,0.021359735486276676,0.007713306339649728
2019-07-03,0.00767722133025206,0.001649060899963084,0.007128590094037213
2019-07-05,-0.0012759494622387457,-0.011150231525253074,-0.013262538884893926
2019-07-08,-0.005000206730091938,-0.006432617734537516,0.001358787293380237
2019-07-09,0.0012471115290819679,0.0035037454291328984,-0.0003771105155012666
2019-07-10,0.004652763690935258,0.015787490178783115,-0.005506382167882906
2019-07-11,0.002006000562506438,-0.008443584154164463,-0.013350791727090972
2019-07-12,0.004913373032345625,0.006254723814186791,0.0011532788353971757
2019-07-15,0.0002529704684155476,0.0,0.005760186166296366
2019-07-16,-0.00325794398996182,-0.008462554430785363,-0.0029781767212357924
2019-07-17,-0.006756853736181956,0.01646531748539748,0.010798288944862122
2019-07-18,0.0036572410538564526,0.014117951186161548,7.496167236142881e-05
2019-07-19,-0.005356960124259791,-0.014727392803034478,-0.0023484324645600685
2019-07-22,0.002418089110702626,-0.00014876383044060137,0.0018980087453079886
2019-07-23,0.006870857905276528,-0.005652618252780628,-0.005456338745659761
2019-07-24,0.004610621775930301,0.005086339018351538,0.004343821149460858
2019-07-25,-0.004878171621866434,-0.007070008058076338,-0.004780568150238529
2019-07-26,0.007152957964511764,0.001648937368628589,0.002363832096080598
2019-07-29,-0.0018026063513905122,0.006659678193005059,0.000304117728212594
2019-07-30,-0.0024199623467504594,0.003344956160896251,0.0024334214067067705
2019-07-31,-0.011331849293980345,-0.013112972808538625,0.008040725058988674
2019-08-01,-0.00838569710880921,0.02402219643390402,0.019860343000928538
2019-08-02,-0.007311942589073861,-0.0038120684590625675,0.009241320755373428
2019-08-05,-0.02950054895128984,0.013981852270352535,0.017288152212971086
2019-08-06,0.012879605314474407,0.008128386897085838,0.007992788229342684
2019-08-07,0.0006812751062166278,0.015189695160357397,0.00035728544565150067
2019-08-08,0.019514195999130735,0.005034686098196239,0.002142610913205445
2019-08-09,-0.0069736974781300365,-0.0033161732510501585,-0.001995016115552528
2019-08-12,-0.011729452570014343,0.009698502260031328,0.0208495710552854
2019-08-13,0.015497310276367804,-0.005959518154781018,-0.003427418797314119
2019-08-14,-0.030112293623566044,0.0068415942238304606,0.02252952388502938
2019-08-15,0.003146922821515963,0.0066549698650941735,0.011118844421207141
2019-08-16,0.014652328804128256,-0.006402214255277094,-0.008009383260235592
2019-08-19,0.0122919354162212,-0.011696303286335752,-0.014302936683371126
2019-08-20,-0.0077474393633484295,0.007795380191040424,0.010344424883162118
2019-08-21,0.008108186901476966,-0.003164420123660472,-0.006665369991844194
2019-08-22,-0.00037260131980809685,-0.0025395077899371676,-0.0066403551212117495
2019-08-23,-0.025664814777617284,0.019589847185487175,0.01643418166095212
2019-08-26,0.011086805835582636,0.00013875475282665306,-0.004042567983542633
2019-08-27,-0.003932327471208086,0.00957073902105865,0.01540925678241778
2019-08-28,0.006946864641387274,-0.002816539407023644,0.001287161084727817
2019-08-29,0.013006261836195021,-0.007164566813753437,-0.003787925831170269
2019-08-30,-0.0004095632320508802,-0.0025672712303844714,0.0002708140339975351
2019-09-03,-0.0055470891134714595,0.013913043478260834,0.0012927293846860533
2019-09-04,0.01070716067597366,0.006243592878966586,0.0014943005932774867
2019-09-05,0.013223619530400299,-0.024001119491110168,-0.01811027456273273
2019-09-06,0.0007310778056979217,-0.008523132778435305,0.007114815598808111
2019-09-09,0.0002554703898109967,-0.0037344897557421985,-0.017765312761157448
2019-09-10,0.00021923719699667998,-0.008557937047107611,-0.017528142117595458
2019-09-11,0.007193428536135471,0.006063676329913781,-0.0017766789201697497
2019-09-12,0.0029363828189914454,0.002056360685188219,-0.006550438935143732
2019-09-13,-0.00025308965215165014,-0.008279177519783909,-0.02135923703251963
2019-09-16,-0.003290201350709121,0.008348294532203537,0.012743453040763297
2019-09-17,0.002720682278638531,0.0019813102518067005,0.005423948385441246
2019-09-18,0.000614938653673347,-0.006285306153149484,0.004243607553725548
2019-09-19,-0.00021678838431160585,0.004050828215713009,0.0030076482390193338
2019-09-20,-0.005351897288214613,0.011820485442912032,0.013211173858505898
2019-09-23,0.0006905044418548112,0.005596383832365381,-0.00021185388373401448
2019-09-24,-0.008283601004631436,0.005286918308423871,0.012054384128695528
2019-09-25,0.006118244942635354,-0.018545379403875573,-0.014626986099837369
2019-09-26,-0.0019721823494371904,-0.0002820880237280887,0.006432273059954641
2019-09-27,-0.005608502264726978,-0.005148429100112373,0.0024581955945455203
2019-09-30,0.004940002171388569,-0.015525325955691782,0.0024523651926624535
2019-10-01,-0.01203251794940885,0.005472814807717441,0.0030101135717939265
2019-10-02,-0.01763686202171566,0.011673634369571584,0.0024435419946253756
2019-10-03,0.007937347340917222,0.004530648552570016,0.009121922457486553
2019-10-04,0.013875083239993646,0.0,0.00738335720900829
2019-10-07,-0.004290904069891965,-0.008527071931805796,-0.008288086036953635
2019-10-08,-0.015526862753973192,0.00874259511120079,0.0026936316199115407
2019-10-09,0.009319565381574968,0.0009160434363713055,-0.0056485704951523275
2019-10-10,0.006803966618784019,-0.008729359144837523,-0.014894750762084685
2019-10-11,0.010433637299177123,-0.005539370732339566,-0.012376662315819242
2019-10-14,-0.0009186185916322254,0.003999125640758994,0.007263151742851193
2019-10-15,0.009673545239024639,-0.006970593591764218,-0.012088032466573972
2019-10-16,-0.0015664699321263909,0.0057302703836425994,0.0012163113928997937
2019-10-17,0.0027000407333730436,0.0014243781997433924,-0.00243053907486257
2019-10-18,-0.004111989220076162,-0.0010667370445437419,0.0
2019-10-21,0.006978755470074205,-0.004770136663166058,-0.007521880266440184
2019-10-22,-0.003519512802868552,0.002932997222985456,0.005846862684315779
2019-10-23,0.0029493599692829164,0.0023537934253772264,0.0010046039579632016
2019-10-24,0.0016337285192089546,0.007115918371069618,-0.0020077294962793646
2019-10-25,0.00416847127913389,0.0023316740895991117,-0.004884607005313235
2019-10-28,0.005811280828396104,-0.008600036764796815,-0.009096380063563836
2019-10-29,-0.0006458300715270759,-0.0027730332148816483,0.0006554423894431505
2019-10-30,0.003519118208916927,0.005490226541611021,0.014634635063953683
2019-10-31,-0.0032208118680485676,0.009998499224238566,0.013490238069003402
2019-11-01,0.009513889061399716,0.000912763389017579,-0.0030780696816479214
2019-11-04,0.0039828036032489855,-0.002876007780098777,-0.013161375560037825
2019-11-05,-0.0012752279263676947,-0.016180006273117664,-0.011247359965609216
2019-11-06,0.0005317640428146309,0.004290245395359271,0.006052444505376009
2019-11-07,0.0035446651984123445,-0.015521486102876958,-0.01811901657598647
2019-11-08,0.0024374071262758257,-0.006364394703267995,-0.004206920466069852
2019-11-11,-0.0019377152752668714,-0.002401934875323586,0.0006669472625109307
2019-11-12,0.001977108395256666,0.0026995120660886496,0.004592688723660032
2019-11-13,0.000422804618239514,0.004002059820052306,0.006488526269434747
2019-11-14,0.0013380182398456952,0.004203521155341949,0.010329669560745769
2019-11-15,0.0074567707818247175,-0.0025259154943226836,-0.0010874664266128375
2019-11-18,0.0006283470054586626,0.0029664162029099383,0.0018148023405708535
2019-11-19,-0.00048804105103594786,0.0005050304911609071,0.008332873087304682
2019-11-20,-0.0035258859342200966,0.0005046655432805469,0.010347675991911442
2019-11-21,-0.001541559374157897,-0.005477043362080103,-0.006259237375098925
2019-11-22,0.002210212620014529,-0.0018840181654777854,0.0012883764305660073
2019-11-25,0.007597268325147066,-0.004791662812458131,0.002931327683614038
2019-11-26,0.0020146734936565824,0.004814733391401704,0.005843518112903956
2019-11-27,0.004715758289415284,-0.005299919828770094,-0.0029047848933138054
2019-11-29,-0.003830781168329467,0.006203971517371398,-0.002131834219861961
2019-12-02,-0.008141353952499264,-0.0005078146228696401,-0.01333334044640433
2019-12-03,-0.007020356865586219,0.00957984896245434,0.02096739899007316
2019-12-04,0.006401888117093968,-0.0013658431498282386,-0.009984804868267583
2019-12-05,0.001852346041505415,0.0005758841931267078,-0.004864756506078538
2019-12-06,0.008896159540667803,-0.009928092682104261,-0.005533991176791542
2019-12-09,-0.0030434693800134305,-0.00029060665275248976,0.0021681452044457483
2019-12-10,-0.0009361408191818077,0.0028347098739491816,7.200503064352937e-05
2019-12-11,0.002603869429658845,0.00688553265084435,0.007861061869643304
2019-12-12,0.008795099018499286,-0.003527249493396556,-0.01645789145677945
2019-12-13,0.00037782753684956205,0.004478873140076667,0.011567726877842022
2019-12-16,0.007068300498147995,-7.198680622300113e-05,-0.008990241170223179
2019-12-17,0.0002043653449737004,-0.00021575647831872935,-0.0013790767838041118
2019-12-18,6.841448229955027e-05,7.200752478642158e-05,-0.008211770569066412
2019-12-19,0.004155521809274809,0.002589559770448613,0.0015998256329794458
2019-12-20,0.005088434754143334,0.0010044438566789715,0.0013187259287039677
2019-12-23,0.0009798172010377915,0.003081942822633188,-0.0014636248585379041
2019-12-24,0.0,0.009431992518777577,0.002858354479730263
2019-12-26,0.00511587365048527,0.007857298625196796,0.002411593435860837
2019-12-27,0.0,-0.0003511943393945671,0.0010937272175599588
2019-12-30,-0.005494172653325413,0.0021077991140190377,-0.0036408680884334466
2019-12-31,0.0025758271645475173,0.0018929327941459295,-0.009794505494355565
2020-01-02,0.008857208333304945,0.0073478173310379535,0.011293528194761038
2020-01-03,-0.007305305816182384,0.013268521727000326,0.015399608782050045
2020-01-06,0.003747058312595808,0.010489502076611812,-0.005677971826692496
2020-01-07,-0.002757580437243168,0.003935150508558971,-0.004915886736922448
2020-01-08,0.005159640502866436,-0.007501524641443713,-0.006611078713168683
2020-01-09,0.006911338765482222,-0.005651653463197515,0.0035101829705652676
2020-01-10,-0.0028655453484695004,0.006026192495848015,0.008891162378436457
2020-01-13,0.006616249980496924,-0.007419483430124996,-0.003033600842200279
2020-01-14,-0.001327978450820444,-0.0008915435213457945,0.005143987285279428
2020-01-15,0.002227145877831571,0.005834242779070742,0.006631325430889401
2020-01-16,0.008357915163690555,-0.0015695082440052577,-0.0031504015325092283
2020-01-17,0.0033880900541409797,0.0018454259925253513,-0.008548117890870732
2020-01-21,-0.002065410653563693,0.0010915790702048511,0.010505372813305103
2020-01-22,0.000263055392801137,0.0003406555206315609,0.0035133429475209255
2020-01-23,0.00098509516813583,0.002248122121045526,0.007001818437637253
2020-01-24,-0.009120520023927603,0.005845572586286041,0.008088525878938935
2020-01-27,-0.015892502116494178,0.006825312844883635,0.015554529367019843
2020-01-28,0.010833609278072087,-0.008926785569624784,-0.007831460314411065
2020-01-29,-0.0009985186013360403,0.005417872354848807,0.009780003700309292
2020-01-30,0.0031316173490840704,6.732120695107646e-05,0.00013770817951730407
2020-01-31,-0.017934798797898277,0.005792420039608892,0.009129963581750333
2020-02-03,0.007270850956075714,-0.006495688802043542,-0.0008095775273150307
2020-02-04,0.015411070915084535,-0.01300895070524588,-0.013467378659758888
2020-02-05,0.011308546047729129,0.0012293105482077404,-0.0109353603343737
2020-02-06,0.0034005476548939484,0.005388399719282511,0.004507419767088239
2020-02-07,-0.00508331576540455,0.002645857569860688,0.012477847014238375
2020-02-10,0.007172542019522554,0.0025712490701368385,0.002769877057997805
2020-02-11,0.001821027841375722,-0.0034419552752806837,-0.005040663639343412
2020-02-12,0.006426506077431338,-0.0008127480224853212,-0.005066265312257179
2020-02-13,-0.0009672459200000816,0.00569345014846645,0.003836545510317535
2020-02-14,0.0016785948949415985,0.004178427664004669,0.00437767871351058
2020-02-18,-0.0027393442938862256,0.012818816524224008,0.006849069156093401
2020-02-19,0.0048151353855836465,0.005831221275388376,-6.914128887935966e-05
2020-02-20,-0.003923645090814221,0.004084659090851872,0.007833225313940817
2020-02-21,-0.01036485572014545,0.015025216397275942,0.009340685554075412
2020-02-24,-0.03344334652885228,0.008985128746405113,0.014928476854286998
2020-02-25,-0.030043141346818292,-0.017874260693127697,0.005324673359591969
2020-02-26,-0.004419702196757802,0.004370503298157802,-0.005296471379537593
2020-02-27,-0.04432471004550875,0.00019483522153040944,0.010848656094215814
2020-02-28,-0.006035616922261733,-0.03649347478693177,0.0225841633321322
2020-03-02,0.04463842959179942,0.005526297603759334,-0.007357475018240689
2020-03-03,-0.02758325344815815,0.031434333360162325,0.015525329741917782
2020-03-04,0.0414434965842716,0.0017545277375516921,-0.010618338171158204
2020-03-05,-0.033497878452313,0.021600945458936538,0.02489108600960055
2020-03-06,-0.01677182847839609,0.00038096105467699815,0.05204388442804753
2020-03-09,-0.07716250824446202,0.0016502348575044845,0.027103618862765577
2020-03-10,0.05132081932635946,-0.02110133630677158,-0.05125813577448668
2020-03-11,-0.04958124547509701,-0.0035603512879937016,-0.036797761846764976
2020-03-12,-0.09671744732085252,-0.0398882588306293,0.006196557853540119
2020-03-13,0.09342965964702499,-0.03051623730778741,-0.022602605885512217
2020-03-16,-0.11738806140929836,-0.011446115323986206,0.064765387321573
2020-03-17,0.06547109059489231,0.0135554799295321,-0.06668324843972595
2020-03-18,-0.05466314366322389,-0.019921988429849713,-0.05641281693712741
2020-03-19,0.0008629323403790412,-0.018905499074657994,0.02722576846215019
2020-03-20,-0.043569037848960046,0.014995707221804766,0.07519597333501493
2020-03-23,-0.03070150562141971,0.044179590424960224,0.04120887874273249
2020-03-24,0.09536416220828836,0.048530353360380474,-0.018614114915425528
2020-03-25,0.012826503340158224,-0.01368964099270864,-0.0022713548301469544
2020-03-26,0.060100747480593686,0.012822223412266576,0.004921673025392259
2020-03-27,-0.03071909492031799,-0.006460489804721581,0.026692729618819744
2020-03-30,0.032336844602074866,0.004400644787818209,-0.008229082386024489
2020-03-31,-0.014850650643049024,-0.03184668568859872,-0.008116904366259559
2020-04-01,-0.04505554584937055,0.009456223354449733,0.01401098216286778
2020-04-02,0.023391852635852306,0.0163934225377782,0.006345793404930911
2020-04-03,-0.014777091852721358,0.0049374590529023266,0.0023793262348517086
2020-04-06,0.06802002254868134,0.027710521817620126,-0.0026112007057299547
2020-04-07,0.0005339244898423523,-0.005354484768834378,-0.010472589938357868
2020-04-08,0.03394079372607828,-0.008907968786563414,-0.007276244910600527
2020-04-09,0.014845441109440527,0.026123560972308058,0.0018175378389229113
2020-04-13,-0.009700138023224225,0.017140343933811808,-0.009130070104792054
2020-04-14,0.030530553365495594,0.007868093580683189,-0.0002438781869839035
2020-04-15,-0.021769109774888884,-0.005101958505246418,0.026489182254219923
2020-04-16,0.005053811281195086,-0.0008649946516461338,0.011356913397845725
2020-04-17,0.027599171938821776,-0.019417471147623044,-0.01340401273776115
2020-04-20,-0.018019046394202598,0.007126124562213176,0.008044071546950748
2020-04-21,-0.030557028163621158,-0.006825274631933054,0.012591515997217195
2020-04-22,0.02199659899768558,0.019670860003665247,-0.010216209713627022
2020-04-23,-0.00019502455340880687,0.00995486708021609,0.005308725861955521
2020-04-24,0.014507389364889933,-0.004285520778353313,0.0023470954013065093
2020-04-27,0.014453843182944182,-0.006640444141094992,-0.018614573601593132
2020-04-28,-0.004623241864097127,-0.004456556273727319,0.011511936110234045
2020-04-29,0.025772720208569577,0.005533445721913166,-0.005189270774010324
2020-04-30,-0.008721129344309686,-0.018116569301821484,-0.011676962267330282
2020-05-01,-0.02725584333195974,0.00617125761149806,0.008563162699311233
2020-05-04,0.0031564053306492035,0.003504803873276119,-0.004703478132030869
2020-05-05,0.00920794319632523,0.004241037483481591,-0.006401071737140218
2020-05-06,-0.006729091040127533,-0.012855591040204617,-0.016135715959201047
2020-05-07,0.01182708624969342,0.015350754880484763,0.016706158258133597
2020-05-08,0.01671931218318079,-0.006010293229887331,-0.013001370458193162
2020-05-11,0.00014889891306291148,-0.006233636774804485,-0.007805422004285245
2020-05-12,-0.020124852491378298,0.0038890673962401756,0.010264226123884113
2020-05-13,-0.017729170897644142,0.00962264814750724,0.006996411986417428
2020-05-14,0.012058191775192961,0.008850059782004704,0.009787552387671594
2020-05-15,0.004506554009732433,0.0056438144895878395,-0.002573080664568961
2020-05-18,0.030565758434274892,-0.007564144999551381,-0.021953987599630742
2020-05-19,-0.009444049214805905,0.00965020617044443,0.003741453126904437
2020-05-20,0.01631181561337991,0.0023742810342795018,0.002993797428626932
2020-05-21,-0.007181854240335461,-0.0145763375976391,0.002497633951362266
2020-05-22,0.0022511551168351573,0.005916836449104457,0.006015855091741518
2020-05-26,0.012852228430433321,-0.014214859559966153,-0.0134100924573064
2020-05-27,0.014579436253045808,0.0018024320171106112,-0.0018365607494303937
2020-05-28,-0.0019709021302924956,0.003350344766475555,-0.003680107466604743
2020-05-29,0.004488561662003843,0.0073584122707384125,0.007141664936839209
2020-06-01,0.004361119845700756,0.004603768848692402,-0.0067332562444176736
2020-06-02,0.008220993675691846,-0.0064768271714218395,-0.0036356119813599763
2020-06-03,0.01320264997209275,-0.01845018380928054,-0.013296884670930487
2020-06-04,-0.0025430555223887596,0.010526269495827023,-0.014479142345029783
2020-06-05,0.025568382211081486,-0.02027532426346157,-0.0071232192099311975
2020-06-08,0.012125043798671742,0.010822142733466267,0.0038435274977943745
2020-06-09,-0.007100363101963936,0.00964183116931494,0.01135823937119329
2020-06-10,-0.006236014208680141,0.014324773012967418,0.01482752669221421
2020-06-11,-0.057635950761659505,-0.007214084989501601,0.018900678624168332
2020-06-12,0.0120510814410697,0.0014163170663434865,-0.00964109662470014
2020-06-15,0.009118408029435754,-0.0017832572551969017,0.0005547235083556146
2020-06-16,0.019560939823648038,-0.0004928345355281749,-0.015333287531438367
2020-06-17,-0.004587999247922303,0.0019106166939522051,0.004127367374523239
2020-06-18,0.0009078903928689819,-0.001968455156468263,0.010587710992702837
2020-06-19,-0.005895643104816273,0.011032995719469696,0.0008014521852164336
2020-06-22,0.006632453546720152,0.006462217682632332,0.00012314014444037014
2020-06-23,0.0045315894794861755,0.008419646377624934,-0.006834406483380517
2020-06-24,-0.025575812270388965,-0.0034839130582626776,0.010724806860640923
2020-06-25,0.010577238848889614,-0.0006027175913517757,0.0028832871201049937
2020-06-26,-0.023435287070233568,0.004463149702982783,0.010703143454721564
2020-06-29,0.014593295215081348,0.0005404803669293301,-0.0031466819428814796
2020-06-30,0.013335423131136226,0.004440918278166173,-0.004856088155708038
2020-07-01,0.006844773639911317,-0.004481089931769877,-0.0019425758173221563
2020-07-02,0.0050461724664121466,0.0021606086958432247,0.0010406319956222099
2020-07-06,0.015515259079753818,0.005988741319838731,-0.004095739552786304
2020-07-07,-0.01036834625836447,0.006310260659329048,0.014055682809773096
2020-07-08,0.007424191020856563,0.006211565862881185,-0.00399473926463545
2020-07-09,-0.005096792202970879,-0.0027044004055614135,0.015922113408933347
2020-07-10,0.010038222591360224,-0.0025938951172596036,-0.005024542480504657
2020-07-13,-0.009047303682138907,0.0012411575864292868,0.00330677349363917
2020-07-14,0.013383878266096882,0.004663568910189042,0.0014379034362930199
2020-07-15,0.008872319597833078,0.0008813320073604025,-0.004667168503214136
2020-07-16,-0.0029089666153467864,-0.009451688651900159,0.004749368909717333
2020-07-17,0.002646188336708599,0.008238009985450212,-0.0020940966786632265
2020-07-20,0.008323437207392814,0.004820170160796611,0.002458210259109972
2020-07-21,0.0020803404976856843,0.012050997596656066,0.0005979879217732353
2020-07-22,0.005692992939588359,0.015202340363078104,0.002988927292451482
2020-07-23,-0.011953693640832985,0.008825301770064575,0.01168167488345584
2020-07-24,-0.006470166315657111,0.008578870839228259,-5.9540329031215755e-05
2020-07-27,0.007292451469964156,0.019753770786684832,-0.0037114591095529503
2020-07-28,-0.006195787697668709,0.00834113103275036,0.0069190282142230775
2020-07-29,0.01209635156338229,0.0075102306547618625,-0.0017036845548471513
2020-07-30,-0.0036489721933598007,-0.007400261112960993,0.0065885429654584104
2020-07-31,0.008366407497545802,0.00908793109962347,-0.0006422740286970985
2020-08-03,0.00629808365310125,0.0011325390830079218,-0.005035191892944879
2020-08-04,0.004205412979550793,0.021277725496816835,0.009531874114852679
2020-08-05,0.006232126959419437,0.009283241730161151,-0.008741898399989623
2020-08-06,0.006718257419077389,0.013274069532868138,0.005585380443634103
2020-08-07,0.0005205779324546356,-0.01588530528005727,-0.006665596296302256
2020-08-10,0.0031881794197992086,-0.003458957447482258,-0.004474130240662233
2020-08-11,-0.008075266894048583,-0.05369440853432972,-0.011885032523256789
2020-08-12,0.013699608897981497,-0.004668202325739945,-0.009095704170752783
2020-08-13,-0.0017095308139845056,0.023618065792215592,-0.010688887427336313
2020-08-14,0.0,-0.0043092158240957135,-0.003907335933483358
2020-08-17,0.0032310493678036067,0.02169391289315903,0.002512938340717419
2020-08-18,0.0020933217444734087,0.009008003623491856,0.00715189621606771
2020-08-19,-0.004242248804482429,-0.03156545548841261,-0.00625144561313018
2020-08-20,0.003162875359973949,0.006913929262821528,0.009038975705472962
2020-08-21,0.0035710001400790503,-0.008010905834894388,0.005992670998288263
2020-08-24,0.010162942543423759,-0.005658401286623649,-0.0016243053035348565
2020-08-25,0.0034909325057530527,0.0012154763574758753,-0.0076544558650247785
2020-08-26,0.010214831560523274,0.011808847672626355,-0.0038256437160983925
2020-08-27,0.002003524103203924,-0.011561927956646234,-0.017009051865044866
2020-08-28,0.006498407587215427,0.0173802350530341,-0.0007441333701673214
2020-08-31,-0.0035076680744282607,0.002386259791001155,0.006640675477138203
2020-09-01,0.009345503891205587,0.0011902895553947967,0.011437725009168842
2020-09-02,0.014566842161884308,-0.013131628719242117,0.009520155402768848
2020-09-03,-0.03461685560146832,-0.00810423703378893,0.0028418860485535102
2020-09-04,-0.00800369339962026,0.0027602959130217375,-0.018989005468707965
2020-09-08,-0.027475813733976562,-0.0019269219593246456,0.0061450825550406485
2020-09-09,0.01972738277710362,0.00970825655471863,-0.002687182636263441
2020-09-10,-0.017488289044596983,-0.0032231430104036063,0.005083018948162765
2020-09-11,0.0007499168325317829,-5.486005292487661e-05,0.00213198885775312
2020-09-14,0.012997558203940773,0.007892586821005798,-6.041221341812619e-05
2020-09-15,0.005145557441628812,-0.0023927480714920346,-0.00243179464535781
2020-09-16,-0.004031461253331647,0.0028345831622316187,-0.0029866183602450525
2020-09-17,-0.008737370521265553,-0.005489995652194879,0.0030564224389053596
2020-09-18,-0.011633733667109514,0.0013117087099276947,-0.003108794292551731
2020-09-21,-0.010851996801218289,-0.020087296599797022,0.005074743016540317
2020-09-22,0.010109444842143489,-0.004846314367596194,-0.0007906839056279757
2020-09-23,-0.02316696292897369,-0.021606497297661065,0.0013387500973958133
2020-09-24,0.002754514355386428,0.003718800733685912,0.003830553342321963
2020-09-25,0.016013462406750723,-0.0028499771605223767,0.0
2020-09-28,0.01674977303221281,0.01006056066236427,-0.0028463763259162222
2020-09-29,-0.005702661454148439,0.008432402483858015,0.001153825617306703
2020-09-30,0.0076976392973187036,-0.006004867330144381,-0.00958523371150044
2020-10-01,0.006338569254074278,0.008920516455577454,0.001649088233064866
2020-10-02,-0.009302477340743298,-0.0008953758525005462,-0.0037337896841509455
2020-10-05,0.017475116534611423,0.004872915921881216,-0.01953882961332498
2020-10-06,-0.01397077091558907,-0.011760774579356315,0.005389313434306153
2020-10-07,0.01715861439506794,-0.0004512229536247636,-0.007292753352507897
2020-10-08,0.008849379601666874,0.0035549310375408982,0.005400035566182959
2020-10-09,0.008899298406441769,0.018161347296547614,-0.00018759203157903137
2020-10-12,0.016134039224622976,-0.002871682500567352,0.0031855138871232924
2020-10-13,-0.006394383002250703,-0.015728823528417535,0.007160730658760883
2020-10-14,-0.006248849308060911,0.003094772946095059,0.0022871648315698767
2020-10-15,-0.0011890129607075028,0.003646120384284801,-0.0017266809304866682
2020-10-16,-0.0008460081538379516,-0.0034652086045857677,-0.002780441669436917
2020-10-19,-0.01511011260034023,0.0005047466985432791,-0.0037795926234552857
2020-10-20,0.0039468872259651455,0.0048209014703402,-0.009516675009392794
2020-10-21,-0.0018070716576524815,0.007531414803434444,-0.0034536141239366325
2020-10-22,0.0054949892872167005,-0.009800687777642758,-0.010396632470450529
2020-10-23,0.003411323174064229,-0.001062475196895396,0.006112655138097223
2020-10-26,-0.018416136174202458,-0.0005037860400700644,0.00930378218514516
2020-10-27,-0.0033036443336513788,0.0026323226696718383,0.006708568369042878
2020-10-28,-0.03443060293414246,-0.01614344386479838,0.0009344141478415668
2020-10-29,0.010531034050391241,-0.004144728133141373,-0.009707526200251615
2020-10-30,-0.011245937504607895,0.004561020978312902,-0.009865640444047696
2020-11-02,0.011640626156457001,0.009704919089013941,0.007490344190033138
2020-11-03,0.017638933325762274,0.005676996717700833,-0.005801609546261521
2020-11-04,0.022516391711691286,-0.0005588578456844351,0.021692268377598634
2020-11-05,0.019581219038528275,0.022983923404670703,0.0017382534877485867
2020-11-06,-0.00012433387969568166,0.0014213621387162423,-0.012084181848564413
2020-11-09,0.012462933242418428,-0.04427097823171633,-0.02101558039689677
2020-11-10,-0.0012888842300942116,0.0033127817282887495,-0.005766800189998533
2020-11-11,0.007038610146308244,-0.004326595410341194,0.003609387019510635
2020-11-12,-0.00924828716889492,0.006060679556170845,0.017017655364724105
2020-11-13,0.013585981372397304,0.006819714153532219,-0.0013262309299024722
2020-11-16,0.01212722101019481,-5.650127239831271e-05,-0.0024027615151696047
2020-11-17,-0.004984764134762343,-0.0036691725592956637,0.006528394626783562
2020-11-18,-0.01213260258099691,-0.005722348480656891,0.0028966030282087107
2020-11-19,0.004185477655343162,-0.0018804594035273237,0.005148349773953953
2020-11-20,-0.0066934989717463145,0.0030257979459697992,0.008869809606020906
2020-11-23,0.005911634380503239,-0.0196938167555728,-0.004581463854614665
2020-11-24,0.016198641482338294,-0.015328336846880064,-0.009952665313155196
2020-11-25,-0.0016482774909740705,-0.0004717367343725076,-0.003078446900033116
2020-11-27,0.002851499273705649,-0.010146901518740647,0.0097058081880117
2020-11-30,-0.004489100977464133,-0.006674981596057172,-0.0012483392096075407
2020-12-01,0.011002982266506534,0.0210595460814611,-0.014744713899476847
2020-12-02,0.002111213699203418,0.00752153069206285,-0.007936027345375685
2020-12-03,-0.0002969933501792976,0.007873502810363364,0.008063614305865885
2020-12-04,0.008607796277927626,-0.002835427586930339,-0.014665760511262449
2020-12-07,-0.0018540230262603652,0.014914066598165077,0.009021087126295901
2020-12-08,0.0028891215740445286,0.003487910186290799,0.004725466859124783
2020-12-09,-0.008877926658472202,-0.017094017094017144,-0.0033054456711323343
2020-12-10,-0.000474397096206447,-0.001913054093070632,0.008863674467686433
2020-12-11,-0.0012760448839918004,0.0018586706605219216,0.003539224445273881
2020-12-14,-0.004576130274654422,-0.005507636250083436,-0.002771459269150678
2020-12-15,0.013820865090039325,0.013990959829817351,-0.0033466459581391605
2020-12-16,0.0015305145795776465,0.005519095329445722,-0.0026618977928790644
2020-12-17,0.005438922824547721,0.010520363984510617,-0.0026458384491943043
2020-12-18,-0.004005897188880114,-0.0016974258370123785,-0.0029976022700840543
2020-12-21,-0.003082477143698914,-0.003173869592184575,0.003966308029844212
2020-12-22,-0.0019720659106950977,-0.007903112071065643,0.0051606036770750485
2020-12-23,0.0007999619270502301,0.00664787877129025,-0.0069092507806323145
2020-12-24,0.003996319562222128,0.003985267471422693,0.003957113330025797
2020-12-28,0.00869793135643504,-0.003629142996869339,0.00044540408815230137
2020-12-29,-0.002104510490397171,0.003642361648136694,-0.0012708644192326313
2020-12-30,0.0013472846475059974,0.007655178894261816,0.0021630899358797695
2020-12-31,0.005382466602017688,0.003714145601823482,0.001459850775480831
2021-01-04,-0.013558608569065989,0.022258360658879317,-0.0012039826463247083
2021-01-05,0.0065778316914537616,0.0029616260665272787,-0.007426640732810408
2021-01-06,0.0060655725186928855,-0.01624105266038789,-0.020527847854705072
2021-01-07,0.014941605530853552,-0.00233462025122122,-0.008814860136815983
2021-01-08,0.00562512069246246,-0.03420993723985433,-0.0032277697602989264
2021-01-11,-0.006534968255175522,-0.0019614419353504164,-0.0016519593543368183
2021-01-12,8.593865477113383e-05,0.006473960214956609,-0.0007941088990235379
2021-01-13,0.0024989230168563914,-0.004307374345463466,0.011262157405066864
2021-01-14,-0.0033807681704830506,-0.0005190998467168306,-0.009368136647968428
2021-01-15,-0.007129452707540174,-0.012407628760563338,0.003967517923462838
2021-01-19,0.00790449923145009,0.00847307255811236,0.0032279812487543413
2021-01-20,0.01358791312036467,0.016282289539807593,0.0009846601207821326
2021-01-21,0.0009355375634176877,-0.0006271772092728556,-0.007018543682948741
2021-01-22,-0.003568102497438219,-0.007873145210082533,0.0032366639023224675
2021-01-25,0.004063804181517083,0.0008626173693986328,0.011785924004743764
2021-01-26,-0.0014999510347720735,-0.0024705999829396363,-0.0018874392263000805
2021-01-27,-0.02426311864599473,-0.006335623059913753,0.0025428693622524534
2021-01-28,0.008395276131224039,0.0009273614616172043,-0.005528139957779565
2021-01-29,-0.020021245337081828,-0.0004053281700162614,-0.00601598027083694
2021-02-01,0.016432427233023628,0.009385291185094458,0.0011593418650617249
2021-02-02,0.014373778141092641,-0.012167796413785958,-0.006447376809978311
2021-02-03,0.0009979155780912574,-0.0015106298641213156,-0.008873099189657063
2021-02-04,0.011193584982771565,-0.021530474690833024,-0.002672609453636343
2021-02-05,0.004000030846656122,0.009872160109213546,-0.008373070456882847
2021-02-08,0.007378144431100964,0.010070118005137685,0.00439104126559875
2021-02-09,-0.0008074815971820248,0.0032649110578624185,0.0007393392159618095
2021-02-10,-0.0003901844522528064,0.0036611162023989507,0.0066540141086188775
2021-02-11,0.0016172670853498161,-0.008685078696598514,-0.005474485680699082
2021-02-12,0.005094191160218919,-0.0030372306060941767,-0.012420206556779778
2021-02-16,-0.0009416462538247572,-0.014353488272303538,-0.015225900233809986
2021-02-17,0.00022184796427970888,-0.011352850687983307,0.006350332566116945
2021-02-18,-0.00426848328322138,-6.0088418961767864e-05,-0.004046699442073809
2021-02-19,-0.0018371788850677362,0.004148551901348441,-0.013292275317629998
2021-02-22,-0.007864028318633531,0.014969164015496528,-0.00760756222049308
2021-02-23,0.0012649208601609452,-0.0023007456922117253,-0.0028836855562337504
2021-02-24,0.011060626348120106,-0.0007095264939214196,-0.006560397454395739
2021-02-25,-0.023989570229911994,-0.018816524708764826,-0.016330922756649602
2021-02-26,-0.005490386474975795,-0.024182906697045592,0.03305935868396692
2021-03-01,0.024400141947306775,-0.0017304170540851649,-0.013207746132880005
2021-03-02,-0.007734897414077402,0.005447934683729505,7.115449931238693e-05
2021-03-03,-0.013198276196560221,-0.011021541189334294,-0.010846061755109604
2021-03-04,-0.012319652690151894,-0.009836893780889033,-0.006449401610249761
2021-03-05,0.018334590344875057,0.0006288110395962221,0.0019480218250973458
2021-03-08,-0.004905221337263899,-0.010368190918767173,-0.007775550662771469
2021-03-09,0.013990258492803331,0.02127113294736649,0.013857676431712429
2021-03-10,0.006182309875363945,0.005098279923459348,0.0020039892010568217
2021-03-11,0.010556327573826296,-0.000866011298261804,-0.0072135745804039475
2021-03-12,0.0014094832277695701,-0.00018572795011984056,-0.021221390389578598
2021-03-15,0.005795125183879701,0.004396503999798185,0.005879899649460896
2021-03-16,-0.0011247972912187265,0.0009248406787658592,-0.004018377694387176
2021-03-17,0.00326873838984465,0.00714498527693741,-0.007483406609464116
2021-03-18,-0.01470267097152922,-0.005810023730399405,-0.010126211100869642
2021-03-19,-0.00177819313762273,0.004183119739068708,0.006197605688821772
2021-03-22,0.007905752427035173,-0.0014702614866924923,0.011205788211542389
2021-03-23,-0.007346777691442985,-0.007300628474884996,0.009027113390129626
2021-03-24,-0.005536891224178886,0.0034608341081703298,0.005382399247505054
2021-03-25,0.005623553159027628,-0.003633653726877295,-0.007885817462294886
2021-03-26,0.016313696065685113,0.0028434090575977233,-0.0034995280219806135
2021-03-29,-0.0006044584908855288,-0.011896005111092234,-0.008488716665928209
2021-03-30,-0.0025561813716893367,-0.017091823816998808,0.005240308790513959
2021-03-31,0.003968335206927298,0.015167857324082767,-0.005580218896590994
2021-04-01,0.010595858704319783,0.012628087827510459,0.01659712026768667
2021-04-05,0.014422844278279223,-0.0003704010382533651,-0.004363044361959667
2021-04-06,-0.0005620400805161907,0.00802867506459215,0.006792578287439399
2021-04-07,0.0012590049853848928,-0.002818323186048577,-0.006964503353235063
2021-04-08,0.004869794346394896,0.01075202788807239,0.008255198631199612
2021-04-09,0.007189469833162043,-0.00753747660190629,-0.0036228860550818753
2021-04-12,0.00044944199065599655,-0.006063609158189043,-0.0004362178189415422
2021-04-13,0.0027218459493909553,0.007086479573175097,0.007493662515889454
2021-04-14,-0.003215059176059576,-0.004344315528953313,-0.0031774271342022153
2021-04-15,0.010734165545899232,0.016162763416190717,0.01673451629635614
2021-04-16,0.0035050041640463103,0.006047777218550321,-0.007766343698424438
2021-04-19,-0.004926538042660078,-0.0027652942409929215,-0.0028721874606280062
2021-04-20,-0.0073348212209978225,0.0035565515706876827,0.004608631524509743
2021-04-21,0.00939455328251193,0.009911155680072392,0.002007387875689881
2021-04-22,-0.00917658404071664,-0.006483147356353358,0.004363699479055239
2021-04-23,0.010659998678243854,-0.003831414124593202,-0.002350143363900936
2021-04-26,0.002166733530563958,0.002644245538133694,-0.0014282832263265988
2021-04-27,-0.0003123749280072863,-0.002517371003141977,-0.008722932450270338
2021-04-28,-0.0004690514282855718,0.002944390689552989,0.0006487621443820313
2021-04-29,0.006674350745341284,-0.004133978948338446,-0.00295488402862798
2021-04-30,-0.006604050009559881,-0.0033690142851713345,0.002313378268180788
2021-05-03,0.0022679720459977126,0.012978352341882271,0.0005995283868629464
2021-05-04,-0.006086651398667042,-0.007329692780131181,0.0067860927763789824
2021-05-05,0.00018331603831245324,0.004142168530566259,0.0016492043868050477
2021-05-06,0.008137275881097361,0.01667957921247054,0.0016460960331403651
2021-05-07,0.007137838881198899,0.00899681760120985,-0.004930957183960083
2021-05-10,-0.009792852114176354,0.0030305045955998366,-0.010127230054537306
2021-05-11,-0.008770922025555294,0.000174300035968189,-0.0056594159548585266
2021-05-12,-0.02134623721207729,-0.009933813872024522,-0.01050770682218194
2021-05-13,0.011885356784695933,0.004107329913244362,0.001548529972643653
2021-05-14,0.015351332055827616,0.009115862292308208,0.009351520951749182
2021-05-17,-0.002402195527918205,0.011639321781340195,-0.002115917352684682
2021-05-18,-0.008638166744890707,0.001946172546249958,-0.002558543186710893
2021-05-19,-0.002640466362043292,0.000685616890880425,-0.0024187297873425884
2021-05-20,0.010668927528478367,0.004567270124640199,0.008228913635660584
2021-05-21,-0.0007596612064277863,0.0004545724551812125,0.003205740385962219
2021-05-24,0.010092744299825096,0.001761036294059215,0.0037047317682892267
2021-05-25,-0.0021022466075852897,0.009072814229376336,0.009263362959869292
2021-05-26,0.001820302917075134,-0.0017420486873281904,-0.0017209060731525616
2021-05-27,0.0004414068463030052,0.00039409662496781017,-0.004022676289196614
2021-05-28,0.0019461777539719893,0.003770176937892389,-0.001586340593388913
2021-06-01,-0.0007769419761310958,-0.0026909461441234628,-0.0002238930790274818
2021-06-02,0.0016847541759130724,0.004890446350902078,0.0023150493742578604
2021-06-03,-0.00380362727055239,-0.019578228541437537,-0.0037541235380782467
2021-06-04,0.009064510114345614,0.010783359066451448,0.013694838899122708
2021-06-07,-0.0008493634934788608,0.0040076283608136976,-0.003073367916912151
2021-06-08,0.0001547919453994684,-0.0030920774052216604,0.007026444521212483
2021-06-09,-0.0015713861420675324,-0.0019175027218333307,0.008828787516606651
2021-06-10,0.0046178693405087845,0.004294325821970535,0.005999061623072288
2021-06-11,0.001746415269527457,-0.011252390785353672,-0.001613428048793497
2021-06-14,0.002512256889747544,-0.005860923791407013,-0.007659830645600829
2021-06-15,-0.0020968041534322746,-0.0037777095572453234,-0.0012035600017518133
2021-06-16,-0.005483680478961639,-0.016891711518855712,-0.0008503402462042287
2021-06-17,-0.0003608699735770937,-0.030740427140865334,0.0149716336868857
2021-06-18,-0.013274066372534588,-0.005547261946798776,0.018805515606735934
2021-06-21,0.014001122040540714,0.012247646651096789,-0.016742433636146248
2021-06-22,0.005307076282352163,-0.0041928539145718036,0.002441646609699477
2021-06-23,-0.0010762796571773814,-0.0006616578066259704,-0.0025751112813902077
2021-06-24,0.005720428537182576,-0.0006019387497473438,0.001605206751509547
2021-06-25,0.003698613357447922,0.0033124733437563947,-0.010383699553771941
2021-06-28,0.0020839392834248738,-5.999463986816611e-05,0.010281391512509286
2021-06-29,0.0004402115082509095,-0.010505462725200698,0.0016727577675466065
2021-06-30,0.0009155303289418715,0.004853503869870712,0.00445296272457818
2021-07-01,0.005641327669918095,0.0034413575356286863,5.569294555174409e-05
2021-07-02,0.007606115056252083,0.006558341503640763,0.006034627438740614
2021-07-06,-0.0018811364601100111,0.004961455343207799,0.011721211622552463
2021-07-07,0.0034425197153700182,0.003806801143447114,0.008859143559335703
2021-07-08,-0.007962444866674412,-0.0006518168637834609,0.003917174319557404
2021-07-09,0.01055027404270259,0.003320562334123478,-0.014062212430527521
2021-07-12,0.003621701111310216,-0.001241101031467462,-0.001296661524643583
2021-07-13,-0.0033849265600561784,0.001301782371024407,-0.00765340889607935
2021-07-14,0.0013737844719163839,0.010755182911599048,0.011361765852278216
2021-07-15,-0.003217029006196137,0.00017547964957964624,0.011030495219948921
2021-07-16,-0.00778033964490199,-0.00970365108457183,-0.0018856792949218937
2021-07-19,-0.014951802669210146,0.0011805498135817327,0.021928563144506086
2021-07-20,0.014129287588988904,-0.001297100524211059,-0.009640118661515373
2021-07-21,0.008404669659631159,-0.0037192566567244567,-0.01266641603002383
2021-07-22,0.0021276234628762047,0.001955450591350383,0.009453164884168253
2021-07-23,0.009990602335785193,-0.0031344183025339145,-0.006688757880049079
2021-07-26,0.0025469259357340235,-0.0023730060647713103,-0.002963185962497894
2021-07-27,-0.0044398986306507515,0.0016650735799190741,0.010671073817935195
2021-07-28,-0.000544932766464723,0.005046252863966982,6.639700580590713e-05
2021-07-29,0.004313439128827534,0.011105233370970247,-0.0055455194415998665
2021-07-30,-0.004887368090466526,-0.007886842666167015,0.004703622377160155
2021-08-02,-0.0020340878111961835,-0.0012366429443513294,0.008919469710939376
2021-08-03,0.008078026906997993,-0.0007074766626713469,0.0005310151558257648
2021-08-04,-0.004783084041223407,0.0002359625041987723,0.002056198735573167
2021-08-05,0.006243048344364732,-0.0039520921003340925,-0.0050977356561110465
2021-08-06,0.0017233355620742685,-0.024991124040327772,-0.01670070403448609
2021-08-09,-0.0009584543377908483,-0.017735654639032372,-0.003586249898949956
2021-08-10,0.0012546649996900694,0.00030919522248562537,-0.004617966639148596
2021-08-11,0.0024080663501684363,0.01378497662510525,-0.000614444844140638
2021-08-12,0.002916832415551518,0.0002438615008097944,-0.0016384901479388203
2021-08-13,0.001979599040921265,0.014325811995228088,0.01579645888387482
2021-08-16,0.002390642374667573,0.004988291568599701,0.002423486304084843
2021-08-17,-0.006594658746518212,-0.0014950364679763295,-0.0004030908568749547
2021-08-18,-0.010753807289288986,0.0007786122169375354,0.003359241053461748
2021-08-19,0.0014113621344007399,-0.002932408589264246,0.007364769937656446
2021-08-20,0.007912788170566065,0.0005401616803368814,0.0006652243680111969
2021-08-23,0.008856623432609068,0.012177557387281546,-0.000664782138733
2021-08-24,0.0015804869763968998,-0.00047414113127741686,-0.007776517077090261
2021-08-25,0.0018454723333052314,-0.006937433805443538,-0.00830664369731171
2021-08-26,-0.005840680030764989,0.0011344784228162208,0.0027703862715102723
2021-08-27,0.008873341134716384,0.015029547921398434,0.006803183351343556
2021-08-30,0.004591060263266167,-0.0049356385559711224,0.002609442928838801
2021-08-31,-0.0017077322672285344,0.0020076547129428413,-0.006806822316968497
2021-09-01,0.0010601411474702171,5.8898619200498104e-05,0.0016750701823669
2021-09-02,0.002984205471653123,-0.0026517204262498373,0.0043655769065260586
2021-09-03,-0.00038384462963003685,0.01069422486613747,-0.009094511986566078
2021-09-07,-0.003696876712845798,-0.01958371853465668,-0.008435679753717507
2021-09-08,-0.0009635816189860202,-0.0025044029033459703,0.006805869956764132
2021-09-09,-0.0044862244711326715,0.004423489287242344,0.012100657775780732
2021-09-10,-0.007728241815661896,-0.005058656845151166,-0.008816722571032276
2021-09-13,0.002343992003857709,0.0033497597913456634,0.0060648350386087735
2021-09-14,-0.005188338391182601,0.006438546534438316,0.012122992820420286
2021-09-15,0.008349512974486828,-0.005864266379652205,-0.0035071624843950877
2021-09-16,-0.001724070728740812,-0.02264197706190263,-0.004582332457204075
2021-09-17,-0.009802835693117351,-0.0015850424237688898,-0.004804037866657729
2021-09-20,-0.016335695529461458,0.0071441542310690664,0.012402500316340603
2021-09-21,-0.0009740083905759311,0.006669036185550814,-0.0008608611021553303
2021-09-22,0.009649103556164551,-0.0037340107339023376,0.00596420955555832
2021-09-23,0.012082022501709533,-0.011546389089901132,-0.022596885357865082
2021-09-24,0.0016634066876690667,-0.00128427290155253,-0.009773538349194366
2021-09-27,-0.002832783905422409,0.00208203509820426,-0.0036753254380246236
2021-09-28,-0.019985145969293683,-0.009716428402719801,-0.015577088135012351
2021-09-29,0.0015743934254521808,-0.004504756024632184,0.0017350506313291714
2021-09-30,-0.01266714151452486,0.01797665363761114,-0.0001383366474649872
2021-10-01,0.011967590693463315,0.0022530453929923144,0.00841542453880506
2021-10-04,-0.012302186223609679,0.0046783175745395145,-0.0025459136185367326
2021-10-05,0.009715485480650932,-0.004656532835140448,-0.009656244443714379
2021-10-06,0.004447032595029654,0.0026733243283083574,0.005641671261072956
2021-10-07,0.008604214698909596,-0.005271739220885419,-0.010457838251371476
2021-10-08,-0.001884751383989025,0.00042636491147840516,-0.006999134125769468
2021-10-11,-0.007279774392460414,-0.0018875818465466931,-0.002537068965903888
2021-10-12,-0.0020023443355629,0.004514430828637339,0.01709937648962745
2021-10-13,0.003210031432154814,0.017794197805277356,0.009726709717149173
2021-10-14,0.016798516077890513,0.0024464685904206362,0.0037155689794892144
2021-10-15,0.007793271758946174,-0.015892846243722114,-0.005826875054597003
2021-10-18,0.0030491236188998627,-0.0024799108302698825,0.004689046840831601
2021-10-19,0.007782475965287583,0.003213671993580469,-0.013794758889896785
2021-10-20,0.003885339272010846,0.008763958748792211,-0.006750398144518166
2021-10-21,0.002452130435977029,-0.0008987052245035265,-0.0011908654885589565
2021-10-22,-0.0010072355120047671,0.006116967151190034,0.011012827268777059
2021-10-25,0.005184921661855357,0.006914158513320778,-0.0015262133336091388
2021-10-26,0.0009551746293141594,-0.00739951491266011,0.008269030198340799
2021-10-27,-0.004342092040822254,0.002624060476058121,0.018194253280523265
2021-10-28,0.009776636187456944,-0.00023788536339730548,-0.003383954948358081
2021-10-29,0.0017795892548697623,-0.008507900517562339,0.00305591900268265
2021-11-01,0.002108309356170901,0.005220584505493342,-0.007200515885778858
2021-11-02,0.0038765643021736462,-0.0021490007233168074,0.004438814349015274
2021-11-03,0.006027845582038838,-0.008315382622616663,-0.010333351539652869
2021-11-04,0.004681087940075157,0.011340951773961994,0.010510277921831124
2021-11-05,0.0034013721869896596,0.0130629437586407,0.01495599432050998
2021-11-08,0.0012073223196569227,0.003591619309376348,-0.0018752177878704757
2021-11-09,-0.0035016768630754536,0.0049281100201232775,0.013017533980409723
2021-11-10,-0.008051757127614967,0.010858781500706183,-0.018282537482391947
2021-11-11,0.00032830619892054713,0.005602086369596027,-0.0014847986388856205
2021-11-12,0.007434315131158442,0.0018952552280546708,-0.0043921903692278885
2021-11-15,0.0004657859400447606,-0.0015477459282561279,-0.012556741974297791
2021-11-16,0.0038161014272033444,-0.007233864736584827,-0.002543396071476467
2021-11-17,-0.002410802100871079,0.009137183945092442,0.00792502647941773
2021-11-18,0.0034620153220277228,-0.0032091550635745536,0.0037603637943737223
2021-11-19,-0.001875492292154557,-0.007646325240812324,0.010558222148021379
2021-11-22,-0.002644757585223867,-0.022420457120115533,-0.011728330701025969
2021-11-23,0.001302606968366371,-0.008652404091134991,-0.014459428560956278
2021-11-24,0.0024624115127751534,-0.0009565020521100642,0.01605586530198555
2021-11-26,-0.021759665043618925,-0.001615539860939763,0.025268968853491502
2021-11-29,0.012081255463617158,-0.0013785494630753625,-0.00803841728319421
2021-11-30,-0.019146266372210174,-0.006721853018899604,0.015201753608433899
2021-12-01,-0.011501768609828544,0.003987937535404162,0.006168738173231603
2021-12-02,0.015256539969713323,-0.005536820827328315,0.0012471217520315658
2021-12-03,-0.008845127354057847,0.008412002804647267,0.011932585469209167
2021-12-06,0.011947079141595651,-0.002460563224478851,-0.013734947204413261
2021-12-07,0.020553754362308663,0.003549490636251651,-0.008079922981645282
2021-12-08,0.0028106622982839724,0.0005395140531609943,-0.017284088054211777
2021-12-09,-0.006810274239809844,-0.006111378376110088,0.0055926057112767324
2021-12-10,0.009539158350500676,0.004219899491422874,-0.0024128401741595473
2021-12-13,-0.008871353121795211,0.00252130006200435,0.014779140036714322
2021-12-14,-0.006806625410701317,-0.009341302746070368,-0.002382490358458722
2021-12-15,0.01563065507291861,0.004291534360497673,-0.009622090672632422
2021-12-16,-0.009035320981718886,0.012097561477355745,0.0003887955205896798
2021-12-17,-0.010376581946216934,-0.002140821851282393,0.011331838874097055
2021-12-20,-0.010815675736227326,-0.0042312675861405635,-0.007491667818535053
2021-12-21,0.01774708918181611,-0.0004188884251822289,-0.003808501672934783
2021-12-22,0.01010117298052382,0.009400024100517657,0.0046274278935452
2021-12-23,0.006162866206026019,0.0022540179789249937,-0.00867730426571911
2021-12-27,0.014261387792595004,0.002367247994286892,0.0024246548653625855
2021-12-28,-0.0007521218435904142,-0.004310065233419702,-0.003963367879048607
2021-12-29,0.00120882650345977,-0.0002965076609273698,-0.010924690924024039
2021-12-30,-0.002824451816252571,0.0071772153754725565,0.008386350973743628
2021-12-31,-0.0027411208781098484,0.00683158799329231,0.001960493508437189
2022-01-03,0.006138683317668425,-0.015383743445999576,-0.026249682354843595
2022-01-04,-0.0004097161079161804,0.007366515057776857,-0.004158140121639953
2022-01-05,-0.019154151076204995,-0.00300766493835114,-0.0054279893158263315
2022-01-06,-0.0013468060776011814,-0.012244126909514819,0.002588983967005687
2022-01-07,-0.0034647092315166494,0.004551137683908024,-0.007188859457889274
2022-01-10,-0.0013065537260159577,0.0030402057039400354,0.0024607480666483106
2022-01-11,0.00876125054533139,0.0120646549718888,0.006661680154762317
2022-01-12,0.0029874748472640267,0.002642622730480104,-0.0038315285688762524
2022-01-13,-0.013785089975528964,-0.0033969884760131075,0.0088810200928513
2022-01-14,0.00030429850777191625,-0.0028796749096049457,-0.015109713350387799
2022-01-18,-0.017531551942954526,-0.001650255097062403,-0.01407467492219805
2022-01-19,-0.01050664000892243,0.015880526897095182,0.006923698649450527
2022-01-20,-0.011003107523703926,-0.0024988838330701757,0.006166878460916347
2022-01-21,-0.01964663709818637,-0.0032624385581478954,0.011906782429550455
2022-01-24,0.004171844107783151,0.005494198734739664,-0.008215406859340413
2022-01-25,-0.012142374261848055,0.0031971345443269072,-0.001614870439071825
2022-01-26,-0.0022528834146881005,-0.016166464916677392,-0.012093738075842908
2022-01-27,-0.005068210082417646,-0.012898211138547944,0.018362712792848956
2022-01-28,0.0245120753035315,-0.0029832934474428585,0.0003497195565644873
2022-01-31,0.018288578484969342,0.005924537392067553,-0.005170369993529489
2022-02-01,0.006526796811505253,0.0008328835308379912,-0.0033196401569094425
2022-02-02,0.009534240119531079,0.0036259919505645666,0.003387238055100772
2022-02-03,-0.023241878147014394,-0.0014214062993387344,-0.0078061717201320935
2022-02-04,0.004700477939367564,0.0015420788696549614,-0.01474205521868599
2022-02-07,-0.0032969038314460963,0.007402581993851909,0.0006472850267469354
2022-02-08,0.008099171932027804,0.003056870675416823,-0.006685563997016142
2022-02-09,0.014668621729420517,0.0033991784238243117,0.0018812006720743124
2022-02-10,-0.017571394425824005,-0.0037965605384254753,-0.01589256182634813
2022-02-11,-0.019942963638926114,0.019054878321533186,0.014828424847649568
2022-02-14,-0.0032597218643825032,0.005350715998122091,-0.012441253036538202
2022-02-15,0.01605465580746568,-0.009499848975192515,-0.011352835138463524
2022-02-16,0.0011949871779239896,0.010284254451501385,0.005926394647497446
2022-02-17,-0.0212621652845717,0.013668073780773726,0.007438650516175427
2022-02-18,-0.006395197942863695,-0.0007334549100845855,0.010527352769954978
2022-02-22,-0.010944451342658645,0.0020890378623359407,0.002604273327004414
2022-02-23,-0.01800355685410271,0.0045072272703239324,-0.013781661786929855
2022-02-24,0.01536831295345542,-0.006450131470019049,0.0006583855658062188
2022-02-25,0.021840081361331753,-0.003330678220184624,0.0007310875886705759
2022-02-28,-0.0025100289989402613,0.010365345791119474,0.021918785261876295
2022-03-01,-0.01499902166901812,0.018163415997793697,0.011561646726728325
2022-03-02,0.018363863930172863,-0.010406339832951472,-0.034182335362832994
2022-03-03,-0.0050172708829325785,0.005953415398956663,0.010184789125617932
2022-03-04,-0.008088367742294933,0.015929145881701023,0.017264328084605207
2022-03-07,-0.02952135897139674,0.014862865283030269,-0.007629666001412239
2022-03-08,-0.00754631660648597,0.027358997610294145,-0.010059495365750237
2022-03-09,0.02665246598194182,-0.029711176156992036,-0.009799306726239743
2022-03-10,-0.004453981172092947,0.0031212277978962533,-0.01436756324652233
2022-03-11,-0.012757274445953426,-0.007027884128157469,0.0033468247953609698
2022-03-14,-0.007302546413654576,-0.015073711931138378,-0.023349023918825873
2022-03-15,0.0219386147863303,-0.01870545038411886,-0.0017456115161964547
2022-03-16,0.022361271476613043,0.006260803404375848,0.009808106357226176
2022-03-17,0.012234541709104318,0.004888644573449508,-0.007453940147199245
2022-03-18,0.011050382564167238,-0.008789852082788041,0.012212652931357315
2022-03-21,4.881130968370506e-05,0.007640798069546317,-0.02315632911482368
2022-03-22,0.01161223902501507,-0.007250775291250955,-0.012811822139904616
2022-03-23,-0.012877604544630827,0.013659661796972422,0.021915060609927428
2022-03-24,0.014864262776214776,0.007260367097212672,-0.007832763133764575
2022-03-25,0.005072222531556703,-0.004095451209537915,-0.013872921444929354
2022-03-28,0.006897082636428076,-0.018203790082975457,0.008549368983503669
2022-03-29,0.012649427671125979,0.00044678784846130526,0.007552738028499206
2022-03-30,-0.006222325605848789,0.008038419372069505,0.0078014049658430284
2022-03-31,-0.015368239029063258,0.000387595883929448,0.0024287752456451095
2022-04-01,0.0027702070603263795,-0.006365867342034592,0.0038065593585969726
2022-04-04,0.008478935563064782,0.004846769455083555,-0.006949741561254386
2022-04-05,-0.01236133949352558,-0.006264842571455875,-0.02259216190665203
2022-04-06,-0.010128942675689201,0.002343216670796844,-0.008094182925417859
2022-04-07,0.005042989666144582,0.003784886240234764,-0.007532174736434416
2022-04-08,-0.002424038362085046,0.006265969312183373,-0.01083103504059002
2022-04-11,-0.017325512264907417,0.004959463770487282,-0.015824766696158177
2022-04-12,-0.003659527338578994,0.007676751619003053,-0.0013807148562735572
2022-04-13,0.011292342764809282,0.004788537865617837,0.002032977042268902
2022-04-14,-0.012148239861514032,-0.003303550666205468,-0.02004531964946621
2022-04-18,0.00017406834369415591,0.0030971927027434454,-0.00496904216452565
2022-04-19,0.015971474189255375,-0.015112904376299419,-0.007490597628801776
2022-04-20,-0.0007577403025254004,0.004894947496407287,0.02012610892454547
2022-04-21,-0.014827083337134561,-0.0035576001936850066,-0.007398529041863777
2022-04-22,-0.027294292298608025,-0.0097220932450649,-0.006294184802392189
2022-04-25,0.00546386927244491,-0.017970993150090764,0.010001182993810032
2022-04-26,-0.02859295290851427,0.001525017044941901,0.010066679594894934
2022-04-27,0.00258771542470293,-0.00755702425744631,-0.012825657621615139
2022-04-28,0.025056790663666506,0.005398323510093839,0.001489385821826117
2022-04-29,-0.03672986338967943,-0.00011297696546286318,-0.01297282151863266
2022-05-02,0.0062845879649677805,-0.018540493535693647,-0.017333854170127005
2022-05-03,0.00432997890143505,0.00264926246698316,0.00674190417938747
2022-05-04,0.030334544248205253,0.009822544372671826,0.005509439837112273
2022-05-05,-0.035122002477147585,-0.003811138551277793,-0.02739815856504957
2022-05-06,-0.006281439043821058,0.0016558743678838361,-0.014735171985513884
2022-05-09,-0.032266360359456514,-0.014479496708730832,0.00879708560650716
2022-05-10,0.0025687578470994232,-0.008445202872691127,0.009069513228316728
2022-05-11,-0.01611053710334176,0.008167128516088473,0.01927270817488469
2022-05-12,-0.0007756066062926115,-0.015333925720196762,-0.0018656236476805033
2022-05-13,0.023596418975738942,-0.00810956630229509,-0.014780581775237556
2022-05-16,-0.0035757798683409003,0.009538483763206873,-0.0010348170808859303
2022-05-17,0.020008541166173233,-0.006279296383541522,-0.01208363667530521
2022-05-18,-0.03960550474492297,0.0005314848929158789,0.02131743145330689
2022-05-19,-0.006688209977274928,0.014697234801531733,0.0023954429285952816
2022-05-20,0.00025137224334104147,0.0006980112537449124,0.01134985673904998
2022-05-23,0.01896554846959564,0.004650369455528214,-0.016454303973886586
2022-05-24,-0.00720919627349037,0.007521859850632806,0.019732538084435758
2022-05-25,0.008338491270657444,-0.006029994959596108,0.003954140034758913
2022-05-26,0.01987946870773727,-0.0018488983177334939,-0.004525005679173688
2022-05-27,0.025076461064878375,0.00052102106703944,0.0024408484930795726
2022-05-31,-0.005552662099204464,-0.009893009276743081,-0.02116218906495737
2022-06-01,-0.008375670258142787,0.006369033199590923,-0.001142668239245137
2022-06-02,0.01899089108938168,0.012309182073779512,0.000515925647319726
2022-06-03,-0.016186793328404003,-0.010152017266979896,-0.002149895569655502
2022-06-06,0.0027289428232875057,-0.0044037229040009285,-0.018443490336226942
2022-06-07,0.009776314484156723,0.006518420844169315,0.010799957199766341
2022-06-08,-0.010937536056599195,-0.0009251975242893229,-0.008860555138944015
2022-06-09,-0.023519178034367982,-0.0031832564859568535,0.003330447166327799
2022-06-10,-0.02934157794937664,0.013412283666592417,-0.006201840298490913
2022-06-13,-0.03854653059052526,-0.026412288230091452,-0.031378947389208434
2022-06-14,-0.0024963391700474347,-0.008003209616781914,-0.012613525398389891
2022-06-15,0.014318840896986762,0.013050939388113303,0.018656436587904945
2022-06-16,-0.03285311371221933,0.011243181594596585,0.007939142403649013
2022-06-17,0.0026106106799370643,-0.008222816311715064,0.00322257451213126
2022-06-21,0.024500596027601906,-0.0037367862070599722,-0.016952271536550878
2022-06-22,-0.002108245230695638,0.003985188163408093,0.027500310562628583
2022-06-23,0.010506345886969637,-0.006129257292171064,0.008214549294083051
2022-06-24,0.03113449564227011,-0.0009984622015154487,-0.01384221473546099
2022-06-27,-0.0037498937247911757,-0.0011170700540719114,-0.008528973952233732
2022-06-28,-0.021608695007563128,-0.0016480211262837052,0.00465976357568354
2022-06-29,0.0004922114263827826,-0.0007663579045243951,0.015607880712514177
2022-06-30,-0.007893765667840724,-0.006077047294322124,0.008782142028170847
2022-07-01,0.010263032445425146,-0.0008310541616338707,0.010266491439361758
2022-07-05,0.0017687782262993945,-0.02120964335120412,0.007857215374868609
2022-07-06,0.003617679914752703,-0.015842188833696924,-0.01679096335181518
2022-07-07,0.014673891525930793,0.000555053276362516,-0.008800305532191133
2022-07-08,-0.0005874635070812761,0.0004315313201161963,-0.011075873518065826
2022-07-11,-0.011307366715885725,-0.005360507452973451,0.017244835024377014
2022-07-12,-0.009228856931099094,-0.0037167247224720867,0.005941809252820285
2022-07-13,-0.004657180391792526,0.004787690503602615,0.011466484997574522
2022-07-14,-0.0026407387505817947,-0.014047055610919013,-0.008159152305947992
2022-07-15,0.018909773248152018,-0.0020084561635671516,0.0056283995092691885
2022-07-18,-0.008276746528970258,0.0009433945063559435,-0.010418664924417564
2022-07-19,0.027144802416738445,0.0023874693093759447,-0.00539462274905067
2022-07-20,0.006405831421633756,-0.009402031234323593,0.0026246896269794817
2022-07-21,0.010112308065316267,0.014110421925231709,0.01727606932934811
2022-07-22,-0.00911094494596898,0.00249575020790771,0.01681120010203907
2022-07-25,0.0009909867144843876,-0.0027385476219622396,-0.009785298726739278
2022-07-26,-0.011990453035031545,-0.0011858106875901608,0.0007670300693514154
2022-07-27,0.026193285475208716,0.010184984698782484,-0.005618031142182067
2022-07-28,0.012640167848872341,0.012185323455280006,0.007960706960837172
2022-07-29,0.014652396120868882,0.0028110896821249565,-0.0027174919003111198
2022-08-01,-0.003009552156918227,0.0056672312077465925,0.024083593441977857
2022-08-02,-0.0064609466415911365,-0.005938288400823777,-0.02115972772218333
2022-08-03,0.01561784894071172,0.002438243761313297,0.015744484527264957
2022-08-04,-0.0007870347381609966,0.016539989487255546,-0.0003351624491433336
2022-08-05,-0.0020748865541551087,-0.011246066300201418,-0.023803386680900096
2022-08-08,-0.0008950072075614157,0.008470017618367853,0.016141616435424666
2022-08-09,-0.0039509325999017575,0.0030595386607856767,-0.003886783400787186
2022-08-10,0.020944671970160256,-0.0025119508170524663,-0.006531626408922353
2022-08-11,0.0,-0.0026382206776995876,-0.023309307532543344
2022-08-12,0.017121407170565872,0.00919802099904432,0.0101405331504818
2022-08-15,0.00427860942808822,-0.012867030834262327,-0.0008652291842338178
2022-08-16,0.0017495975237877825,-0.001750096754401964,0.0041576581746443075
2022-08-17,-0.006834702617074417,-0.006468335614034371,-0.010437525977202267
2022-08-18,0.003084210028168055,-0.0026164156896926194,0.001481929497334944
2022-08-19,-0.013797707845804807,-0.007320625681104476,-0.016102314955189878
2022-08-22,-0.021075933896558485,-0.006637179344595956,-0.0033616206109700064
2022-08-23,-0.002368636700423643,0.0069908740848763085,-0.005503270166770102
2022-08-24,0.0030338908429705658,0.0029489200401788818,-0.0073189531576449696
2022-08-25,0.014571592249196463,0.003062787136294043,0.01393626829966843
2022-08-26,-0.03427253498388649,-0.012152705301765265,0.007537615633921302
2022-08-29,-0.006603927162629253,0.0006182375550920494,-0.008273292634149554
2022-08-30,-0.010863455108393705,-0.008340578885610683,0.0024849352538300895
2022-08-31,-0.007868122472373673,-0.007725314789180926,-0.009561059754067402
2022-09-01,0.003084214912320471,-0.008790162100319021,-0.01830795112512862
2022-09-02,-0.010486851147027632,0.008804709144487166,0.005656970036269193
2022-09-06,-0.003356899354474141,-0.0058394619355668365,-0.02476855169158121
2022-09-07,0.017926762730770873,0.010168638866495439,0.015815286575499465
2022-09-08,0.0065357434036146245,-0.006002292729855863,-0.010257567498616837
2022-09-09,0.015431983958821949,0.005283756568463582,0.0022213147008540712
2022-09-12,0.010996522721193669,0.005068186218703863,-0.008217475260469342
2022-09-13,-0.043613795017675816,-0.01301133993119441,0.0023270732180569187
2022-09-14,0.0037355182323419722,-0.003847613448870524,0.0034365370367435144
2022-09-15,-0.01116538232959674,-0.018679143196684067,-0.0006478083380392352
2022-09-16,-0.007861994759030266,0.005549107201315628,-0.008335781910658202
2022-09-19,0.007671313324267848,0.0007700871329356929,0.0023349308678395353
2022-09-20,-0.011266465437439477,-0.005706587274526553,-0.009970037857257252
2022-09-21,-0.017599782877267822,0.004642973675810236,0.016752928071080753
2022-09-22,-0.008440563952712199,-0.0005776772692025478,-0.02554853574253646
2022-09-23,-0.01661989697890942,-0.01727683040546535,0.004084941457772384
2022-09-26,-0.009686997791291896,-0.011633219026207842,-0.019110965056191365
2022-09-27,-0.002824301705852128,0.002049841746687875,-0.026330753453170153
2022-09-28,0.01964221620763973,0.02078665233491006,0.03348186214759585
2022-09-29,-0.020852973346990655,-0.00019392836526865853,-0.005175709608104095
2022-09-30,-0.015237934698312694,6.462244018679009e-05,-0.012910916731813327
2022-10-03,0.026439310583362463,0.024309785681440932,0.015889496011602278
2022-10-04,0.030357985818406874,0.014328122056449066,-0.002793057751864003
2022-10-05,-0.0017280617957786681,-0.005538266375543777,-0.009561197067072036
2022-10-06,-0.010530364711187845,-0.00112629171222689,-0.005558584413488332
2022-10-07,-0.028079353439196764,-0.010962851258976669,-0.009707630551571755
2022-10-10,-0.007470036090080234,-0.015201476317757034,-0.015546262428895008
2022-10-11,-0.006589398735099783,-0.002058091550185215,0.0044258073272664955
2022-10-12,-0.003103014566619766,0.00534932850905423,0.004906833794917409
2022-10-13,0.026186705445068403,-0.006923532232980256,-0.009566532882109069
2022-10-14,-0.022514860469597053,-0.012458897998479546,-0.008250327581129424
2022-10-17,0.025407007887972677,0.0028762090057179446,-0.004869779490503712
2022-10-18,0.011780245686594526,0.0021509701146735782,0.00234481139378806
2022-10-19,-0.006921454018267603,-0.013398358104674823,-0.018205697164688894
2022-10-20,-0.00820986102386756,-0.0015822103586343728,-0.01709322556901094
2022-10-21,0.024029900097511048,0.017827646105301076,-0.018022400057714938
2022-10-24,0.012183881053775547,-0.003243594030472474,-0.008264454904036045
2022-10-25,0.0162600522215397,0.002277944142005106,0.02911189842551054
2022-10-26,-0.007462884606611042,0.006363608620383543,0.01440775302001751
2022-10-27,-0.005354414400011609,-0.001548523944967184,0.01047068317740485
2022-10-28,0.023337094183521145,-0.010210687443231947,-0.006874076160283238
2022-10-31,-0.006799565826680842,-0.008161399648159207,-0.007127993783169639
2022-11-01,-0.0040286351097647,0.010203429757038585,0.009345732858134781
2022-11-02,-0.025514828578113935,-0.006972548399621914,-0.004340326985816101
2022-11-03,-0.010653000942731916,-0.003806036048150885,-0.005396992256685995
2022-11-04,0.014640458832664516,0.030696289684813083,-0.01680052140956856
2022-11-07,0.009600507515160617,-0.003962389674382338,-0.00997651214341344
2022-11-08,0.005441900376915498,0.023099074133724695,0.01093448838344635
2022-11-09,-0.02042495841229286,-0.0050172660211307285,0.003287358833879983
2022-11-10,0.05472972783461594,0.030444387121793204,0.03847384904072393
2022-11-11,0.009567464787146873,0.006606324071935177,-0.0036641237123851145
2022-11-14,-0.008029221562017574,0.002187655661719301,-0.0024517325931209255
2022-11-15,0.00825946299992486,0.0035168677995043307,0.01618010596021424
2022-11-16,-0.007590991869647512,-0.0022961020109516506,0.021868600419608253
2022-11-17,-0.002888951359927505,-0.007267423593311895,-0.01055260074979647
2022-11-18,0.0044148690554184356,-0.006893636502166456,-0.006877154538540098
2022-11-21,-0.0035164592515390947,-0.005589952950737276,0.004215221500342148
2022-11-22,0.013316330568980739,0.00117372396636517,0.01419144761669
2022-11-23,0.006258045718267491,0.006231840940288613,0.017442066760896324
2022-11-25,-0.00010831140519962368,0.000858470616118101,-0.003389896185667096
2022-11-28,-0.015819351085287425,-0.007903495498554403,0.002818206458744754
2022-11-29,-0.0017585551792621557,0.004940425418036076,-0.01172614160080443
2022-11-30,0.030772650556171177,0.012781920270785507,0.00735454059055507
2022-12-01,0.0001335793964254428,0.01838479961277617,0.03194576751619338
2022-12-02,-0.0014417094368363026,-0.0034556830535615868,0.012575742200178208
2022-12-05,-0.017807729439281106,-0.017158885635801036,-0.0140069021558491
2022-12-06,-0.014455149661288691,0.0027373742314797944,0.012880249955794065
2022-12-07,-0.00193367602246175,0.009039101712364994,0.02356243300001215
2022-12-08,0.007887600140935813,0.0008416965556858891,-0.002740571789709101
2022-12-09,-0.007304059654955397,0.003544160110315664,-0.026014439566185765
2022-12-12,0.01427318689228363,-0.008260534556326027,0.0031975476681267434
2022-12-13,0.007390596913403824,0.017081132038632596,0.009655613058380697
2022-12-14,-0.006036796941444433,-0.0024330212847030186,0.0042711525490450875
2022-12-15,-0.0245941817289006,-0.01635930934057528,0.003901920347390009
2022-12-16,-0.011923288641236485,0.008708721678036602,-0.01117030431635524
2022-12-19,-0.008619302582483779,-0.0028178306902848504,-0.016805495342123944
2022-12-20,0.0015239275596923285,0.016594482836064905,-0.017756856692883738
2022-12-21,0.014956949974676448,-0.0016560135809358112,0.0025134470228360684
2022-12-22,-0.014060284584696547,-0.012085358459954287,-0.0001930083040500019
2022-12-23,0.005601374388193969,0.002998321039039853,-0.014660368249347244
2022-12-27,-0.003978877404983039,0.008430011409881644,-0.019772972681767254
2022-12-28,-0.012269155086115369,-0.004505807286929064,-0.005891741427135888
2022-12-29,0.01773702708385816,0.005598251568726287,0.011351128037680791
2022-12-30,-0.002753137182336829,0.0046786689817972515,-0.011124327189878103
2023-01-03,-0.003842539132081879,0.008370656531798915,0.019083936561723913
2023-01-04,0.007200303952090259,0.0094119059589024,0.013700025500263946
2023-01-05,-0.010921705419109418,-0.012451461859522062,0.004180790182765515
2023-01-06,0.022744243621569682,0.01870749684189077,0.018396817884765104
2023-01-09,-0.0007291264668330966,0.0022451175785793698,0.005324318194513511
2023-01-10,0.007128222796718209,0.0036760446135073455,-0.0165501866152179
2023-01-11,0.012762276947909434,-0.000686793935011365,0.016251294726840282
2023-01-12,0.0037419740484512243,0.011568000967502767,0.01968213263278895
2023-01-13,0.003892296893696523,0.012001783992939385,-0.009372548198491648
2023-01-17,-0.0015291631319931387,-0.00654507834469964,-0.006463810345826548
2023-01-18,-0.016243946013812516,-0.0028717524486322477,0.024231757625025496
2023-01-19,-0.00720004774534444,0.015868520044824974,-0.006260064148267075
2023-01-20,0.01839629364942641,-0.003335405556458948,-0.01621120691881006
2023-01-23,0.012179949084093478,0.0018964337632443318,-0.004708121150718503
2023-01-24,-0.0010593764462782929,0.003618515163479552,0.014380449854391575
2023-01-25,0.00035349997163658387,0.004603959599926544,0.0024247541802500105
2023-01-26,0.01068283314774554,-0.009055266877154966,-0.004651804546987659
2023-01-27,0.002851075514905599,-0.0013929904624704337,-0.0025239045146088213
2023-01-30,-0.012497792538617492,-0.002566715270248765,-0.0036547630370089568
2023-01-31,0.014203755244280636,0.0036362115419990015,0.007994804841590764
2023-02-01,0.010952519262783511,0.012596814339808304,0.01202110293978631
2023-02-02,0.014329830696764967,-0.02075193653580043,0.0012940685533264773
2023-02-03,-0.010680556372522854,-0.024957770292002968,-0.014955683980390932
2023-02-06,-0.005780641194606195,0.0020754098721176284,-0.007403779608397887
2023-02-07,0.012902955621630685,0.000920425708082595,-0.008026158764380176
2023-02-08,-0.010956386797589146,0.002471594120761589,0.004759598603656157
2023-02-09,-0.008559901503897072,-0.007912418174625069,-0.009473435411241349
2023-02-10,0.0024325181891500236,0.0019071943211166342,-0.011189727275297878
2023-02-13,0.011545833016234575,-0.005076170279846859,0.008414963489972838
2023-02-14,-0.00036875286717585887,0.0007537389032514774,-0.002301726544626903
2023-02-15,0.0033490251739671795,-0.00996466725346834,-0.009325549597980376
2023-02-16,-0.013903545717827481,-0.0008192368783922488,-0.014167619387912334
2023-02-17,-0.002585329474726006,0.002986790669610162,0.0077760158543569435
2023-02-21,-0.019854565495843857,-0.003737004613899475,-0.019437277715628976
2023-02-22,-0.0012542271721364129,-0.005626488586046308,0.009164285747567336
2023-02-23,0.005022772224044347,-0.0005304511136865475,0.00977214928307224
2023-02-24,-0.010701707396051141,-0.00719467575637045,-0.013001213158987723
2023-02-27,0.003459444359527053,0.003920334893926292,0.0027731242427140312
2023-02-28,-0.0037756277881793032,0.00455596886271592,0.0045433974079369666
2023-03-01,-0.0036526772884616365,0.005772150633673867,-0.010743402570638327
2023-03-02,0.0074698996013955465,-0.0005855636445488699,-0.00886675431145334
2023-03-03,0.015841896538396627,0.010723085619275707,0.024225720869583522
2023-03-06,0.0012119135505688217,-0.005043830646819902,-0.007753678839140354
2023-03-07,-0.015468118250036578,-0.017480480627863337,0.006132809380709592
2023-03-08,0.0015576592255661659,-0.00047445044105887124,0.0009828709890082887
2023-03-09,-0.0183060882493169,0.009849316056938173,0.0024555429478776425
2023-03-10,-0.01433967813926873,0.021562856843419187,0.03448625637007541
2023-03-13,-0.00169172316794719,0.022948211912439564,0.002272734094613371
2023-03-14,0.01660649349733978,-0.005791064746217711,-0.01644158072771218
2023-03-15,-0.00616746345476793,0.007804133170404848,0.01931041447498294
2023-03-16,0.017107388632799703,0.002020092008242713,-0.007822984379173503
2023-03-17,-0.010938126673125215,0.02912021467748982,0.015009199947846996
2023-03-20,0.009030671957956038,0.0003808677357699519,-0.008797439150997843
2023-03-21,0.013080785483294832,-0.018875115806276432,-0.008592308336219934
2023-03-22,-0.016581491653242963,0.01702060989813825,0.013333372461999504
2023-03-23,0.0023772778929960214,0.012538176085624908,0.0
2023-03-24,0.006664590305392792,-0.011252350246951037,0.004229453762095714
2023-03-27,0.0016502963416518135,-0.009256722051406152,-0.023491093057363632
2023-03-28,-0.0017574800090477405,0.008189093257242153,0.0018211199968138914
2023-03-29,0.014222301307567076,-0.00496077000653139,-0.002009082562478892
2023-03-30,0.005967005117600843,0.009039576549164652,0.004601397205066693
2023-03-31,0.013966319177572961,-0.005212246135594234,0.014980909377297014
2023-04-03,0.0039621039135275815,0.007204410308019105,0.004702915781299
2023-04-04,-0.005641488134181083,0.018640958960437715,0.004971867302638655
2023-04-05,-0.0024241258620474326,-0.0007979247786651378,0.01045457455468779
2023-04-06,0.003818548783000919,-0.007134091065472581,0.0025869668756450803
2023-04-10,0.0010903266648862875,-0.007399886547073353,-0.01612494214592497
2023-04-11,0.0001330944293969072,0.006320556237305208,0.0020602995362353216
2023-04-12,-0.003985190559171903,0.004885138866613126,-0.0010277034275411046
2023-04-13,0.012963064797305357,0.013515672558895409,-0.00785865705569877
2023-04-14,-0.0020539213292501968,-0.017710313033589165,-0.009146696927661124
2023-04-17,0.0034039031927746155,-0.0044537552497120325,-0.011895805834855833
2023-04-18,0.0006836663487004291,0.003880780603893852,0.0035636743220328615
2023-04-19,-5.2418524572606096e-05,-0.004778520212877502,-0.0009597487056286491
2023-04-20,-0.005650276254243858,0.00393825919904689,0.008549446281483908
2023-04-21,0.0005815949698857459,-0.00988766926809792,-0.005619307828613751
2023-04-24,0.0013204951810636967,0.003039335460481629,0.00967381350348484
2023-04-25,-0.01580066905172617,0.005086318131183543,0.01470484710609643
2023-04-26,-0.004449365694012886,-0.0054373863086726315,-0.010658218209891213
2023-04-27,0.019841443117613267,5.410039265330013e-05,-0.00992267188909357
2023-04-28,0.008553379233768421,0.0002706525128974846,0.016130489621903887
2023-05-01,-0.000680665699561489,-0.004491351825477108,-0.0288343017301802
2023-05-02,-0.011210131692235392,0.019296640909943763,0.024919904190803033
2023-05-03,-0.006967097953560097,0.008479075840785555,0.005582013844276146
2023-05-04,-0.007308718714501894,0.00703295344911492,-0.009878649091914049
2023-05-05,0.018353107028494797,-0.015647950479605433,-0.003326042010008079
2023-05-08,0.0005542722687628121,0.0012269055761324754,-0.014014741546910403
2023-05-09,-0.004325164139088344,0.007086162362163639,-0.0035775199481167252
2023-05-10,0.004370538772316079,-0.001428442843921074,0.009704133662409076
2023-05-11,-0.0013977335590256157,-0.008582755587748347,0.010572022709741002
2023-05-12,-0.0013469270355336294,-0.0017100802429794726,-0.008369039468990591
2023-05-15,0.0034641292825519088,0.0021412620336231925,-0.010358007665616231
2023-05-16,-0.006614546813397237,-0.0124993937971285,-0.003004011715543875
2023-05-17,0.011937769074246374,-0.0034618889303412725,-0.002915999246989709
2023-05-18,0.009778545491270885,-0.012972911279784505,-0.007409177881495643
2023-05-19,-0.0015836420358473768,0.0098988291245512,-0.007071240196337758
2023-05-22,0.0005459524778570479,-0.002341497915543389,-0.0035605827589643146
2023-05-23,-0.011175194537988542,0.001200731149241463,0.002878817587498972
2023-05-24,-0.007490582439872551,-0.008068450017086337,-0.004949338297815742
2023-05-25,0.008712415362763348,-0.009618027091793824,-0.0024866295086715118
2023-05-26,0.012994854558245672,0.003995567330169925,0.008077189800420825
2023-05-30,0.000310909992671915,0.006190554546333882,0.009991413723606124
2023-05-31,-0.005440430783186123,0.0015382006614657051,0.008716679185453824
2023-06-01,0.00958590748917798,0.00789813034647624,0.003923651584978538
2023-06-02,0.014681208846890392,-0.014747450675273721,-0.010958146733350604
2023-06-05,-0.0019325804823226989,0.006020416015011243,-0.0018625684222356442
2023-06-06,0.0020637004747403598,0.0010980396887689814,0.005893348853949876
2023-06-07,-0.003279727400711918,-0.012010543410059138,-0.014843875974415388
2023-06-08,0.005994578226730107,0.013211240429905624,0.011697352323427612
2023-06-09,0.0016733506426684919,-0.0026845203333208945,-0.0013716578039060234
2023-06-12,0.0091895056543978,-0.0008788640365902101,0.002943463118636025
2023-06-13,0.00659699517200818,-0.007367558613950331,-0.00988074983618259
2023-06-14,0.0007723804930370726,0.0005539277015322863,0.0080029907848298
2023-06-15,0.012823903273922577,0.007030581691497284,0.009606056295826448
2023-06-16,-0.003687930105749526,-0.0015392159510752013,-0.0038833538355032005
2023-06-20,-0.004614317184219119,-0.010350739592973501,0.006920199846304875
2023-06-21,-0.005478657132989562,-0.0014464228474878604,0.0024198125780530155
2023-06-22,0.003639224834069532,-0.009916979914319946,-0.012070530983402827
2023-06-23,-0.007500720583912823,0.0027572461643308177,0.009969833046817866
2023-06-26,-0.004128999641968889,0.0017396047357047806,0.001064630026269997
2023-06-27,0.011081485998631235,-0.004593535884055422,-0.00261009655684985
2023-06-28,0.0004474387733492957,-0.002307409851291853,0.00426470016650482
2023-06-29,0.003830737660408312,-0.001071764681377263,-0.018048702008847783
2023-06-30,0.01185044005150826,0.006663323502016594,0.011794858187863966
2023-07-03,0.001915249134744057,0.0011218766110339118,-0.005668873331369451
2023-07-05,-0.002230108179420154,-0.00353003237800964,-0.009502528348701689
2023-07-06,-0.008154256709097862,-0.002980200124891419,-0.014143184740950554
2023-07-07,-0.0023276640454934494,0.007500997402107412,-0.00601904624050853
2023-07-10,0.002680518229847939,0.0007836956455820054,0.0013121908971307494
2023-07-11,0.00641140978101995,0.0037476125602418087,0.005140188023915249
2023-07-12,0.00787098701255906,0.013541420874312982,0.011131669816875522
2023-07-13,0.008151039586945963,0.0007146999149643118,0.010512605638902217
2023-07-14,-0.0007989171975109066,-0.0031866482531699436,-0.005888662178967441
2023-07-17,0.0034888107531436674,0.0007165567329587841,0.0004933132613185176
2023-07-18,0.007580714583632409,0.011456278139590825,0.004539769213997458
2023-07-19,0.0021564347999218914,0.00016335645500209495,0.01129603523995315
2023-07-20,-0.006527173511746254,-0.005063389149303599,-0.01214159384305713
2023-07-21,0.00012038472391173727,-0.0030645332195952113,0.000295223083189633
2023-07-24,0.004235031128994926,-0.00428147332668416,-0.0036371266639402267
2023-07-25,0.0029472816703677296,0.005567859975791123,-0.0018747569520732865
2023-07-26,0.00023894492960141456,0.0048791150253855164,0.000988485921697313
2023-07-27,-0.006783474813669699,-0.01571197400361901,-0.01945285866788904
2023-07-28,0.009739700143823082,0.007981390400291666,0.005135529546536066
2023-07-31,0.0019291053226948573,0.0026944104889450315,0.0024049369033596335
2023-08-01,-0.003090177548079942,-0.010364679607279714,-0.016386964136676063
2023-08-02,-0.013853731945586256,-0.004765602229612864,-0.010698914154591566
2023-08-03,-0.002829026260703693,-0.0003341470787491252,-0.023071228607067007
2023-08-04,-0.004898152190903726,0.003620414278603157,0.01771217495838573
2023-08-07,0.00901587163106532,-0.0022753962847783527,-0.00984159316848321
2023-08-08,-0.0043227072592645355,-0.006341080194621318,0.011613268962036516
2023-08-09,-0.006645779695859666,-0.00475820704444585,0.005171054388629637
2023-08-10,0.0005860529473495912,-0.0010686044760203073,-0.016462711751368375
2023-08-11,-0.000927283313168048,0.0,-0.0023012324869272627
2023-08-14,0.005642126076093046,-0.003040588549344525,-0.00220204134790436
2023-08-15,-0.011463933853226527,-0.002654474343068869,-0.006094772201155063
2023-08-16,-0.007395734454491376,-0.005776029417432049,-0.007824342994502964
2023-08-17,-0.0080940615081736,-0.0015378724223797935,-0.0042629278332798615
2023-08-18,0.0009231628326960006,0.00017112823031739666,0.0035322509689141857
2023-08-21,0.006606851614302078,0.002737670236275802,-0.013330572037618449
2023-08-22,-0.002798615338305055,0.0016495566176504273,0.007673900052882265
2023-08-23,0.010779747442178023,0.01016464068195777,0.024777714279110574
2023-08-24,-0.013294224628485063,-0.00022482031744353037,-0.006594368403926354
2023-08-25,0.0066245843084611344,-0.0012932863561120334,0.00326624820703314
2023-08-28,0.006580909473114183,0.0028713533365909427,0.001050377802034097
2023-08-29,0.01420632023041657,0.009768091768254772,0.010386015127034742
2023-08-30,0.004168184542526543,0.0025018747942815445,-0.001038309460064668
2023-08-31,-0.0012789918936411127,-0.0016637258183913595,0.00446912742919503
2023-09-01,0.0021266109305977388,0.0004999240959600026,-0.015578195273818651
2023-09-05,-0.0043645863493079196,-0.008161685723844458,-0.014022189089032633
2023-09-06,-0.006902396036656988,-0.004534245193468567,0.0024594404451094842
2023-09-07,-0.0029753021590485096,0.0010684498647577367,0.002773122692683483
2023-09-08,0.001369891090358788,0.0003370270596214642,0.00382957890112956
2023-09-11,0.006570668489345621,0.001853109993606994,-0.007205746899161425
2023-09-12,-0.005363021019594849,-0.005156651253074851,0.005763848905181224
2023-09-13,0.0011710359036882778,-0.0023100098564432514,-0.0002123648564293923
2023-09-14,0.008651213696897697,0.0005082241752882855,-0.007217984852870729
2023-09-15,-0.012466793381329055,0.006603816566220333,-0.006094362730682756
2023-09-18,0.001100890986322156,0.005887647601878543,0.00570147890670869
2023-09-19,-0.0020039671335427833,-0.0009476457412548323,-0.007380503595135757
2023-09-20,-0.00935435489235159,0.0007253927124595272,0.003124874269901934
2023-09-21,-0.01638853580792765,-0.007248413758109917,-0.02567368447109064
2023-09-22,-0.0024124072584391643,0.0032013033173832195,0.008048313952438768
2023-09-25,0.004156521698803983,-0.005150588926742139,-0.02460924638665718
2023-09-26,-0.01467600476008657,-0.007990985893820302,-0.0034760133321003472
2023-09-27,0.00022910414621946096,-0.012366647894697436,-0.005175962649706101
2023-09-28,0.005833748077097134,-0.004997187509914736,0.0030540869001336457
2023-09-29,-0.0023881616071553813,-0.01027534966921384,0.00011273012232870805
2023-10-02,-7.625047968551346e-05,-0.010498705650611395,-0.0167406850874664
2023-10-03,-0.013446392348538505,-0.0028882419805683623,-0.021511332375247605
2023-10-04,0.007356798396560338,-0.00011825651470720455,0.014107941529260426
2023-10-05,-0.0008455820928464641,-0.0018327868021307259,-0.004984873890018671
2023-10-06,0.01192593711090062,0.005153083621109555,-0.012117141930080066
2023-10-09,0.006665506797695064,0.01838544744893622,0.02346979617651468
2023-10-10,0.005161207222394326,-0.0016780958953311886,-0.0013825928043278424
2023-10-11,0.00423310502122165,0.007303045938392039,0.02088598683393017
2023-10-12,-0.006011098844957319,-0.0030496507265770356,-0.027127931166793684
2023-10-13,-0.005269343233527901,0.03214825984540237,0.017892418141238986
2023-10-16,0.010468727379898901,-0.004864928190345896,-0.016093778538323278
2023-10-17,2.4943769953988948e-05,0.001854273768354009,-0.01102105855377522
2023-10-18,-0.013380735838646296,0.014470816805260078,-0.008797658117723928
2023-10-19,-0.008476320098770418,0.012274016037125302,-0.020473453400275177
2023-10-20,-0.012452894069590936,0.0027308974274993236,0.005678428014315395
2023-10-23,-0.0017573315360203123,-0.0033770637265356784,0.012013426703894936
2023-10-24,0.007481070395481071,-0.0001093308866343401,0.013176391136573873
2023-10-25,-0.01410580617947843,0.004208823642007475,-0.022260937169276573
2023-10-26,-0.012274957734789038,0.0015784524505007003,0.015338563190159471
2023-10-27,-0.004432471161280871,0.011629799758343662,-0.004248539239773863
2023-10-30,0.012032074918460589,-0.00564054701797434,-0.004504431197983827
2023-10-31,0.006049383411190767,-0.005456562573315948,-0.004881274683461556
2023-11-01,0.011010611263948311,-0.003150642851826202,0.02168221012138849
2023-11-02,0.019001022664199008,0.0033240729584831374,0.022796620770717313
2023-11-03,0.009247660961653414,0.003638921283475316,0.006778458114098163
2023-11-06,0.0019276870383628797,-0.007792560392528847,-0.00969967225170143
2023-11-07,0.002823393780000849,-0.0041451308444239165,0.014749683202922137
2023-11-08,0.0008223531306301712,-0.00996764391222027,0.01703380824617784
2023-11-09,-0.007543326204991763,0.003982968433291267,-0.02300127263285867
2023-11-10,0.015602829341397007,-0.010909752197912126,0.005599955072106422
2023-11-13,-0.001012638930335874,0.005570720464602941,-0.002273105158866029
2023-11-14,0.019211250106811795,0.008919177105678688,0.02266794979638953
2023-11-15,0.0021833347677191473,-0.002635601473798599,-0.014034535119024638
2023-11-16,0.001404013439463947,0.011286077178189302,0.012426691078020857
2023-11-17,0.0014743484014441144,-0.00010890234740634774,0.0046866909730063355
2023-11-20,0.007530621147648464,-0.0016333808174913145,0.0061083579050995596
2023-11-21,-0.0026111768854186757,0.01079790063288577,-0.00044183898878058514
2023-11-22,0.004323382018309285,-0.004262252597287075,0.0035342785194332205
2023-11-24,0.0005500536328759686,0.005201596914642392,-0.01177526838491727
2023-11-27,-0.0017449349235559852,0.006737817869841178,0.01670385043690925
2023-11-28,0.0009817273935255333,0.013331852960406732,0.001971541222847595
2023-11-29,-0.0006458508902063009,0.0014794398574642376,0.012570891002951612
2023-11-30,0.0038775340146082193,-0.004167950375202456,-0.011551166153915382
2023-12-01,0.005865570688566857,0.017271494075951965,0.018833986219415122
2023-12-04,-0.005025179111714406,-0.02161342646325959,-0.003978763323086554
2023-12-05,-0.00030976059242615595,-0.0037794459254785195,0.02148554599714103
2023-12-06,-0.004170705653134266,0.0036868953454944897,0.013317902852166608
2023-12-07,0.00782569728983984,0.0016503277504122948,-0.005737046188532657
2023-12-08,0.00425048129599781,-0.01334039111485108,-0.008183131359040252
2023-12-11,0.0038778085458475164,-0.011042895165362276,-0.0021152923724069295
2023-12-12,0.00496976101876756,-0.0005446421195114404,0.002967832342070542
2023-12-13,0.01361722877722471,0.022562533466176538,0.02346233101761519
2023-12-14,0.0029365349472516566,0.005862552982469849,0.02601296861334057
2023-12-15,-0.0015217399228013573,-0.009166511771857233,0.0011109505167254952
2023-12-18,0.005657088517720066,0.004545487184575592,-0.007967853979196415
2023-12-19,0.0060843764474252104,0.00681394057869511,0.005388154094060793
2023-12-20,-0.014434270254098824,-0.005445982936102989,0.006775170626624805
2023-12-21,0.009742107966365987,0.007070635455129759,-0.006327868517346791
2023-12-22,0.0023256699243978662,0.004434417088942322,-0.004548837771344405
2023-12-26,0.00415817591210943,0.007620733251079592,0.002843576463404718
2023-12-27,0.0018302194628008195,0.004537842226414179,0.017719534746512666
2023-12-28,0.00015999995397764089,-0.005815437657636813,-0.007262879536439004
2023-12-29,-0.0026715358307691783,-0.001566841018672216,-0.009019831236393383
2024-01-02,-0.006387350823519156,-0.002353909884146743,-0.005764376370233859
2024-01-03,-0.007419144594162486,-0.008336809604204354,0.004170534474168486
2024-01-04,-0.003156910236603805,0.0010046128932528209,-0.015194782302132892
2024-01-05,0.0012806075582389997,0.00015845540955172766,-0.009565896728494283
2024-01-08,0.01430301753801122,-0.007816271130823282,0.009866095128922003
2024-01-09,-0.0024303892153418882,0.0003193567900841021,-0.006375952184931477
2024-01-10,0.006596516136204711,-0.00228804710551489,-0.004657325523538702
2024-01-11,-0.00034240458617940117,0.0019733072916665595,0.005614976804476424
2024-01-12,0.0004568876313930659,0.009794068475553752,-0.0019647200994491465
2024-01-16,-0.0034021577506662126,-0.009488181898979597,-0.01761301372988122
2024-01-17,-0.00556688445715503,-0.01101595063528893,-0.0015816420579347623
2024-01-18,0.008892515473397644,0.008232882099906247,-0.009295598981766462
2024-01-19,0.012239482179238648,0.00298872590696031,0.0031985698065841728
2024-01-22,0.002278399959992683,-0.003777957126316789,0.005951772358158136
2024-01-23,0.0029709776330084647,0.0038991332271092194,-0.007923858823299823
2024-01-24,0.0008302349390336694,-0.008246890539639895,-0.005857539247042909
2024-01-25,0.005627908733676357,0.003969986681303217,0.006534653283952752
2024-01-26,-0.0006018448242960384,-0.0006946931881827156,-0.0019155606172822637
2024-01-29,0.007272783730456256,0.0070584854445867595,0.011516151663493845
2024-01-30,-0.0007086151490899306,0.0013805262268788976,0.009065861701730737
2024-01-31,-0.01629093086696265,-0.0007423479101065222,0.009820593202100936
2024-02-01,0.013158411931557312,0.01040067256889099,0.01961596128401699
2024-02-02,0.010274506936834626,-0.009453300862028224,-0.022088721729358385
2024-02-05,-0.003654126741967856,-0.005513988032274764,-0.0201938584145247
2024-02-06,0.003115061501506311,0.005224693124019186,0.009774067340251547
2024-02-07,0.00821542452995061,-0.0002651978305409086,-0.004839684986439496
2024-02-08,0.000677171306042279,-0.0009018470501077624,-0.005814725212398675
2024-02-09,0.005676030430364465,-0.003876152075832917,-0.0020203679190591295
2024-02-12,-0.0004558642849165073,-0.0026119694947860372,0.0011719877489861918
2024-02-13,-0.014094607112168478,-0.013788690196348319,-0.017134861580850203
2024-02-14,0.009515985201487442,-0.0005961123453055439,0.005089540920492297
2024-02-15,0.006764363218002778,0.0067238125229136525,0.005171211434702672
2024-02-16,-0.0051150614115172965,0.0036625695484677756,-0.005787683528795884
2024-02-20,-0.005489847483123089,0.006064210073093879,0.0008621197431211147
2024-02-21,0.0010077776846566522,5.331256612173263e-05,-0.007108702544037282
2024-02-22,0.02100785874721045,0.00042672195902415666,0.004881808886160854
2024-02-23,0.0004500321866152124,0.005651511902278639,0.013386302376282133
2024-02-26,-0.0036634679822815652,-0.0022266895335479875,-0.0029830105242129035
2024-02-27,0.0018492687527409402,-0.0010626830578386315,-0.007051645245758853
2024-02-28,-0.0015452414652679103,0.00180849115899262,0.006348680472221702
2024-02-29,0.003697220887439956,0.005150266749304189,0.007057286518449946
2024-03-01,0.009637480063258153,0.018910791174389097,0.006231113227729956
2024-03-04,-0.0011879589522609812,0.016174996770490724,-0.004022606033126541
2024-03-05,-0.010023893768794756,0.006020141664404566,0.014241690337945867
2024-03-06,0.005298721960881769,0.008215401882095241,0.005868276749092516
2024-03-07,0.009901409908196657,0.005683843351386164,-0.0009374335265355249
2024-03-08,-0.0060643398095610035,0.008452547868211147,-0.0017729599420035491
2024-03-11,-0.0008290919772615535,0.00183502012710135,-0.000522092584714251
2024-03-12,0.010702050779182404,-0.01094062729637224,-0.00836113079922518
2024-03-13,-0.001515639746273556,0.00700740378557585,-0.004848305193275726
2024-03-14,-0.002192661716851396,-0.004175139558116325,-0.015356955833374486
2024-03-15,-0.006888192066156873,-0.00319440663913817,-0.0003225368339989654
2024-03-18,0.006255141209658754,0.0016022835845583838,-0.0030127473782113334
2024-03-19,0.005603180861777579,-0.0011498061737871268,0.0028057101648946148
2024-03-20,0.008725802434167207,0.011911859798154678,-0.0003227104384802004
2024-03-21,0.0033350241465988084,-0.0010386361790747367,0.002152951192424535
2024-03-22,-0.0013068751037709214,-0.00802096899240623,0.009560579898310495
2024-03-25,-0.0025876934555343345,0.0031944066391380588,-0.005000792025639966
2024-03-26,-0.0028036460665121776,0.003233961285236564,0.002780206485488712
2024-03-27,0.008728449475237321,0.007240660177973313,0.009918051994584065
2024-03-28,-0.000124833161328608,0.012900024807739996,-0.0008449540308936854
2024-04-01,-0.0013105200544502038,0.010208079384865787,-0.018640809341741726
2024-04-02,-0.0065406685466065095,0.014772360490971526,-0.005510618968242342
2024-04-03,0.0009015806784395952,0.008772374739768773,-0.00021743187104039663
2024-04-04,-0.012317824341779415,-0.005734705223284009,0.007172486558030267
2024-04-05,0.010626070141569688,0.017114197447370305,-0.013919058174281518
2024-04-08,0.0003988694636276602,0.00622848536623688,-0.00010935018191049473
2024-04-09,0.0012376156128550697,0.005497054993034878,0.009301991503117835
2024-04-10,-0.009680008654902483,-0.009463856185613961,-0.02179334148561185
2024-04-11,0.007214604157717908,0.019433247203493043,-0.0045445017508422
2024-04-12,-0.013632623985722403,-0.013239324939518515,0.005344543206863506
2024-04-15,-0.012692494036073976,0.01871915519396472,-0.01550547563547866
2024-04-16,-0.001790310333773082,0.0012220152803359419,-0.006637492543468015
2024-04-17,-0.006028776375303191,-0.007368252752093185,0.011098519925591077
2024-04-18,-0.002282675034200543,0.0034154561341945833,-0.005040087726287945
2024-04-19,-0.008367117415953307,0.003131535140574959,0.00360214584238272
2024-04-22,0.008679320551990388,-0.02470249054532203,-0.0016826057589728327
2024-04-23,0.012613038398439524,-0.002458663172418052,0.0003371454334826218
2024-04-24,-0.0007313672198119292,-0.0018600907225296837,-0.007076050755867258
2024-04-25,-0.004133549671758829,0.005963468053189924,-0.00701371674103457
2024-04-26,0.01000912721227687,0.003241927353549112,0.005240639296632432
2024-04-29,0.003488737067641523,-0.002031218037689575,0.008385957921061005
2024-04-30,-0.01580484558655415,-0.019937078844561418,-0.008541318111203622
2024-05-01,-0.003250816819679536,0.00906215232545482,0.007370938968402685
2024-05-02,0.009327485268368685,-0.0030870874411647042,0.004290751417544092
2024-05-03,0.012407926218996668,-0.0007976266365629092,0.010119632491264241
2024-05-06,0.01008568420300393,0.010518361024399514,0.0038957570526578778
2024-05-07,0.0014321590995196587,-0.004600326433150892,0.0060981737761964805
2024-05-08,4.219025387963704e-05,-0.002941061869504713,-0.006061211455446913
2024-05-09,0.005742188018381,0.015778607960932778,0.004878426731240726
2024-05-10,0.0012339422409735068,0.008112513438038427,-0.0056269913815131245
2024-05-13,6.267994668540666e-05,-0.011202103844459854,0.002552079914226457
2024-05-14,0.00474141454921484,0.008462045119477013,0.005644428556603298
2024-05-15,0.012181896625750532,0.012838750510223873,0.01364765166874915
2024-05-16,-0.0019100627279839966,-0.0038933433506626036,-0.000977370115657905
2024-05-17,0.0014814860745024916,0.0164977725898805,-0.006738490700992861
2024-05-20,0.0009863683303403814,0.004023937591649318,-0.0029541516404175683
2024-05-21,0.0026889968195935587,-0.001469548604570936,0.005157806387388497
2024-05-22,-0.00290700793894616,-0.01837396956557802,0.0012011028584497652
2024-05-23,-0.0074323556647278854,-0.019944570339717638,-0.006433998207731717
2024-05-24,0.006805492648143563,0.0009271136061119734,0.002963507901143858
2024-05-28,0.0008012051094754558,0.010513172896031486,-0.014335804323100776
2024-05-29,-0.007041403589713724,-0.009303812074716977,-0.01210175159865301
2024-05-30,-0.006719040734431858,0.0018967600627461945,0.009665315314503653
2024-05-31,0.008700236831359787,-0.00586417430627717,0.0067896513827725435
2024-06-03,0.0010936940757741986,0.008917780500373507,0.016174466160227663
2024-06-04,0.00121600869134042,-0.008977059834655465,0.011681238755988144
2024-06-05,0.011961215886244103,0.011845603201319,0.007337891625669446
2024-06-06,-0.00022381578779329114,0.007391356612921562,-0.001500063429915044
2024-06-07,-0.0013023182734287486,-0.03568330143379639,-0.018345430042640443
2024-06-10,0.0032804425342176646,0.009168181127878317,-0.006666570456021037
2024-06-11,0.0022744717021387917,0.0028566106093961263,0.01034175915676494
2024-06-12,0.00832777893671044,0.0026617200115086614,0.00751419266598452
2024-06-13,0.001888897719345417,-0.008150148984962247,0.014699577643275008
2024-06-14,0.000802308361527615,0.012959545903254766,0.008415160961264823
2024-06-17,0.007936195906236065,-0.005191652247571676,-0.00992936357206553
2024-06-18,0.0026642206937594892,0.004007271832187298,0.00917539449772442
2024-06-20,-0.0027761523403715405,0.012484347826456466,-0.006660504637304943
2024-06-21,-0.002187357220076458,-0.015493238109986152,0.0
2024-06-24,-0.0026904596463581676,0.003957566385821121,0.004044438878638923
2024-06-25,0.004156530101474543,-0.004962237629221655,0.0016957053987354254
2024-06-26,0.001114284668469967,-0.009228168111804491,-0.014285407861500121
2024-06-27,0.0015504879107801628,0.011336925587312363,0.003971887893240655
2024-06-28,-0.0038560152673210446,9.297647872519299e-05,-0.01860541456910758
2024-07-01,0.002299288200009908,0.002604589701363791,-0.017259031176114825
2024-07-02,0.00648346171307157,-4.643394389247657e-05,0.007785438572246228
2024-07-03,0.004519106938125184,0.011273000380832565,0.013133184471761705
2024-07-05,0.005978558405563161,0.013486798057397165,0.00827907487343249
2024-07-08,0.0009610680922815806,-0.012402074526820739,0.0021607905332101662
2024-07-09,0.0010973702339014402,0.0016957473442755777,-0.004420453884001474
2024-07-10,0.009630293767335152,0.0036603361122538036,0.0031404764950422326
2024-07-11,-0.008569026639682287,0.017733403441032136,0.009715116936261481
2024-07-12,0.006179139889170626,-0.0006270969301161999,0.004276215426104901
2024-07-15,0.003031693368058974,0.0032271131671974818,-0.011496682102973055
2024-07-16,0.005676962782489969,0.019925798233449088,0.014107071304245489
2024-07-17,-0.013967909013168245,-0.004643206403117217,0.00021260744332596282
2024-07-18,-0.007522661396389241,-0.006381186355259194,-0.007643873845550209
2024-07-19,-0.006674069847620645,-0.017937829186174925,-0.0058845679618085844
2024-07-22,0.010385655872864774,0.00031573231212611574,-0.0029055629774144
2024-07-23,-0.001667278564546515,0.003516676143213937,-0.0014033530618398071
2024-07-24,-0.02289083331136288,-0.0035043524704835294,-0.01080844442060147
2024-07-25,-0.005047434284325192,-0.01564473026582147,0.008194838810743343
2024-07-26,0.011217063104798308,0.010534525866662925,0.007803205513973177
2024-07-29,0.0007396591191679569,-0.0014050562105476505,0.005376952917558464
2024-07-30,-0.005232693606290195,0.009985461488319247,0.003850464309354429
2024-07-31,0.015760498694380454,0.018110725786084414,0.010229413624454065
2024-08-01,-0.013638255093179508,-0.003442943141866439,0.008624811587589765
2024-08-02,-0.018275341466710504,-0.0019046282784819235,0.031161237881972115
2024-08-05,-0.03002595922102036,-0.012691935106198704,0.005291101112746777
2024-08-06,0.009974656923298797,-0.008000713832612472,-0.02236835884371502
2024-08-07,-0.006938314005207058,-0.0006796279952806517,-0.007039959719751243
2024-08-08,0.023331389094658483,0.015688013635013043,-0.006151525923447698
2024-08-09,0.0042852529275902995,0.0024552612171107047,0.009861458301828607
2024-08-12,0.0005103912478086059,0.017144665770273848,0.003635740188939973
2024-08-13,0.01660979257272932,-0.001532358906807807,0.006935228558254236
2024-08-14,0.0031914561687371723,-0.008155751250824572,0.006270536287661166
2024-08-15,0.017166809087703294,0.0031388449312386157,-0.00807036560486507
2024-08-16,0.0021048442795448263,0.02238773852658915,0.0035017073082155292
2024-08-19,0.009618221742364153,-0.0016380226467286318,0.0046181476023468004
2024-08-20,-0.0016526187686338734,0.0036699887797402297,0.007968099942405216
2024-08-21,0.003505316722898888,-0.0013336178629832496,0.000607981246501188
2024-08-22,-0.00809235419022103,-0.011975011209935604,-0.009925596115956226
2024-08-23,0.010819088013125588,0.011553425520716143,0.006546936839690876
2024-08-26,-0.0024581288726653883,0.0031893380775307456,-0.0025409315208848593
2024-08-27,0.0013388714458264506,0.002706671669018279,-0.0017319590508036997
2024-08-28,-0.005716079987059475,-0.007026862307456638,-0.0012250767922622474
2024-08-29,0.00015592043863987826,0.005177980359189593,-0.003270252267331686
2024-08-30,0.009411299519799687,-0.0071260085162319076,-0.010663491069618614
2024-09-03,-0.020230112266747424,-0.0043235765879541255,0.01635535041989522
2024-09-04,-0.0024824192779292487,0.000607926500195255,0.012890188339150344
2024-09-05,-0.002468952151403414,0.008332306942507639,0.005655840522660549
2024-09-06,-0.01665177475502666,-0.007402630408956501,-0.00010046499146376675
2024-09-09,0.011255537647437475,0.004205876079289794,0.004319090132426373
2024-09-10,0.004121612928096319,0.004404097525005923,0.007000760276751672
2024-09-11,0.010232029198644854,-0.001590555949419148,-0.0007945317027662213
2024-09-12,0.00859737296285279,0.017567284525531468,-0.0046717200044340546
2024-09-13,0.005312900713649871,0.009943683944142245,0.0026962002174859556
2024-09-16,0.0015100099692506586,-8.374817448153493e-05,0.009162306053572378
2024-09-17,0.00046388537768971005,-0.0055309113549146804,-0.00483547371975479
2024-09-18,-0.003245752443575056,-0.007710465405288858,-0.012395752533949866
2024-09-19,0.017444952722649676,0.01554075728197235,-0.003313591453911413
2024-09-20,-0.001962528200617375,0.012710660066880486,-0.0038283337647827542
2024-09-23,0.002462521563332931,0.0019404068737312041,-0.0021241500283197823
2024-09-24,0.002875393728830611,0.01396907347432852,-0.00020234071999358783
2024-09-25,-0.002031590429469099,-0.001381767735031958,-0.008312086213071668
2024-09-26,0.003976241569826344,0.005086884066794806,0.0023506854959896017
2024-09-27,-0.0012944804279182431,-0.007935830791900744,0.005201085183876408
2024-09-30,0.004358628954158172,-0.007999374253898295,-0.004768152513280666
2024-10-01,-0.009343012175685561,0.010491249392624136,0.007219692772708175
2024-10-02,0.00017238168621735994,0.00020358719772617384,-0.008426819010907693
2024-10-03,-0.0018936055150723385,-0.0006920058878576718,-0.009420563188393127
2024-10-04,0.009217471525896359,-0.001996030315693287,-0.012301048979945994
2024-10-07,-0.00900043018198482,-0.0033877625757333663,-0.007535336088953515
2024-10-08,0.0094653620180154,-0.007371925565205384,0.0016872524540103573
2024-10-09,0.006832953185606394,-0.005446185963701722,-0.0056849725977398124
2024-10-10,-0.0016777178241089707,0.007342892553628744,-0.00391725007005761
2024-10-11,0.005948355420389184,0.010913408354139564,-0.004039081577975723
2024-10-14,0.008184429741385335,-0.001629502157067031,0.0007469421888011141
2024-10-15,-0.007615338661724924,0.003468359323146597,0.012157659110975327
2024-10-16,0.004202757790692679,0.005001609209081437,0.004214224968723146
2024-10-17,0.0001494869498359641,0.00598831083503093,-0.015842861117494222
2024-10-18,0.0038484515093943905,0.010618185005034864,0.0007464999076389756
2024-10-21,-0.0015446198430615343,-0.00019900127714245208,-0.017471111510881432
2024-10-22,-0.0006897035076898206,0.01078732362833379,0.0009756992466258829
2024-10-23,-0.009120395619186095,-0.012050555849465017,-0.0027079635910554067
2024-10-24,0.002258623547247929,0.007693259346016168,0.006408208422188366
2024-10-25,-0.0003945616313700828,0.0020569789010425055,-0.005611989447302235
2024-10-28,0.0031190756513510554,3.945407605776552e-05,-0.0027134340123015077
2024-10-29,0.0015919469674927633,0.010894858433216914,0.0015237621973256399
2024-10-30,-0.0030106794109199253,0.005505891218995584,0.002933729910107097
2024-10-31,-0.019675121393787243,-0.015495166963743978,0.0016248425326639282
2024-11-01,0.004343227675866368,-0.0041023758773532926,-0.014098039513269711
2024-11-04,-0.0021716967365270623,0.0014259144001700363,0.015521847734395466
2024-11-05,0.012027295236024749,0.002254447895034817,0.005311571121980441
2024-11-06,0.02490099210819019,-0.030386729020158154,-0.027388175589317942
2024-11-07,0.007785811669029918,0.016076503855530166,0.01252761643853706
2024-11-08,0.004420000250566991,-0.006769426092267161,0.012701128072101442
2024-11-11,0.0008181294306839337,-0.02347155656813127,-0.004865326781340884
2024-11-12,-0.0029979221883971174,-0.008631355179477884,-0.014993498442215203
2024-11-13,0.0005103610335543962,-0.010081225320474285,-0.009485969690896212
2024-11-14,-0.006356892845005735,-0.0026091417886487944,0.005790685938054763
2024-11-15,-0.0129044028258688,-0.0017720694429753658,-0.002657110206678137
2024-11-18,0.004141147827512848,0.019020246289590537,0.0017758505996445795
2024-11-19,0.0036432739898653033,0.008959325127211537,0.005097769134583263
2024-11-20,0.0003683940432774868,0.005632045702723465,-0.003197177623624703
2024-11-21,0.005047069531684656,0.008339500390982302,-0.0007743561362804074
2024-11-22,0.0033536831713425475,0.012892210445830665,0.0005534878250996744
2024-11-25,0.003214898246716391,-0.029458856541118794,0.025887582834214218
2024-11-26,0.005607815562250318,0.0019383092584315254,-0.0038820806188913926
2024-11-27,-0.0031867252299688786,0.002222714763140843,0.006928641894997423
2024-11-29,0.005267702378553452,0.008624546377060671,0.0103212268113122
2024-12-02,0.0028186969205601375,-0.008754403389975018,0.002403067219313826
2024-12-03,0.00023404391823445003,0.002012776164397767,-0.008629195977838067
2024-12-04,0.006304788903140235,0.003033679807253664,0.010745900686456089
2024-12-05,-0.0016647228341970521,-0.007397709454119217,0.0020198880203046166
2024-12-06,0.001990420799399706,0.0003705687954560499,0.001485550137798386
2024-12-09,-0.005207487086458684,0.009919751769426055,-0.009217190501445427
2024-12-10,-0.002842120412977933,0.01316431251835759,-0.004704900437584536
2024-12-11,0.007576552724196439,0.009533812345188464,-0.009454370920193078
2024-12-12,-0.005156376095798332,-0.014663722649505995,-0.012147302306176444
2024-12-13,-7.205143799293712e-05,-0.012091578404740733,-0.010210697947702574
2024-12-16,0.003923494715117659,0.002415209844427002,0.002994726186662966
2024-12-17,-0.004194813952885124,-0.0038386247250202787,0.002433239795590403
2024-12-18,-0.029363670197746883,-0.01918507783771317,-0.012504288225522076
2024-12-19,-0.00037094227666256696,0.0014210967336203417,-0.015141515439446529
2024-12-20,0.01131822701320706,0.010434056495473909,0.0056940279401362925
2024-12-23,0.0071583365931902065,-0.004708795377563968,-0.00917166750175391
2024-12-24,0.010288974185717947,0.001992014086009908,0.0042281988250372216
2024-12-26,-1.821597057105606e-05,0.006751179863859091,-0.0005689017513406114
2024-12-27,-0.010365188511180512,-0.0068705038771271765,-0.00819877514551215
2024-12-30,-0.011131975010890915,-0.0031896811646235923,0.008036827403843372
2024-12-31,-0.004029538381212339,0.006233636577161361,-0.005352931529645111
2025-01-02,-0.002505447389700377,0.013587714119632333,0.0027482904542335262
2025-01-03,0.012912614981200887,-0.007864039973028869,-0.0031977386588707413
2025-01-06,0.005822782121758019,-0.0012320959587239777,-0.004467784152201282
2025-01-07,-0.011249613456306817,0.005633435188264313,-0.011277339118493934
2025-01-08,0.0013483754968575123,0.005315681488123669,0.0012804480440089527
2025-01-10,-0.015217479043704074,0.009558310004399662,-0.006625774134399243
2025-01-13,0.0012923860415321453,-0.009951255605703757,-0.0003508131849627727
2025-01-14,0.0012719967115761843,0.005249423200524461,-0.0016393051730509978
2025-01-15,0.018290161987196463,0.007488993695735191,0.017235767064874175
2025-01-16,-0.0014861494769167205,0.006910965874952435,0.0032273093097965333
2025-01-17,0.00959148471331428,-0.005307269747253374,0.0017232629073911099
2025-01-21,0.00909998843792259,0.01548521901629396,0.00894581535840877
2025-01-22,0.005680921925553584,0.005135652699768123,-0.005228955164151117
2025-01-23,0.005541700653631132,-0.0014148699521492336,-0.007770337780905634
2025-01-24,-0.003014169969119962,0.006218705580030903,0.004491641056183715
2025-01-27,-0.013917575182305408,-0.0104048052682425,0.011808724893522582
2025-01-28,0.008381189517254528,0.008656417783572623,-0.0006797239816169753
2025-01-29,-0.0043896038452982955,-0.0038404097330004827,-0.0020409315134429784
2025-01-30,0.005222186091206282,0.01514551884715587,0.0037494688446904068
2025-01-31,-0.005338755298333053,0.0019763991077348386,-0.006565674504180663
2025-02-03,-0.006560243392713994,0.005337271410283728,0.008142329217555533
2025-02-04,0.006639863857743178,0.00984841707528572,0.0030626451063779925
2025-02-05,0.0041021948320680846,0.006209542410714253,0.01650994497888214
2025-02-06,0.003599774767946151,-0.0026502562908058414,-0.00044496942804173045
2025-02-07,-0.009719845453654674,0.0017841598670260694,-0.006455156683114915
2025-02-10,0.007153180662952563,0.016938239196991,-0.0030245641662539624
2025-02-11,0.0008988623389309947,-0.0036516022155236305,-0.00640424526787986
2025-02-12,-0.0033054502966920474,0.0010471549570203464,-0.013570123348855101
2025-02-13,0.010562213714329305,0.009862831092105617,0.016622504874373556
2025-02-14,3.57001181208183e-05,-0.014871773334245608,0.00530026057368671
2025-02-18,0.002889278151642527,0.01656090548123368,-0.01177806440051088
2025-02-19,0.0024186484995900592,0.000554096378723612,0.001248504748572854
2025-02-20,-0.004204639693686674,0.0005168326664386491,0.0037410293560249386
2025-02-21,-0.017014162022646828,-0.0009225433005247696,0.012085044011583168
2025-02-24,-0.00473024127768118,0.005429568123388684,0.0029012013260547587
2025-02-25,-0.004971307753800169,-0.013188334192659745,0.01724738377673818
2025-02-26,0.0006219442452637391,0.0015263333689308212,0.0059067761269446795
2025-02-27,-0.016058517147806373,-0.015239958822878874,-0.00706827911162744
2025-02-28,0.015540073897679196,-0.006265820058134697,0.012266102463958761
2025-03-03,-0.01722402000981016,0.013180390342641513,0.004666735971411873
2025-03-04,-0.012050233464300897,0.008697635934455272,-0.012315108119113516
2025-03-05,0.011216949817921984,0.0020813110966888537,-0.007984315678209009
2025-03-06,-0.018139458560431976,-0.005081207410422395,-0.003307569511673547
2025-03-07,0.005392313306775698,0.0005219558189655249,-0.003207804291266325
2025-03-10,-0.026439479788403886,-0.008755937163287819,0.010431433884829922
2025-03-11,-0.008205512461076703,0.011727541035094546,-0.00713883815243288
2025-03-12,0.00485055716179672,0.004346793335703092,-0.0059734547019711925
2025-03-13,-0.013060605893782218,0.017756144523255468,0.008791349076438415
2025-03-14,0.02053056242407192,0.00039975774946587883,-0.005294904555540381
2025-03-17,0.007633354407791115,0.0054135329342379634,0.004990470213354303
2025-03-18,-0.01054834727220022,0.011671955843306048,0.0009929937622992213
2025-03-19,0.010505972817454357,0.004107707999658539,0.00518148929208051
2025-03-20,-0.00230191535740798,-0.0012805854303336028,0.0006581388691804246
2025-03-21,0.0002500177474356047,-0.008049901213267985,-0.005918549258826622
2025-03-24,0.01754872275493713,-0.004452548665506595,-0.010253654392494371
2025-03-25,0.002380121488352094,0.004400365088198743,-0.00011115518135840219
2025-03-26,-0.011664774041127646,-0.0008259812019960622,-0.006573155648278983
2025-03-27,-0.002751549591184843,0.013405732882559862,-0.002915793882002582
2025-03-28,-0.01997272591889876,0.007412123023167849,0.013834155315771923
2025-03-31,0.006088492428540704,0.014363222998346137,0.009873564285834524
2025-04-01,0.003677673328587261,-0.0019782303576065807,0.00866544788779211
2025-04-02,0.006029472590937113,0.0020516615880092903,-0.0006556925469287656
2025-04-03,-0.0476961717894252,-0.006038278082531101,0.004593570672708491
2025-04-04,-0.05795692539584463,-0.02339226273628292,0.010887382864555484
2025-04-07,-0.004210263677917769,-0.02148580630415131,-0.03015592803386169
2025-04-08,-0.014712201400722269,0.005443793790763651,-0.01887849242178985
2025-04-09,0.09274416678104624,0.03699125081478161,0.005885429568265543
2025-04-10,-0.034141480324483386,0.0244235794430141,-0.027568372285682208
2025-04-11,0.017611998374680304,0.019086664805096243,0.005438606344071895
2025-04-14,0.010049933652468201,-0.005705977012200658,0.007135622009359022
2025-04-15,-0.0028054036432489937,0.005232379352138938,0.0035422076772884115
2025-04-16,-0.021979855074944044,0.0325408102664011,0.005579634745128903
2025-04-17,0.0013865349458468401,-0.004390692094044635,-0.008832421503779053
2025-04-21,-0.023827132030144527,0.03093558529908469,-0.017479531702061513
2025-04-22,0.025234445795187854,-0.014195668551963636,0.005581250341496036
2025-04-23,0.01606470369392321,-0.023978630729734163,0.009713189054378013
2025-04-24,0.02101317501411537,0.014556277018207942,0.010535788751304676
2025-04-25,0.007364529474763293,-0.010841679678267213,0.007366513045626855
2025-04-28,0.0006126002758108928,0.01424210344049559,0.006299651598536515
2025-04-29,0.0060621306465391545,-0.009738925467677184,0.008384670181766252
2025-04-30,0.0004907197013563902,-0.007482221012837353,-0.008093051753692793
2025-05-01,0.007081928771048185,-0.02077228754256477,-0.005070475262782925
2025-05-02,0.014337153931677449,0.0017481999132260562,-0.010824077640961494
2025-05-05,-0.005223431456723104,0.029867754776654154,-0.005585469801384191
2025-05-06,-0.008513765461553469,0.02802400275899264,0.003323905079669842
2025-05-07,0.004517301900121895,-0.014993060801348546,0.004227455483227116
2025-05-08,0.006667943063572324,-0.0196942722998793,-0.011149151391911527
2025-05-09,-0.0013284767444107226,0.007254674259445482,0.0014957659414720492
2025-05-12,0.033297901964933097,-0.028190568373488878,-0.009304915377377543
2025-05-13,0.0065681367172978344,0.004258992599597278,-0.00405851108593136
2025-05-14,0.0012419421609792813,-0.021037827999516923,-0.006636773601003454
2025-05-15,0.004906439422178055,0.015963953531585195,0.008790590560218803
2025-05-16,0.006448727186152414,-0.012087047232674286,0.0026723089187603577
2025-05-19,0.0010251489215920007,0.012880671121226372,-0.0028971093949521354
2025-05-20,-0.0035480954419547794,0.0186222454642182,-0.00720475065481907
2025-05-21,-0.01671905630215542,0.007378683875855163,-0.01709015809794745
2025-05-22,0.0004666494236080787,-0.008861493387459118,0.005240019153532671
2025-05-23,-0.006753668440748428,0.021906288045034472,0.0016586575784194313
2025-05-27,0.02054875171156212,-0.016949152542372836,0.013956211333137292
2025-05-28,-0.005705673659408994,-0.0022660178699712707,-0.0043159310671734286
2025-05-29,0.0038501102332988424,0.0059247154716217665,0.009254758068212299
2025-05-30,-0.0010324827125681724,-0.006576942326457891,0.0015090411308198437
2025-06-02,0.005814246659486599,0.026581051258171673,-0.009306471129257865
2025-06-03,0.0056708194091334985,-0.008855551213511115,-0.0017615211719417267
2025-06-04,-0.0006386837282263969,0.006441974072654677,0.016233567130064186
2025-06-05,-0.004674533115084367,-0.00504987891618125,0.0006942401050702429
2025-06-06,0.010218262886217744,-0.013416073696802311,-0.012724008281041588
2025-06-09,0.0010716306210969417,0.004718534884218695,0.0010547112927574709
2025-06-10,0.0056961721619686045,0.000293510988597534,0.00514946433575636
2025-06-11,-0.002759827618880717,0.005412290790508978,0.0030275241685584486
2025-06-12,0.0037802642151234522,0.0124202002480438,0.011957469978213009
2025-06-13,-0.011136225651785181,0.013100564311248064,-0.009636466227885276
2025-06-16,0.00965802500060109,-0.01425909653729851,-0.010077592639902488
2025-06-17,-0.008518716658253545,0.0005131941200071655,0.012169516765132338
2025-06-18,-0.00020026812925544313,-0.005385627565021256,0.0017341396379839669
2025-06-20,-0.0027675471319321687,-0.00041901914110908933,-0.0018465281508232012
2025-06-23,0.010297454239223125,0.0030631724583116693,0.0032371922836234024
2025-06-24,0.010987317030576538,-0.015719378751237634,0.007260668306251494
2025-06-25,0.0005003879418354895,0.003037305817845004,0.0012585886835971838
2025-06-26,0.007914880750531816,-0.0011070472235482631,0.005028026517113204
2025-06-27,0.004963200394596301,-0.018123728993798327,-0.006367274882690732
2025-06-30,0.004998018515056435,0.01198454729743359,0.009840849869417134
2025-07-01,-0.00045760097064895255,0.008923010663382636,0.002479490593847
2025-07-02,0.004438335954132455,0.005527596405484614,-0.006353469528713851
2025-07-03,0.008644802581951438,-0.006822911403597365,-0.006965002037513934
2025-07-07,-0.008014367435701941,0.000748780548875283,-0.009543596159709233
2025-07-08,-0.0006660354806213853,-0.010443411868664265,-0.0012770123771824737
2025-07-09,0.005927594390656488,0.004471282664348264,0.010461489807659374
2025-07-10,0.002928729791705331,0.0022257895319868215,0.0006899530443484903
2025-07-11,-0.0035981849663948573,0.009601575193336043,-0.013794445178695658
2025-07-14,0.001971340046892811,-0.0036553174266280575,-0.0020981137125526406
2025-07-15,-0.004335232302496661,-0.004155705135267751,-0.007008448134976364
2025-07-16,0.003287368560873194,0.004988096125243757,0.001411355648571977
2025-07-17,0.005995846694303086,-0.0021735334020257513,-0.00023487868143057256
2025-07-18,-0.00045056057931969207,0.002600924347578637,0.0015274007321774974
2025-07-21,0.001785392388120588,0.015370115792427752,0.008916229733901604
2025-07-22,0.0,0.009484882235462067,0.0060464679715850345
2025-07-23,0.00849549874057054,-0.01240118112003663,-0.005547917614310838
2025-07-24,0.0006863663049452295,-0.006118276977772341,-0.0017434723974810717
2025-07-25,0.003977516433487205,-0.0092499926477293,0.006287294156102963
2025-07-28,-0.0002389752622637964,-0.00647361832754334,-0.0064792638533763824
2025-07-29,-0.002596338964799938,0.002750389076383808,0.0168859325528945
2025-07-30,-0.0012159351489973158,-0.017273497289540862,-0.005153377667542758
2025-07-31,-0.0037550653726787786,0.0066454015709211944,0.0005754813478517917
2025-08-01,-0.016470962122335453,0.020299689958884537,0.014216518118531196
2025-08-04,0.015206923416176465,0.005823229257701401,0.0027329316716009355
2025-08-05,-0.004809312602232052,0.0008040912066364925,0.00306610028715526
2025-08-06,0.007430510177307781,-0.00212110700071233,-0.005773880104192219
2025-08-07,-0.0006016974940631359,0.008437987494967825,-0.001708013893937932
2025-08-08,0.007655306077850144,-0.00022357985855403495,-0.004334255979369317
2025-08-11,-0.0020485529182442397,-0.014374701087597641,0.0011453753143404466
2025-08-12,0.010675081671881248,-0.0009074665058316222,-0.005034783863102965
2025-08-13,0.0034869072939678336,0.0030492830145867345,0.008280553002217417
2025-08-14,1.6771332979281794e-05,-0.006338706734070332,-0.007414087304886352
2025-08-15,-0.002159090613158998,0.0005858183101099534,-0.007124870649971027
2025-08-18,-0.0003550420141749111,-0.0015612675411803556,-0.0028935374018492777
2025-08-19,-0.005461923753833475,-0.005473279447945512,0.005803961483316522
2025-08-20,-0.0026354958736045653,0.010122175284489776,0.0021925918476548567
2025-08-21,-0.0039380540569905476,-0.0034698951143765644,-0.004951568025747699
2025-08-22,0.015301226379067279,0.01070642694476942,0.007406520336903144
2025-08-25,-0.004231235500153252,-0.0024148368614391735,-0.0028719314019302056
2025-08-26,0.003995165320952898,0.007262047243691283,-0.0005759668113196614
2025-08-27,0.0022932801570296757,0.0020187288833615202,-0.0011526898065106206
2025-08-28,0.0035328776314249577,0.007419038046796889,0.006577960408008288
2025-08-29,-0.005766772198780856,0.00964990177666114,-0.007108258796158062
2025-09-02,-0.0073683826898246485,0.023642559312442524,-0.0074417847557355365
2025-09-03,0.005112853602762701,0.007831992196408066,0.010977641065091692
2025-09-04,0.008230273576051106,-0.004418882618094533,0.007623821545966525
2025-09-05,-0.0027321748210950014,0.01334594055214322,0.015247072382638116
2025-09-08,0.0025884255019854585,0.011388067271604019,0.01332436693264949
2025-09-09,0.0024307952217310635,-0.002269905468609168,-0.005683062946692741
2025-09-10,0.0028931703086136906,0.0035922056391106683,0.005715544747266099
2025-09-11,0.008154496316399085,-0.0014913797811720864,0.006685898876724217
2025-09-12,-0.0002150228991726344,0.0019715725978484144,-0.004316967019336482
2025-09-15,0.005211416544487646,0.01040483601055886,0.002334694617597499
2025-09-16,-0.0013168597793354886,0.0020064107533963593,0.0021073045643604793
2025-09-17,-0.001153517225053191,-0.007715171664187115,-0.0025457552862153676
2025-09-18,0.00470233793313346,-0.0040063094596702875,-0.01031959335364252
2025-09-19,0.004663900117003239,0.010607227252210416,-0.0019060363274099323
2025-09-22,0.0048708890864042065,0.01730643093326134,-0.0035947374105539387
2025-09-23,-0.00523774900152274,0.004086375052867464,0.006989896965473585
2025-09-24,-0.0033358182232033906,-0.009063049726670935,-0.0038064350378901324
2025-09-25,-0.004774413254592269,0.004165188877066628,0.0
2025-09-26,0.005885344912894608,0.00577227044053652,-0.000899043414578693
2025-09-29,0.0028104773884503054,0.016496514338703028,0.008211400159058302
2025-09-30,0.0036878503503250393,0.008540004081594166,-0.0029007460574645982
2025-10-01,0.003576155171125528,0.0015753722020723782,0.002582509785967524
2025-10-02,0.0011065083694037359,-0.003482825151325697,0.0029116648076015217
2025-10-03,8.127245439304431e-05,0.008032937892485048,-0.0018981820409674777
2025-10-06,0.0034129655259655944,0.01884573861512795,-0.007943615577186924
2025-10-07,-0.003563335683556268,0.005159462258136571,0.00575177755680456
2025-10-08,0.0058029445241385424,0.01649095687844504,0.0007848731591300062
2025-10-09,-0.0026988789884324627,-0.018452848086064955,-0.0007842576163771264
2025-10-10,-0.02688380259026757,0.010097700011942212,0.016147006573301592
2025-10-13,0.015153735427828607,0.02430104394061705,-0.0005518154148043131
2025-10-14,-0.0014106778769343853,0.007141189222626965,0.003202015549963022
2025-10-15,0.004402393761144374,0.017332403569977117,-0.002201256293038578
2025-10-16,-0.006607479405634997,0.02338727694573084,0.007500466805829831
2025-10-17,0.005548365707924496,-0.01881705572696646,-0.001532799586889233
2025-10-20,0.010495080191700756,0.03640197438905224,0.0038378816706625685
2025-10-21,-0.00012961144603773622,-0.06426889260666147,0.004915281014086448
2025-10-22,-0.005056000600341393,0.00010605594835544352,0.0006522631769132481
2025-10-23,0.0056517869375618535,0.004002358382396931,-0.00684339218329888
2025-10-24,0.008276045992638759,-0.0033528327110016187,0.00043743706406851324
2025-10-27,0.011967006900055477,-0.027839530498784404,0.0033892199526297517
2025-10-28,0.002682439983301199,-0.007166030388359279,0.0026147865477539334
2025-10-29,0.00041167652266205224,-0.0037872684129753864,-0.010106456425551968
2025-10-30,-0.010617916472143607,0.01964188672951095,-0.005818417470056847
2025-10-31,0.0028788632833440797,-0.005430550723012573,-0.0029812860752735926
2025-11-03,0.001961690709285424,0.0017929035935666526,-0.002501095291457589
2025-11-04,-0.011587531626996439,-0.017517195825319742,0.002228829037530078
2025-11-05,0.0030114149763156295,0.011564369498527016,-0.010896322938055536
2025-11-06,-0.010628529034676815,-0.0012005195756799036,0.008992862137767732
2025-11-07,0.001055044588075038,0.006119021470095687,-0.002116765636478557
2025-11-10,0.015529285212460664,0.02734111859838051,-0.0002233412972564297
2025-11-11,0.0022985690169332607,0.003937814406542062,0.0045785019643385105
2025-11-12,0.0004937886584541751,0.016110762091908537,0.001778632160005067
2025-11-13,-0.016284140739219577,-0.008083098515826892,-0.008211348599985513
2025-11-14,-0.00025887893463849565,-0.018047911171504505,-0.005705935823734021
2025-11-17,-0.009371591553896108,-0.011463979297139493,0.00247548120910257
2025-11-18,-0.00823466770554171,0.007264932736103624,-0.0003366835390828937
2025-11-19,0.0036243881575048764,0.0016294519610446923,-0.0020210484739389134
2025-11-20,-0.01516733620827515,-0.0002933255655774847,0.003937789767522792
2025-11-21,0.009950537782298596,-0.0015473311468576778,0.0030257527268000572
2025-11-24,0.014869707886471684,0.01584423909859023,0.005698551704785393
2025-11-25,0.009301675837793733,-0.00031569077041548876,0.0025552091984011316
2025-11-26,0.006912038442149271,0.007998338908444147,0.0044324321002340294
2025-11-28,0.005536525569085793,0.012424331348639184,-0.0047438858432596875
2025-12-01,-0.004598918292398113,0.004821066034977672,-0.012448679769843651
2025-12-02,0.0016946482822168818,-0.006440050713598433,0.0004506161755999383
2025-12-03,0.003495109716155298,-0.0009296182229129313,0.002815015907133178
2025-12-04,0.0008428465334728852,0.0006461951944911615,-0.005389608927593548
2025-12-05,0.001875089965078569,-0.0017823532991587676,-0.004628655885957622
2025-12-08,-0.002965989331346064,-0.002639449868615862,-0.0032891320308722216
2025-12-09,-0.000811321431209433,0.005137202012788666,0.0010240871588005351
2025-12-10,0.0064639781579087785,0.004259147967166088,0.003864935456529217
2025-12-11,0.002451954749838059,0.010769830543307712,-0.0013586221686767708
2025-12-12,-0.0107935606535432,0.005594579039939429,-0.009638590886243859
2025-12-15,-0.0014516026520408065,0.0009103412637567754,0.000687126749938427
2025-12-16,-0.002795866524820556,0.00022745542760316262,0.005491974889854756
2025-12-17,-0.010989893441440746,0.008588228474273762,-0.0009103595848494184
2025-12-18,0.007548488377173257,-0.0018032036998043566,0.0047837877035508125
2025-12-19,0.008922605706582765,0.0011289903434381632,-0.0037325496747855347
2025-12-22,0.006297721702520187,0.02308160549906857,-0.0021702608336992
2025-12-23,0.004668670924617757,0.013252341857567629,0.001602745578339615
2025-12-24,0.003335033477966931,-0.004134082564786756,0.006057050920083684
2025-12-26,9.460787358062106e-05,0.011676735474757116,-0.0032944553830832612
2025-12-29,-0.003528597893055596,-0.0435283019531133,0.0037612759406684404
2025-12-30,-0.0013911020720053235,0.0007275678386380324,-0.002384513386937681
2025-12-31,-0.007265853666360345,-0.006467991163222386,-0.007967227097970042
2026-01-02,0.0018656933806269205,0.004970859258759619,-0.0014915690978497542
2026-01-05,0.006621071261690981,0.026313174195160993,0.004940861642320327
2026-01-06,0.005929244996783822,0.010813149047262716,-0.002058034060917757
2026-01-07,-0.003206638474218093,-0.009559953917111952,0.005843016734105921
2026-01-08,-0.00017332413714843398,0.005522515913727544,-0.0050118504182423695
2026-01-09,0.006702899305140342,0.007242001159325273,0.006639934676474724
2026-01-12,0.0016136770239001397,0.018722729613168898,-0.002956836465801471
2026-01-13,-0.0020490474772195677,-0.0014210408732292512,0.001710995119246217
2026-01-14,-0.0048430594091642964,0.010222226854541994,0.005807357347058284
2026-01-15,0.002645935033731117,-0.006127660830587689,-0.00022648741873076972
2026-01-16,-0.0008325157843777076,-0.004818883830700504,-0.00577513466765589
2026-01-20,-0.02034301469097588,0.03783617488689295,-0.013097878784567585
2026-01-21,0.011457810652963252,0.014568979615140476,0.007616726213510505
2026-01-22,0.005203966452220765,0.01846258414950319,0.004352453632237019
2026-01-23,0.000410459655692641,0.013745304981574558,0.002736788279680491
2026-01-26,0.005143318075213843,0.014628847613605389,0.004776531329078404
2026-01-27,0.004096664827313745,0.024531942321975864,-0.006225214629272169
2026-01-28,-0.00015637106998900308,0.038773348494905324,-0.0022779192215970356
2026-01-29,-0.0020793212376579717,0.0027094717415592218,0.00022837483743787246
2026-01-30,-0.003211874729477593,-0.10274245274560045,-0.005592290519088605
2026-02-02,0.005438353742200475,-0.04004945911975222,-0.0028572679236972265
2026-02-03,-0.008644835724602395,0.06358720612372104,0.0024264680525449833
2026-02-04,-0.005109252342394233,-0.0007044119795716064,-0.0025357190745072256
2026-02-05,-0.012378942852334762,-0.026631707613677613,0.010861978972890318
2026-02-06,0.01948321295033506,0.03073229479090611,0.0006858679238135323
2026-02-09,0.004706861750291003,0.02540290594406658,-0.0002285554330150319
2026-02-10,-0.002804613497801367,-0.009913720520981939,0.011540391504530456
2026-02-11,-0.0001414451857935095,0.011310577541873812,-0.005309042893636762
2026-02-12,-0.01549458828079553,-0.03472828959819363,0.013286379839354545
2026-02-13,0.0006385750494271036,0.024878663914389865,0.0054914457184080945
2026-02-17,0.0017545444091136009,-0.0311702543391007,0.0016719914152072413
2026-02-18,0.005032057832192294,0.022489929267582198,-0.0037833991561511127
2026-02-19,-0.0025667688756069174,0.0027930496262249527,0.0010052888571399077
2026-02-20,0.007132329487871125,0.019714504323102178,-0.0023431726011566845
2026-02-23,-0.01007851793166703,0.027015500392687075,0.0036907139156552304
2026-02-24,0.007297253323045982,-0.01385890426498504,0.0017830951130135553
2026-02-25,0.008414991558492124,-0.0025072627221415233,0.00011119062150677372
2026-02-26,-0.005615481356488261,0.008575889154321725,0.004003898558028407
2026-02-27,-0.004590420858804234,0.01313141674919538,0.006092935556720969
2026-03-02,0.00038047977234278996,0.012919896640826822,-0.010042157377075145
2026-03-03,-0.008807626233547694,-0.04461221500318879,-0.0020086600756917816
2026-03-04,0.007127868156814321,0.007818116439543887,-0.0031308517942417735
2026-03-05,-0.00534762745316808,-0.012017768242597593,-0.004038135936125564
2026-03-06,-0.013369332601200212,0.01583250339069653,-0.003716742798074324
2026-03-09,0.008683321639860964,-0.0020696732193965506,0.008704517817570201
2026-03-10,-0.001731439882889374,0.01127967872100144,-0.010646617204536524
2026-03-11,-0.0011078780334262683,-0.003390104145245987,-0.012913495693526178
2026-03-12,-0.015320975109708757,-0.019653925633074443,-0.0019509052494252055
2026-03-13,-0.005567154490291548,-0.012936961278600778,-0.004944209313000769
2026-03-16,0.01001477460783784,-0.0008896876689686861,0.007742058886022196
2026-03-17,0.0027635200973570306,-0.002519392047785618,0.0027519769370401015
2026-03-18,-0.013795148509844868,-0.03163716142328721,-0.005603222024536558
2026-03-19,-0.0026791875755300953,-0.041215062676522196,0.006094866255212494
2026-03-20,-0.014519979228690527,-0.0305574415876555,-0.018973721958214895
2026-03-23,0.010853850478142801,-0.02259421410703788,0.006524522998529569
2026-03-24,-0.003391493885852692,0.00022274115430986896,-0.004398610571216488
2026-03-25,0.005444978741605766,0.030089336389747867,0.009650014275034646
2026-03-26,-0.017732708274993514,-0.0375939695290467,-0.008406283848902851
2026-03-27,-0.017010337742954462,0.035093842463368,-0.005458110419310214
2026-03-30,-0.0034823390263478693,-0.0002894276132928697,0.013311577396302177
2026-03-31,0.02860936196039754,0.037893826237359374,-0.0010371273973392992
2026-04-01,0.007949122664680175,0.017499822514495555,-0.0009843439859366088
2026-04-02,0.0011455948159597718,-0.019208815315471695,0.006144215006684606
2026-04-06,0.004444454821595389,-0.004098669687746526,-0.0016131651046662476
2026-04-07,0.0006109465244419354,0.009727589667910319,-0.0001154186686554981
2026-04-08,0.025245926277871256,0.00629906958171822,0.0032318264850716982
2026-04-09,0.0059226779118535244,0.007778530578574028,-0.002531144077122849
2026-04-10,-0.000672047091481609,-0.0017811851128632927,-0.0024221252164197127
2026-04-13,0.009798277728187976,-0.004049183335572026,0.0030062569960394026
2026-04-14,0.012097291936856491,0.022349346089928224,0.005302420773641625
2026-04-15,0.007989368987907808,-0.010402401583740839,-0.0043572114381839055
2026-04-16,0.0021912780019623934,-0.0008627455164704756,-0.006334240050170248
2026-04-17,0.01228178322550555,0.013293051904224695,0.009156184866187411
2026-04-20,-0.0018996458489249912,-0.008611208936292747,-0.00022963453810631584
2026-04-21,-0.006584374898709,-0.028320000717914517,-0.005514102852732128
2026-04-22,0.01027430944096297,0.013245809401008168,0.0019637509187677704
2026-04-23,-0.00403739238129297,-0.00969535708776803,-0.0021904999794685187
2026-04-24,0.007923106689458947,0.005127114447075254,0.0018486527226699856
2026-04-27,0.0016453495794352957,-0.007755303754327758,-0.004959030508279949
2026-04-28,-0.0049277543544711255,-0.0185629131043068,0.0010431324872901548
2026-04-29,-3.0594284145646355e-05,-0.010665781709228828,-0.007757399779093177
2026-04-30,0.009690638349153069,0.014973287523456946,-0.0009334941456295986
2026-05-01,0.002936843819084878,-0.0011330099187530918,0.003575515913384786
2026-05-04,-0.00362258516650793,-0.02001512681908002,-0.007592566362550679
2026-05-05,0.007847086823611571,0.008584306218673232,0.0055319275061957995
2026-05-06,0.014068752947129948,0.030339261182306565,0.007608655134311748
2026-05-07,-0.0031423033438270354,0.001670691560653026,-0.004995488596193698
2026-05-08,0.008177920978619913,0.004841540894531038,0.005020568790332192
2026-05-11,0.0021828604960840714,0.0020287362083613036,-0.0060410685366129036
2026-05-12,-0.0012509763822469155,-0.003957209812161522,-0.0066619817414700355
2026-05-13,0.005510847708523059,-0.005612899814961714,-0.0022354018549641808
2026-05-14,0.007795828918920167,-0.007642296271595517,0.0014150583516265858
2026-05-15,-0.012054062954770961,-0.02322039069444226,-0.014837345409342673
2026-05-18,-0.0007801166562249051,0.00273187497307803,-0.0011954844990820224
2026-05-19,-0.006363018251886676,-0.016561892782745447,-0.006462490036523216
2026-05-20,0.01034700129968158,0.014337773746013083,0.01072051147704256
2026-05-21,0.0018633212922920528,-0.0009822799906678004,0.003694332577285353
2026-05-22,0.003968654522935822,-0.0076020599640161945,0.005461946099242665
2026-05-26,0.006505773459862363,0.00043495402009452455,0.004959768277576382
2026-05-27,-7.247856648218143e-05,-0.013309202332427494,0.0023501469479183523
2026-05-28,0.005724890988149545,0.010477609933210896,0.005158255256743294
2026-05-29,0.00227699184077923,0.010538571648365469,0.0002332423799507044
2026-06-01,0.0026024877526233947,-0.014048680044494555,0.0005385639721573465
2026-06-02,0.00137682934216099,0.001677776649860796,0.002105960078321978
2026-06-03,-0.007017487569555558,-0.009904155768766576,-0.003969684993321954
2026-06-04,0.003894049849806125,0.008335974543818736,0.0022272478566165432
2026-06-05,-0.025946051286182326,-0.036545333189379026,-0.005146246614174843
2026-06-08,0.002477858400842914,0.002599431669397134,-0.005172685996755355
2026-06-09,-0.0029130344173057265,-0.01633647245916592,0.005908711034716685
2026-06-10,-0.015715012568198405,-0.04145558180468856,-0.00281967388510318
2026-06-11,0.016760340465034496,0.03134182597256352,0.012959548318455694
2026-06-12,0.005484909819208905,0.0005694792310315666,-0.0024424695638310956
2026-06-15,0.017420654817781323,0.025896360083728753,-0.0005829128256479299
2026-06-16,-0.005880436390790278,0.002723533282284807,0.00548300859771178
2026-06-17,-0.012091355647161683,-0.02270955075927472,0.001624345627797119
2026-06-18,0.009832548255431117,-0.003808571701190089,0.004865044824139186
2026-06-22,-0.0029210253870163294,-0.0065354381359996605,-0.007608095028768802
2026-06-23,-0.014225285236405316,-0.018903219228002643,0.0012776772165283834
2026-06-24,-0.0009610842775608086,-0.030213064971899906,0.013689210608522684
2026-06-25,2.9623965879022052e-05,0.009674185334065832,-0.00034340944457234013
2026-06-26,-0.005176974399219714,0.011286779419095394,0.00011450913837696142
2026-06-29,0.016038551969942194,-0.013516094115971211,0.0010301992107195623
2026-06-30,0.008516743821379125,-0.0005425733809176769,-0.0117781299535753
2026-07-01,-0.0019655735803734142,0.006026389031102086,-0.006759530693577709
2026-07-02,-0.000904494933786526,0.020318398961908235,-0.00011688875229887152
2026-07-06,0.008439880899278274,0.01057837238078907,-0.0007016842760674269
2026-07-07,-0.005125797185676739,-0.012142502784779907,-0.010532384774988857
2026-07-08,-0.002648901552875116,-0.008053135463158334,-0.0022471836538101586
2026-07-09,0.007923988848610009,0.009961224054354512,0.0015409952499501056
2026-07-10,0.004589588525896193,-0.003093719744077794,-0.00023671842193540016
2026-07-13,-0.007724880328481176,-0.02620621369961662,-0.005919270738271143
2026-07-14,0.0037762898851669835,0.013673600487310367,0.001310059703594657
2026-07-15,0.0039068330233149595,0.0005374505181017231,0.0019028903136051323
2026-07-16,-0.005275256859219479,-0.01984695723728025,-0.00035617704281043494
2026-07-17,-0.010099445895528691,0.009453124418586922,0.003681290043103358
2026-07-20,-0.0014051567860325909,-0.0021986307389650905,-0.00745384741984334
2026-07-21,0.008296525941036581,0.019613686984128575,-0.002741594665815583
2026-07-22,-0.00122111129468494,0.011499153135369422,-0.002629736082440548
2026-07-23,-0.012255714577614318,-0.020046439653404247,-0.0032359590489078327
2026-07-24,0.0007810514261743506,0.0010228383237773642,0.0009619017029653953
2026-07-27,0.0002502914075004359,0.007340712640850455,0.006006015991534719
2026-07-28,0.0024289711913449974,-0.01404054586409964,0.005850800009034485
2026-07-29,-0.015169784945552323,0.004629481218515252,-0.016500526780552027
2026-07-30,0.016641028679415193,0.016384653740035837,-0.000603464173932089
2026-07-31,0.007128362902576679,-0.014900824749758845,-0.006642578531842247
2026-08-03,0.014199373266344795,0.00045750903333918735,0.0032959594930270786
2026-08-04,0.018064267107503307,0.00659119276681408,0.007665152303669043
2026-08-05,-0.0019464652329111987,0.04137270374924307,0.0021733974049249483
2026-08-06,-0.0016958044280334095,7.699101265035146e-05,-0.0057831880715829564
2026-08-07,0.0061013553364026585,0.022583179330530445,0.0029084603452897984
2026-08-10,-8.441918185875252e-05,0.01021408716277361,-0.00845826958468221
2026-08-11,-0.003138030573832662,-0.003925118140567174,0.001584270596217685
2026-08-12,0.00247028604813071,0.009876351898066904,-0.0009733792969137678
2026-08-13,0.0067308241856227635,-0.014719010607066263,0.005845779578274479
2026-08-14,-0.0018742944717661247,0.006316471789712619,-0.006659363813487751
2026-08-17,-0.004680379883791885,0.009987992274373525,-0.008410489858243442
2026-08-18,-0.006856540446971815,-0.017115101749848094,0.0038107683059835917
2026-08-19,0.0021405566745238414,0.0383640923679176,0.016654282121715935
2026-08-20,-0.008346131194983064,0.003431310265562093,-0.008190822577626156
2026-08-21,0.0038516029292277043,0.019505792504578512,-0.0035219095046445936
2026-08-24,-0.002671561899235786,0.007865686897826407,0.00621567092815023
2026-08-25,0.003120417178061441,0.0032342095547504,0.01102236030514292
2026-08-26,0.0002556641441830987,-0.015768448815633995,-0.00203664305951734
2026-08-27,0.0064612151577627674,0.0030380678748822554,-0.0020408913798588557
2026-08-28,-0.002130525242504455,-0.03244200486764748,-0.003007345761939284
