date,VOO,GLD,TLT
2015-01-05,-0.017568978277305525,0.015077149308345472,0.01570929110308361
2015-01-06,-0.009832781699020354,0.011398960794795743,0.01801677186084416
2015-01-07,0.01249496947022033,-0.005891414149803653,-0.001974808233488057
2015-01-08,0.01756851630271905,-0.00420851895976293,-0.01324258335398687
2015-01-09,-0.00842066558522514,0.011385196369055883,0.01095238382411634
2015-01-12,-0.007424366516752823,0.011086435260788896,0.005721941579460932
2015-01-13,-0.0026366195381293256,-0.003373767752371082,0.0
2015-01-14,-0.005880611678210967,-0.0016080097792615655,0.007585903086525292
2015-01-15,-0.00933466390472304,0.025175902263040006,0.01573510991213034
2015-01-16,0.01238102166831423,0.013064281211881523,-0.012748816832451215
2015-01-20,0.002488837519001974,0.013712049879254229,0.013289071860847601
2015-01-21,0.005236210983571077,0.00024159749942587183,-0.011558484810479164
2015-01-22,0.015303468288802469,0.008049585228834255,-0.0035983311651152095
2015-01-23,-0.005500066895493094,-0.007985306821000182,0.013918044181370215
2015-01-26,0.0019675887170640394,-0.00998152990144674,-0.0030421234889047577
2015-01-27,-0.013109835412841164,0.011464376669647391,0.001562938409138681
2015-01-28,-0.013176404637258554,-0.00787784039319106,0.01634806698676461
2015-01-29,0.009700992763302496,-0.021552390797103027,-0.006580158508762146
2015-01-30,-0.012306253006913681,0.022275544587827323,0.017737763294923825
2015-02-02,0.011475841628878936,-0.008343449208254805,-0.0037757575201873284
2015-02-03,0.01458781160949818,-0.011190942147351168,-0.0211663192853212
2015-02-04,-0.0034084992712604123,0.0043783458565487265,0.0017090503741636898
2015-02-05,0.010152790560994163,0.0017272502164005221,-0.010979148800726923
2015-02-06,-0.002803964101792733,-0.025864204796777424,-0.017701567594386125
2015-02-09,-0.004561716673857186,0.004467285755423989,-0.0016038225712804444
2015-02-10,0.010657482091047443,-0.005873936049321848,-0.007953606288625625
2015-02-11,0.0006855160736380927,-0.011817350480741395,0.0018499066876696002
2015-02-12,0.00927337610959178,0.0023062837940568404,-0.003308931730065967
2015-02-13,0.004385611501862341,0.005454295543013465,-0.010268874289289909
2015-02-17,0.0016111760726114088,-0.01669775525216033,-0.015055929898517784
2015-02-18,0.0002074224664554425,0.002844532329830063,0.005940135639235455
2015-02-19,-0.0006745614122155574,-0.0034381460295276334,-0.006613728939976915
2015-02-20,0.006074572186436145,-0.005692631086866906,0.0029328650287874236
2015-02-23,-0.0002584081616339162,0.0013011929863573357,0.011458331076487749
2015-02-24,0.002942645308991132,-0.0014727381832787545,0.01312642774380568
2015-02-25,-0.0010811478406103081,0.0038174111040851777,0.0043184062011354385
2015-02-26,-0.0011328452981943515,0.0031979494930112207,-0.013667986292986822
2015-02-27,-0.0034562322355066177,0.0007754283408443197,0.008407967387039195
2015-03-02,0.006573523247720647,-0.004132260173905,-0.018626298764018445
2015-03-03,-0.004268281093768755,-0.0018153447779967191,-0.0036254665592061475
2015-03-04,-0.004182794086882713,-0.0031176981600916642,0.0003162783882539877
2015-03-05,0.0010889081723401972,-0.0009556129768769628,-0.0012655458188591817
2015-03-06,-0.014141563227875298,-0.02730434251868208,-0.022092449910888656
2015-03-09,0.004255687938469865,0.000983377523255502,0.009231319849510644
2015-03-10,-0.016429618503284615,-0.004912057209624399,0.01315789918080812
2015-03-11,-0.0023405188090742657,-0.006013266738071565,0.007285310521172539
2015-03-12,0.012904340781478396,-0.0002708693390236494,-0.0007078067736322469
2015-03-13,-0.006106805592248743,0.001445050857576513,-0.0030681208606303523
2015-03-16,0.013665047218466064,-0.0006313103946443688,0.009627257491475083
2015-03-17,-0.0033960960375158944,-0.005414660114975933,0.008285800820633904
2015-03-18,0.011901570343922918,0.019598980855210835,0.01930187069779654
2015-03-19,-0.004611536800725791,-0.0007119500676271429,-0.005095376535864338
2015-03-20,0.009057453626026835,0.011399045051747603,0.005274240473412295
2015-03-23,-0.001793639994032703,0.006339713151693793,-0.0012166130622294213
2015-03-24,-0.0058182075774054764,0.002449897428068226,0.00966920503896973
2015-03-25,-0.014576238261935104,0.001396558108890389,-0.008444770504168253
2015-03-26,-0.0024924146882674414,0.00653708688272836,-0.015589792806485203
2015-03-27,0.002073345696729678,-0.0036370435238182175,0.012436964596925781
2015-03-30,0.012464716075041515,-0.01138534318086215,-0.004959043744568237
2015-03-31,-0.008801667782251998,-0.0007911765968406925,0.002146929239136064
2015-04-01,-0.003224010571871383,0.017068403567705115,0.013134614071412365
2015-04-02,0.0029693847845093657,-0.0027681634865752702,-0.010595909108431445
2015-04-06,0.007031409901634422,0.012231121417765056,-0.005583844671624982
2015-04-07,-0.0026773040924422675,-0.004970450072155241,0.008384587333601257
2015-04-08,0.0036321419121880805,-0.00551200918339656,0.0003047506736519878
2015-04-09,0.004353186755821303,-0.006928232816320268,-0.0129641356707626
2015-04-10,0.005483375348965591,0.011336906536289382,0.001468566041290753
2015-04-13,-0.004518470359721305,-0.007157039081814864,0.001389117775311366
2015-04-14,0.00182585007647873,-0.006079528851422933,0.007087173594489293
2015-04-15,0.004583059741646078,0.008650802539753588,-0.0008420431899626157
2015-04-16,-0.0003629756763188219,-0.0034653168571547877,-0.004976270087444945
2015-04-17,-0.011616180927763065,0.004955226470251928,0.011464810239184109
2015-04-20,0.00912930193035244,-0.007612433088526105,-0.008824034622793242
2015-04-21,-0.0009875219425300452,0.005753103431764384,-0.004528958711891851
2015-04-22,0.004944029348333823,-0.013433831333510171,-0.015266021569596555
2015-04-23,0.002589243485356274,0.007291591124513719,0.004306808707948306
2015-04-24,0.002014690074592096,-0.01404151891618688,0.006236379156787875
2015-04-27,-0.0039697407650964855,0.02016805588455428,0.0
2015-04-28,0.003105737388823915,0.008670770693864016,-0.013790818998358656
2015-04-29,-0.004076293197151748,-0.007048909841977813,-0.012255271008231539
2015-04-30,-0.009946953665259661,-0.017660816187341055,0.001749504822059711
2015-05-01,0.01046569535194286,-0.0034370263986326366,-0.013461210062216789
2015-05-04,0.0031075055081377645,0.009020132884241638,-0.009435771478848998
2015-05-05,-0.011667703840417598,0.0028045547686559313,-0.001383723615009269
2015-05-06,-0.004022023782519035,-0.0005243625201353241,-0.017120530940498813
2015-05-07,0.004038265783540496,-0.00821967852736405,0.013437348113404912
2015-05-08,0.013110598655753813,0.004849259924502469,0.002700678772428189
2015-05-11,-0.004794802207263027,-0.0038606864674344266,-0.024324309064345573
2015-05-12,-0.002900851759007561,0.00854400802548061,0.0025932576703469046
2015-05-13,0.00031195666826810964,0.01790395678391099,-0.008010994062198962
2015-05-14,0.010439850349730717,0.005405381698172951,0.0026925132421646847
2015-05-15,0.0010281258879021316,0.002986844796122101,0.020049808875475694
2015-05-18,0.003081399586097433,-8.510283616403047e-05,-0.01677721117533737
2015-05-19,-0.0005120047227042956,-0.013869956602948319,-0.008866323540112186
2015-05-20,-0.0006655116995556432,0.0016395067944336983,0.001687285556805529
2015-05-21,0.0030235545908738892,-0.003359746584222556,0.013986284448594288
2015-05-22,-0.0021971361967588754,-0.0007779753253159827,0.00041538940231045096
2015-05-26,-0.010754534148582073,-0.014619332476808355,0.017109722857064913
2015-05-27,0.009214956006960762,-0.00017561471177085508,0.0022861858250660116
2015-05-28,-0.0009234900530016299,0.0011414281685366845,-0.002443891509353424
2015-05-29,-0.0065209780091219915,0.0007016473724792416,0.0022049850294698636
2015-06-01,0.002325931654818092,-0.0008764108278561666,-0.010747602208640461
2015-06-02,-0.0010313485558881563,0.004035079688356591,-0.013951514270356236
2015-06-03,0.002735265814480581,-0.007164072177032299,-0.016075110402393955
2015-06-04,-0.00813290401746436,-0.007039801619628361,0.013018365976691149
2015-06-05,-0.0020239082796683627,-0.005317250031845466,-0.012179488699886831
2015-06-08,-0.006188494871253281,0.002940144666210953,-0.0011052912405513649
2015-06-09,-0.0002615586944962889,0.002220840372015198,-0.007917332550134826
2015-06-10,0.011881837003496099,0.008509121495031247,-0.008752078203538405
2015-06-11,0.0031030425377962523,-0.004570193783136389,0.021035370916582474
2015-06-12,-0.0073224390711512655,-0.0002648664906503839,0.0
2015-06-15,-0.004622653816245159,0.004415790737229308,0.0016112117354945
2015-06-16,0.005844378275727591,-0.003605061549348698,0.00787207523653044
2015-06-17,0.0017121673855027275,0.004677010066397758,-0.007726799400785245
2015-06-18,0.009892789114916978,0.012911736850284239,-0.004909363887567575
2015-06-19,-0.0057952254476996146,-0.0017342780850801987,0.012843562563322086
2015-06-22,0.006851586611217764,-0.01285617895780966,-0.020406236532868438
2015-06-23,0.0007205075478609047,-0.006599788842205134,-0.006000808845988748
2015-06-24,-0.007149838749948123,-0.0026574812063053788,0.008624337063841692
2015-06-25,-0.003108050494957215,-0.0013322133525454083,-0.003506262134094773
2015-06-26,0.0,0.001067192410014739,-0.011240493343332436
2015-06-29,-0.021152095766713175,0.0045309359212182265,0.026468866246114775
2015-06-30,0.0026015266781971302,-0.006190828249150737,-0.006932700313695195
2015-07-01,0.007572480605167353,-0.0034706717105629226,-0.013498149063883469
2015-07-02,-0.0007354614411525517,-0.0019646473844252554,0.00328727199474943
2015-07-06,-0.002892835175823172,0.002684282539629823,0.018534096060147442
2015-07-07,0.006171233863538461,-0.011600887477117294,0.009394509887600488
2015-07-08,-0.01698567356904923,0.002979362543296782,0.00863710231832071
2015-07-09,0.0018138265157483513,0.0024305003273175085,-0.01970272074409596
2015-07-10,0.012722754938553127,0.0011673603870820948,-0.01585834722440871
2015-07-13,0.011196088369043178,-0.00448470723455352,-0.0031023588699615745
2015-07-14,0.004418618837641164,-0.002252455219495131,0.003285103528881894
2015-07-15,-0.00041352087609314303,-0.005237440968471563,0.010596833590245325
2015-07-16,0.00766282430272569,-0.0036310957932229604,0.00690552196227312
2015-07-17,0.001181075832780376,-0.010112979124889843,0.005164671445631708
2015-07-20,0.0004623577716507121,-0.027151445340146352,-0.004211359569576967
2015-07-21,-0.003950114856677733,-0.003121988752958438,0.0054132812695153465
2015-07-22,-0.0019566978299088156,-0.005409506310776968,0.006226152826815934
2015-07-23,-0.00572822173320664,-0.004484744341763047,0.012457967686377414
2015-07-24,-0.010431621127781954,0.009776637833459612,0.002477463774772648
2015-07-27,-0.005664522148551732,-0.00465114258060384,0.005354787326178112
2015-07-28,0.012131779832192935,0.0015258061394580746,-0.007292193144787795
2015-07-29,0.0070872998642237395,0.0014283139466164663,-0.003714912786543789
2015-07-30,0.00015552212030911505,-0.008557588110186587,0.007704874791570004
2015-07-31,-0.0017076223870589047,0.006329756242044127,0.007399565921416551
2015-08-03,-0.003109844832822617,-0.007910052688847147,0.010526474461393764
2015-08-04,-0.001975307744761179,0.0020172823011603835,-0.007931276819183042
2015-08-05,0.0034900029261411003,-0.0036429610038530846,-0.007506734798452097
2015-08-06,-0.007630775129974787,0.004426047177157111,0.008878034676589097
2015-08-07,-0.002615394932524384,0.002490680503407061,0.013118036109786235
2015-08-10,0.012692021705769774,0.010224554985406531,-0.012385362625366603
2015-08-11,-0.009166452733870623,0.005107840610028225,0.015879733164317678
2015-08-12,0.0008883234212526681,0.014022189288677822,-0.005451355418808257
2015-08-13,-0.001096643628857863,-0.00825985512434746,-0.0032232145974266935
2015-08-14,0.0038685736924295444,-9.360037594363657e-05,0.002344549119049244
2015-08-17,0.005572397827479536,0.0026204846354274114,0.004517527826533474
2015-08-18,-0.0030553889869777695,-0.00018665773900006233,-0.007870329257562925
2015-08-19,-0.00789602676152834,0.013444145581183786,0.009875645235989161
2015-08-20,-0.020997421587243603,0.017411325071518213,0.01009921701002292
2015-08-21,-0.03171612553643033,0.006247689213677798,0.0030158571074823115
2015-08-24,-0.04076426067401118,-0.005399068558895714,-0.00031673389607900226
2015-08-25,-0.012150314505643411,-0.01239478089494117,-0.016065185618312494
2015-08-26,0.03969682098845184,-0.013649738394807875,-0.019303691962989533
2015-08-27,0.024445164024786914,0.0005573064828525709,0.0005738576581943988
2015-08-28,0.0,0.009003931691107248,0.002951367596713217
2015-08-31,-0.008811708813772468,0.001103981140304633,-0.007682579328873285
2015-09-01,-0.030533937932786248,0.0034919799162251852,0.007205494441414384
2015-09-02,0.020161816643979646,-0.005311302361437398,-0.00860448870246866
2015-09-03,0.0008376181208931133,-0.00718105679403469,0.004877534340478329
2015-09-04,-0.015507334182528365,-0.0032455349221680585,0.009130075913182711
2015-09-08,0.025610340349479843,0.000279084378947525,-0.014753685880782963
2015-09-09,-0.013479715596342423,-0.012927822107945297,0.004798420440069284
2015-09-10,0.005600082732240441,0.0023556016816155267,-0.006752075355515252
2015-09-11,0.0041763650495205695,-0.002067997715628156,0.006300323456797541
2015-09-14,-0.0037710756154212266,0.0005651616100608159,0.0015654334491788102
2015-09-15,0.013026335984512194,-0.0030126124190049675,-0.019164490036066573
2015-09-16,0.008737169518513666,0.013314409937664529,-0.0037739291336682523
2015-09-17,-0.002614960362779861,0.010250732723341871,0.012205824593679138
2015-09-18,-0.01616669519742886,0.007379350570420495,0.015384903830958807
2015-09-21,0.005151205290341965,-0.0062265388780913256,-0.01629866285818249
2015-09-22,-0.013048563399351565,-0.00681837162160448,0.013903938985153186
2015-09-23,-0.0018001608400325386,0.003989241131120869,-8.156160789329903e-05
2015-09-24,-0.0030996867934575123,0.020975758801157207,0.006815983795560587
2015-09-25,-0.0006783417017542925,-0.006154405994415857,-0.008646175931960043
2015-09-28,-0.02517519678845226,-0.012658222571280353,0.017113713470148673
2015-09-29,0.0005219838998333781,-0.004058244045771819,0.0028309921869524857
2015-09-30,0.01920006842954103,-0.010372316278596583,-0.0034684921688644677
2015-10-01,0.002788181699856729,-0.001216519302596475,0.004266647603989648
2015-10-02,0.014472520558843849,0.021174875253005654,0.00605811763226094
2015-10-05,0.01795759528879759,-0.002018545050144094,-0.013567705136022123
2015-10-06,-0.0033520191196910742,0.010021182319808863,0.004313340073313965
2015-10-07,0.008381648448367418,-0.0014564323795780432,-0.003322860681579609
2015-10-08,0.008803621697891506,-0.005104809244962594,-0.008374553046240352
2015-10-09,0.0005421952251909445,0.015851231139897504,0.002623586828558677
2015-10-12,0.0011919452060062952,0.00396856499604703,0.007605798487590798
2015-10-13,-0.006655660033645594,0.00494118285707712,0.0017044690496863524
2015-10-14,-0.004685274609178336,0.017432477539802038,0.00875054111231277
2015-10-15,0.014996583833858601,-0.004568989141737645,-0.004899697157326188
2015-10-16,0.004044059540837308,-0.0070615504042084165,0.0003230382331649295
2015-10-19,0.0011817716512956267,-0.004178160099818973,-0.002743348690820935
2015-10-20,-0.0012875498571024435,0.006338214025568112,-0.006149267469561348
2015-10-21,-0.0064989183865056255,-0.008870752862782494,0.009932117642719174
2015-10-22,0.01729983022528092,-0.0003580140904458906,0.0016925929854219035
2015-10-23,0.010894558914168906,-0.0017011588974217284,-0.008530101711060056
2015-10-26,-0.00236543595322225,-0.0006277999535804213,0.006655584265369052
2015-10-27,-0.0019497268762662667,0.0022435609738429285,0.002499500902388485
2015-10-28,0.011615341152950265,-0.008058752895948817,-0.004021353150059914
2015-10-29,-0.0003652513344565289,-0.009568492239339532,-0.015908800140397084
2015-10-30,-0.005064280976224134,-0.0038279088978543374,0.007549138915574183
2015-11-02,0.011859552983125576,-0.00649594413580179,-0.0045950055007655255
2015-11-03,0.0031634162238398655,-0.014826347133739204,-0.008199481929021202
2015-11-04,-0.00284328935472844,-0.009441036684777915,0.0011570515995231734
2015-11-05,-0.0012440474959595216,-0.0031141061362016664,-0.0026425848837480226
2015-11-06,-0.0004155156092831014,-0.014577820185771806,-0.014656420227696532
2015-11-09,-0.009347809232214566,0.0028818737382825255,-0.005630203086705143
2015-11-10,0.001887625069187715,-0.0021072913552456773,0.002957946140410117
2015-11-11,-0.0038196402262682394,-0.0033595553186392957,-0.002106525233234624
2015-11-12,-0.013393861875378943,0.00019259022164841433,0.0048128240874971695
2015-11-13,-0.011552458951884614,-0.0027924980239610875,0.005714620053663522
2015-11-16,0.015350026201881972,0.001448450457852024,-0.0009187287277084843
2015-11-17,-0.0012206057900406853,-0.013209938855231806,0.0016722429730018362
2015-11-18,0.016092585958093153,0.0008794603332600293,0.002087353926255364
2015-11-19,-0.0005228108383936725,0.011031897393842582,0.006665188061432126
2015-11-20,0.003713448921539353,-0.004538443721352925,-0.0030619918265822887
2015-11-23,-0.0011462991315485116,-0.008051161423458963,0.0030713964173083586
2015-11-24,0.0016168721207041603,0.0066497192545516,-8.305970725652756e-05
2015-11-25,-0.000312523879968718,-0.004662942933256753,0.002318414684942871
2015-11-27,0.0009901907353830897,-0.011809477798990442,-0.0009908198156103332
2015-11-30,-0.004059393807474887,0.006617265866126543,0.00396772318678118
2015-12-01,0.009666649266506733,0.003532188155604299,0.01350734110180496
2015-12-02,-0.010557833585082332,-0.015545525585325515,0.00032560608622822507
2015-12-03,-0.01422738493590714,0.010626672647533919,-0.02718345955354562
2015-12-04,0.019632897789928938,0.022209065049059173,0.008784817825496782
2015-12-07,-0.00629676706798632,-0.012978259158702654,0.009702848550784182
2015-12-08,-0.006389270341360276,0.0016557725915762322,0.0004928264998880216
2015-12-09,-0.00748425776465711,-0.00194473896697811,-0.0010672082714743292
2015-12-10,0.002283524935484005,-0.0008768154562138752,0.0013151579483399178
2015-12-11,-0.019921918773344927,0.005460726883753653,0.0157586249963777
2015-12-14,0.00600104189631856,-0.012801859053540698,-0.01292878652641416
2015-12-15,0.010424945856311929,-0.002652561843328849,-0.005893562454750145
2015-12-16,0.014040513501986984,0.012115872710852793,-0.002141429017493812
2015-12-17,-0.014580268529804985,-0.021897810218978075,0.011305690253598177
2015-12-18,-0.0185749677733974,0.0153233921943019,0.005549130299007832
2015-12-21,0.008848353723010849,0.010878092908588544,-0.00024362125741239637
2015-12-22,0.00903078130951629,-0.005235103320787249,-0.007224443345218767
2015-12-23,0.012004524492152058,-0.0029237213719258692,-0.0075212879340421646
2015-12-24,-0.0017478776115832373,0.007232973422174549,0.005728704184292832
2015-12-28,-0.0021747792754852613,-0.0075692031595538944,0.0029546687800314775
2015-12-29,0.011164464312148903,-0.000684459735229348,-0.016612942716711876
2015-12-30,-0.007361115600114543,-0.007632082217105096,-0.0009992633487179159
2015-12-31,-0.009904559183729345,0.0003944085609299819,0.00449899445903279
2016-01-04,-0.014015760871574634,0.014094227459880093,0.007214833379598051
2016-01-05,0.0017906401602714173,0.0028185529910356166,-0.004034590786308745
2016-01-06,-0.012673523279069898,0.014440762350867997,0.01347540690119553
2016-01-07,-0.024355473666283878,0.014139709399294764,0.0017946194024451856
2016-01-08,-0.010626260779417973,-0.004427708091822691,0.004478133791870231
2016-01-11,0.00011338204799393736,-0.008894799760520211,-0.01094319727661075
2016-01-12,0.008296000041337903,-0.005060137388834152,0.01442545617677582
2016-01-13,-0.024457432770040866,0.004893984653210337,0.009856830412242168
2016-01-14,0.01623260677686278,-0.016233809757639994,-0.00936070153829116
2016-01-15,-0.02143033268010719,0.010289314914859515,0.01558725722315013
2016-01-19,0.0011036193559157415,-0.000960784707550344,-0.0031013754734582344
2016-01-20,-0.011720970325463154,0.013367949074563512,0.010529455083482686
2016-01-21,0.004872924658196887,0.001138797703897687,-0.00678902322106012
2016-01-22,0.020508627042788996,-0.004644969889963546,-0.0038145462542903408
2016-01-25,-0.014828454521428558,0.010285731724330338,0.005425023460105205
2016-01-26,0.01354046819384136,0.011406476843766722,0.00047611254110191403
2016-01-27,-0.011352988430720523,0.0037282274439893737,-0.00023794298291268667
2016-01-28,0.005451544324691415,-0.010678814187088714,0.0014279976795037452
2016-01-29,0.025322850050468082,0.0038482826092700595,0.008476847632856721
2016-02-01,-0.0008997128654335551,0.01028523735300313,-0.0030624802788392635
2016-02-02,-0.018131616880839196,0.00037013683482878257,0.018552848737243943
2016-02-03,0.005849624533835529,0.010731831819877025,-0.008293379371179133
2016-02-04,0.0012543340684847415,0.012082377069329242,0.0048456606922056
2016-02-05,-0.018791854556903576,0.015827077912906162,0.0011666245721029256
2016-02-08,-0.013754462732594064,0.013443751249405,0.02151934054955751
2016-02-09,0.00029474386287420273,-0.002196257541759894,0.001065097308603935
2016-02-10,-0.000647410891396305,0.007747818623272451,0.008812778567982571
2016-02-11,-0.012832628635427001,0.0401886992042193,0.007003485675001642
2016-02-12,0.02051277435058907,-0.005879363032051943,-0.016602251492394027
2016-02-16,0.016769741306989383,-0.030331226332987904,-0.010570090185445746
2016-02-17,0.016378600685404754,0.00618634429410414,-0.006148800611252558
2016-02-18,-0.004240560598079868,0.02433319602449635,0.012295835119536136
2016-02-19,-0.00022710021222871468,-0.006002190201855551,0.0008406004437013781
2016-02-22,0.014312319364478965,-0.01777516528948675,-0.0005344996780836109
2016-02-23,-0.012542639219374485,0.014979681261872324,0.004048114362744881
2016-02-24,0.004706612782708897,0.003327072049028157,-0.0019778460593169456
2016-02-25,0.012021723748460333,0.0026358095143692584,0.003582271880258947
2016-02-26,-0.0018403687066723684,-0.006869043174790868,-0.00964450471804379
2016-02-29,-0.008939664151614513,0.013064629590324062,0.004370496417082315
2016-03-01,0.02463657274230724,-0.0073331317520045625,-0.017608614245441023
2016-03-02,0.004236643619987213,0.007726956678680841,0.004127325696246409
2016-03-03,0.0036705104306369307,0.017273365743903035,0.00364391834032074
2016-03-04,0.0032207385379832143,-0.0015737798071993048,-0.00641268050457422
2016-03-07,0.0010884082835411757,0.004977588099916774,-0.00031100770967118496
2016-03-08,-0.011251265611682215,-0.0046227304062674834,0.011045366088208164
2016-03-09,0.00549728410189787,-0.00829324916913754,-0.006077918800584059
2016-03-10,0.0005470908281146603,0.016056181130168712,-0.004102092499341792
2016-03-11,0.016228045722597395,-0.01720161594971703,-0.010104270184489783
2016-03-14,-0.0015053358596662791,-0.012896749587957723,0.003140679119681522
2016-03-15,-0.0012923310655428288,0.000763521980092996,0.0009393984379668652
2016-03-16,0.005984777734943991,0.02229567034444102,0.0029718093438519944
2016-03-17,0.006324780192441759,-0.003814570847019083,0.004131673590264562
2016-03-18,0.0037283937605396833,-0.002746975852867317,0.0020963842690613355
2016-03-21,0.0015261404022146596,-0.007011719080860512,-0.007670582142934368
2016-03-22,-0.0005330894664239416,0.0029421526295789757,-0.00023448146979332396
2016-03-23,-0.006395471991945789,-0.02263009809313088,0.011324520234260671
2016-03-24,-0.0006973056115052723,-0.0024011557999427113,0.0003862263733565019
2016-03-28,0.0006977921859121494,0.0023209545157449885,0.0013127260667356033
2016-03-29,0.009601585812305302,0.01852490300494103,0.010484400906918934
2016-03-30,0.0041970991113411404,-0.013977800877817192,-0.010528466237425205
2016-03-31,-0.0023807434094783586,0.004611451089358232,0.0070938475328856665
2016-04-01,0.006417078643320195,-0.006035354370591106,0.002608657934365377
2016-04-04,-0.0031616750757792467,-0.006670647201412416,0.0006121817826425513
2016-04-05,-0.010149717271264347,0.013000448699038714,0.010936005557412365
2016-04-06,0.010894229564370805,-0.006119337058417829,-0.007262499192280836
2016-04-07,-0.011780506508738187,0.01428081181871077,0.012344826289030886
2016-04-08,0.0027261543216687834,-0.0015175811841288134,-0.006323030805357122
2016-04-11,-0.002612072301250823,0.013510077429689682,-0.0012879063422094328
2016-04-12,0.009728261778750857,0.0001666606070513943,-0.006902136455473884
2016-04-13,0.010005443445436635,-0.010662277185778612,0.003513618292311227
2016-04-14,-0.00010505962607876285,-0.01397656040779005,-0.0047949095010719756
2016-04-15,-0.0011004919355419585,0.006916553277877435,0.008565144782763046
2016-04-18,0.007241819311182729,-0.0015264612277036127,-0.004321922704597414
2016-04-19,0.0030218769869299056,0.015627688132066497,-0.003122973506945015
2016-04-20,0.0008310449215298554,-0.005101192515562847,-0.011000445591829333
2016-04-21,-0.005553444094885007,0.0037824404776409803,-0.005947867277956376
2016-04-22,0.0002610529981015297,-0.012811914275298819,-0.0025637129994406926
2016-04-25,-0.001617256678097756,0.0028840781155776707,-0.004129176272819612
2016-04-26,0.0014629373141665791,0.003975248058563308,-0.004537531239444004
2016-04-27,0.0020873564971908287,0.002864397439145794,0.009979891959222442
2016-04-28,-0.00900900476545552,0.018901209532051544,0.004124198691193293
2016-04-29,-0.0056751848149664275,0.01945750344247421,0.00255711667713876
2016-05-02,0.007979937294005257,-0.0033158403319838436,-0.010068277879276444
2016-05-03,-0.008545610942843673,-0.002271979748055375,0.012596157283195852
2016-05-04,-0.005870481286860296,-0.006099544612754526,0.005486042449149853
2016-05-05,-0.00010623953242283601,-0.0011455641166617792,0.00668457514003129
2016-05-06,0.003617436221597714,0.009093148301192455,-0.0042743934993266786
2016-05-09,0.0010605005036874449,-0.020539038586043668,0.0031431217355948338
2016-05-10,0.012390946622686139,0.0027351995597273415,7.600027650656038e-05
2016-05-11,-0.009362629813772116,0.009423039824896007,0.00565452196959626
2016-05-12,0.0005807314082850734,-0.0078611125358784,-0.004558807128573594
2016-05-13,-0.009234379659621594,0.0045394140453900444,0.00969403984019368
2016-05-16,0.009959822331846446,0.0007394952589121484,-0.00861823830731323
2016-05-17,-0.008806583152965342,0.0034482607423813594,0.0016775558798829415
2016-05-18,-0.00015967339235889444,-0.01734579222228738,-0.014235538923166757
2016-05-19,-0.0032461519209110445,-0.0019150352244893254,0.004324962209566241
2016-05-20,0.0062459329583495204,-0.0013348098643798378,0.0007681944545854247
2016-05-23,-0.001326390800414412,-0.002840166573309433,0.0022286769576809196
2016-05-24,0.012696445471942042,-0.017341037506874768,-0.004446971839423441
2016-05-25,0.006819900348695951,-0.002728045068191687,-0.0037726068130619073
2016-05-26,0.0004688291308214687,-0.003419400875365075,0.005178238787284073
2016-05-27,0.003906114938569738,-0.008234680643287917,-0.001460736076101643
2016-05-31,-0.0011933357883242568,0.003805525009163979,0.002387559156656671
2016-06-01,0.0018694692011596015,-0.0010339059082515867,0.00405705939171197
2016-06-02,0.003006839053645738,-0.0023288275554194104,0.0072074697458415216
2016-06-03,-0.0028943196067502397,0.027751354156539287,0.014235455488294857
2016-06-06,0.0048206455058883435,0.0003364814640942626,-0.007430535495139501
2016-06-07,0.0018053219903055862,-0.0008408886281601191,0.002419588671468631
2016-06-08,0.0032957968343396704,0.014812339174809175,0.005356062130474681
2016-06-09,-0.0015398878300579844,0.005556461757929343,0.006453728848326401
2016-06-10,-0.009612430349424606,0.004041219495006354,0.004845971463964371
2016-06-13,-0.007525601834537987,0.007392817000752894,0.004451608660157369
2016-06-14,-0.002196466070857439,0.0010599906561068462,-0.0007390735744013943
2016-06-15,-0.0014675341027694522,0.007412264290884263,0.0038443813143689276
2016-06-16,0.0032545326548079068,-0.010511020767707824,0.0048590883166530485
2016-06-17,-0.003714836470059213,0.01282889140431287,-0.0062278146018126534
2016-06-20,0.006406598362170168,-0.005970132166106756,-0.01069308586993245
2016-06-21,0.00284729085429114,-0.019235474102691663,-0.004621205600919387
2016-06-22,-0.0016732720926603273,0.0004965672774475127,0.001647464578900415
2016-06-23,0.012937478674265535,-0.0065343333792947655,-0.01143847420919375
2016-06-24,-0.03645457138134034,0.049038376152841456,0.026847141582656553
2016-06-27,-0.0176562046429225,0.005396827818855421,0.024966963984545343
2016-06-28,0.018464742735598394,-0.010735716822507735,0.0020839851971306
2016-06-29,0.017218505959323727,0.004149350816571085,-0.007672979030725835
2016-06-30,0.01349901900389261,0.00500639622652943,0.003685459949839043
2016-07-01,0.0020815880233295836,0.015339625386899147,0.01388482129087687
2016-07-05,-0.007009480963444559,0.008254789567508913,0.012519763807068651
2016-07-06,0.005908522933268712,0.005870043250717272,0.0016159214583053583
2016-07-07,-0.0006760279461064389,-0.003762499043616141,-6.977768985139132e-05
2016-07-08,0.015188849874857357,0.0060120143847071095,0.0073658098173132736
2016-07-11,0.0034838153796434845,-0.009423926954219786,-0.008774540177551193
2016-07-12,0.007046288504361398,-0.016551874633622066,-0.016439049914502846
2016-07-13,-0.0003547548882841811,0.00920177573180525,0.011785585170587032
2016-07-14,0.005832753734282603,-0.007715129649756625,-0.014542876305837393
2016-07-15,-0.0015128630117837716,-0.003848311365095336,-0.008596915648723447
2016-07-18,0.0028788585800267885,0.001576825791636871,-0.0009393723715341862
2016-07-19,-0.001108063272370785,0.0013381467862105811,0.00564168101327267
2016-07-20,0.004033345200027849,-0.014307049036417885,-0.005466283574508735
2016-07-21,-0.0037660599617700408,0.015232503958900745,0.002025218740927315
2016-07-22,0.004636824144255147,-0.007462722347700734,0.0017320468868788907
2016-07-25,-0.0024079958647310606,-0.006964758718206121,-0.0007202733209485945
2016-07-26,-5.0421572322045805e-05,0.0042241075487405855,0.0015855379325948604
2016-07-27,-0.0006535218754656347,0.016111101422991103,0.012453436850566657
2016-07-28,0.0011070665923971212,-0.002889909558035031,-0.001848411841852582
2016-07-29,0.0017592494062239616,0.010339903082906332,0.008333836772663972
2016-08-01,-0.0011538517819846827,0.0018607962561190128,-0.010842097737545853
2016-08-02,-0.00622980416300567,0.00812570067976126,-0.010302373592417369
2016-08-03,0.0028815871169596274,-0.004759425467430023,0.000578283503799959
2016-08-04,0.0009579203736516106,0.0016968857004249216,0.007514074985230046
2016-08-05,0.00805734153326898,-0.01786395743940894,-0.010398016204880456
2016-08-08,-0.0004994519427682365,-0.000862411663815732,0.0018838602373074664
2016-08-09,0.00064986389566557,0.004080325118523742,0.00983660639505124
2016-08-10,-0.0025475959142797766,0.004688953410549868,0.0038670393582715956
2016-08-11,0.0049076380057409,-0.006922832969429749,-0.008917248717916215
2016-08-12,-0.0009966839693730245,-0.002114801025602908,0.008422271301818052
2016-08-15,0.002893186371449863,0.0034536484045673,-0.009423308713682021
2016-08-16,-0.00517276405203404,0.0049280733796905896,-0.0026666852214266568
2016-08-17,0.0016498516555485399,0.0002335080486637331,0.005997706815317638
2016-08-18,0.0023962153652132834,0.004747086461879935,0.0015800952816800162
2016-08-19,-0.001394816903054763,-0.008829675348611454,-0.005234695797855848
2016-08-22,-9.963429724879624e-05,-0.00148474204574367,0.008434709945110752
2016-08-23,0.0018453930973663102,-0.00015649274735829444,0.00107233015475372
2016-08-24,-0.004828323247930699,-0.011114635054762179,-0.002356758959995209
2016-08-25,-0.0008005363440438673,-0.0008706109240564919,-0.003793893860599473
2016-08-26,-0.0019021550337903204,-0.0014259708499476664,-0.005820154813678924
2016-08-29,0.005065408100030533,0.0019833398964483884,0.013370723486536562
2016-08-30,-0.0018960853939083977,-0.010055457179525829,-0.0038512749139222313
2016-08-31,-0.0024501179069743584,-0.001999520134694288,0.0014318023107195987
2016-09-01,-0.00020019707548069032,0.0040872106204499214,0.0011027796120703925
2016-09-02,0.004461435576828654,0.010216288370529014,-0.008155949121451789
2016-09-06,0.0031441969940617653,0.016907695537669243,0.0072861904342698125
2016-09-07,-4.961357384392073e-05,-0.003418556588101307,-0.0007168973832010206
2016-09-08,-0.002338670639531859,-0.0053013792150961025,-0.012540964185903891
2016-09-09,-0.02413706305558383,-0.00658355954228651,-0.016474210716111104
2016-09-12,0.01430912703939402,-0.0012623563085552014,0.0005162163111029905
2016-09-13,-0.014256181014401514,-0.0066355664917512325,-0.011357857466875676
2016-09-14,-0.0006159656833051308,0.0034194855282367875,0.0014922242086927717
2016-09-15,0.010273864463130167,-0.006419381491795106,-0.004320155967219685
2016-09-16,-0.003915066280202217,-0.00247272219188599,0.008079533838545538
2016-09-19,0.0003059174908326412,0.00207901920123299,-0.0032654166225621895
2016-09-20,0.00010242906878432656,0.0009575705942728163,0.0034997640387859352
2016-09-21,0.011226173506581727,0.014588601451239303,0.00808713122936755
2016-09-22,0.006004550436415013,0.00235721740921524,0.007947963013887005
2016-09-23,-0.005366985836895988,0.0006271210413582029,-0.0009488364623430057
2016-09-26,-0.00796802595288515,-0.0007833801247610905,0.006358770962868077
2016-09-27,0.006100498432695556,-0.007291260548213385,0.007335490957803836
2016-09-28,0.00540648611724337,-0.003159070582864132,-0.0021634403521597623
2016-09-29,-0.00939813463886996,-0.0011884132817953086,0.002529131854820399
2016-09-30,0.008015635421280587,-0.003410805950794571,-0.008936377734217626
2016-10-03,-0.0031703861348302276,-0.0025469571504198596,-0.0033005024158780927
2016-10-04,-0.004644891460858891,-0.03471112739159021,-0.011695265373457997
2016-10-05,0.004159240695636335,-0.0015706575141682944,-0.004659095309127115
2016-10-06,0.0011618095441650045,-0.009273018119780652,-0.005573307477211742
2016-10-07,-0.0036830224438135772,0.000668512445361813,0.0006731293439674602
2016-10-10,0.004607818571091604,0.0035076482865623593,-0.005899757432656139
2016-10-11,-0.012148948884925015,-0.005076569505331308,-0.002252950879600868
2016-10-12,0.0012761828971739053,0.0015892497462293154,0.0009784145765323604
2016-10-13,-0.00321073115236703,0.002421921836488483,0.0037611653885349927
2016-10-14,0.0002553658438699813,-0.0055819226506638175,-0.01401221622572335
2016-10-17,-0.002964308932655535,0.0026809625769763645,0.006382994278045118
2016-10-18,0.005895804195097387,0.006183137214928136,0.003247530324684167
2016-10-19,0.002752286371501489,0.0057299655530487215,0.0008278138123947176
2016-10-20,-0.0016263628360378979,-0.0030550965627722526,0.0010533882478214185
2016-10-21,0.0002539999981752139,0.0007454362173064943,0.0015018874774217483
2016-10-24,0.0040720892233021555,-0.0022345797266349887,-0.004350932258526452
2016-10-25,-0.0028388295192485202,0.007548139354159433,0.002637393926128162
2016-10-26,-0.002236989113775123,-0.00559809251948773,-0.006762758843405825
2016-10-27,-0.0026489526858081147,0.0018213529185828747,-0.01089408824104221
2016-10-28,-0.0031674665055911877,0.0047103519110967,-0.0022183837330609357
2016-10-31,0.0,0.0029610183001298473,0.006132690995496848
2016-11-01,-0.006969831499648915,0.006478603409139305,7.630518122203611e-05
2016-11-02,-0.006605535132135687,0.007414617516698918,0.0043507607292985195
2016-11-03,-0.0038966325014249126,0.005338107937297831,-0.00767561782866466
2016-11-04,-0.0013560483504277965,0.0007240252267182168,0.008960666005551232
2016-11-07,0.021934472017776097,-0.018007861361529542,-0.008501242488106353
2016-11-08,0.004599549184835627,-0.004175211869501427,-0.0040581042845750925
2016-11-09,0.010682475269051528,-0.0006576934516286936,-0.04243211348980358
2016-11-10,0.002315469375705481,-0.01488974658560116,-0.014771037239156737
2016-11-11,-0.0018581031222035804,-0.02212944906788228,-0.005622060931518846
2016-11-14,0.0001506523761782841,-0.008454294420749409,-0.005981559652858404
2016-11-15,0.00809893710971843,0.00869866618655779,0.0049464335629960665
2016-11-16,-0.0016965511715887338,-0.002988440021410743,0.009022568359460914
2016-11-17,0.004748079660682913,-0.005138293152093909,-0.014714415465094444
2016-11-18,-0.0017908033582376692,-0.008780207102896176,-0.0028878791550580596
2016-11-21,0.0073756673975620135,0.0037342622620732957,0.002482673348683573
2016-11-22,0.0018306157789345079,-0.00034608855246265335,-0.0003305370334125701
2016-11-23,0.0008889018677116223,-0.019819983532816443,-0.003880379136667611
2016-11-25,0.003996196456303336,-0.005651208738617575,0.0014917776710055008
2016-11-28,-0.004717629131580026,0.010567466787642088,0.007366716522079209
2016-11-29,0.0015802328268683663,-0.004657349687858581,0.00419051314063279
2016-11-30,-0.00226802280425642,-0.013419234467324848,-0.016200722038856696
2016-12-01,-0.00390258181149139,-0.0018791864382340373,-0.010558635728538435
2016-12-02,0.0006942073507580915,0.005379222424209074,0.007327982457086879
2016-12-05,0.00574966306334912,-0.005350441210868029,-0.001087443844075997
2016-12-06,0.003498963726314308,-0.0009861987578327902,-0.000753360063558195
2016-12-07,0.012670915710669917,0.003589711251758221,0.00854474313258402
2016-12-08,0.0026183755069257852,-0.0023249765892274787,-0.011794183493169741
2016-12-09,0.006094916664058925,-0.010486673587394413,-0.012439537268508771
2016-12-12,-0.0011057298846806063,0.003804331187865717,0.0018726988831538893
2016-12-13,0.006834495732655821,-0.0033387723118656343,0.003567542797918044
2016-12-14,-0.008270127397603688,-0.014667226454941784,-0.011173016937413571
2016-12-15,0.0037115134659948534,-0.01369112807217554,0.005050446179445167
2016-12-16,-0.0017287101517550196,0.006614558767378709,-0.0022997337724611766
2016-12-19,0.002261034234146253,0.004997623978540311,0.010756914888945257
2016-12-20,0.0038395683526257773,-0.007367118973593101,-0.0049831332699561415
2016-12-21,-0.0027250937926505125,0.0005566152526592649,0.004413810486978198
2016-12-22,-0.0012737763348423803,-0.0024107755207141146,-0.0017882995648548228
2016-12-23,0.0008695094098347678,0.0031601819765598727,0.002036928759242773
2016-12-27,0.0024615127012834748,0.005837091185366683,-0.003218559876190241
2016-12-28,-0.007896307322418639,0.0027634769574851337,0.007308596697964909
2016-12-29,-0.0001938559169138987,0.01313614088883086,0.0035432475060999113
2016-12-30,-0.0034465153888165734,-0.006165566230220687,0.0015130764396236174
2017-01-03,0.006965185608746927,0.00784600497730814,0.004281220519423146
2017-01-04,0.0059013839097161735,0.0035303646722089077,0.0038451321662749116
2017-01-05,-0.0007694521089924855,0.015515074970534615,0.01565375033108829
2017-01-06,0.0038980455778998557,-0.00737255123072611,-0.009182023029038255
2017-01-09,-0.003163833473426414,0.008232645807116912,0.008025921615016696
2017-01-10,-0.0001443916188458294,0.0042602588509306205,-0.0006568197109992902
2017-01-11,0.0028377992704342603,0.0030932255360247574,0.003367483854206821
2017-01-12,-0.0022062648834906273,0.003612367067042932,-0.002210469907475865
2017-01-13,0.0019704350005547155,0.0026336178800692167,-0.004757826664067322
2017-01-17,-0.003549530204965956,0.01435950794847174,0.010468826102378204
2017-01-18,0.0021181167528587785,-0.008459177733679324,-0.012808164133594868
2017-01-19,-0.0033626593550100115,-0.0008706024299159898,-0.0068585432622711995
2017-01-20,0.003229358169892338,0.0024397178433508415,-0.001997177431945274
2017-01-23,-0.002306129121496636,0.006431967354547874,0.010004696359277254
2017-01-24,0.006356749880700452,-0.004490925540628465,-0.006851515831751032
2017-01-25,0.00832659357329435,-0.008241493674922662,-0.012550699168543678
2017-01-26,-0.0007593255086632,-0.009272197003353688,0.0033674367637039904
2017-01-27,-0.0014245634768551563,0.0020306880028346797,0.003606547691892281
2017-01-30,-0.006040712274644311,0.004229477187141839,-0.0030085318684046625
2017-01-31,-4.7893324352288325e-05,0.01386331327657886,0.006958765734487171
2017-02-01,0.00014368685469823284,-0.0030290445198764004,-0.0061836640362220585
2017-02-02,0.00043048736759865314,0.005555550404536813,-0.0004194170541245157
2017-02-03,0.0074131721511734305,0.0025034610211955854,-0.000420183302119681
2017-02-06,-0.0020888389831160703,0.013519329475210284,0.006050719719807196
2017-02-07,0.00023807673984310718,-0.0020390643159919897,0.007350501469370885
2017-02-08,0.0012839531186854547,0.00621491028966048,0.013598685613551487
2017-02-09,0.005700165427546144,-0.00761487018603868,-0.011534972581651037
2017-02-10,0.004014799130503954,0.0026430007347089113,-0.0005794080666164936
2017-02-13,0.005315937213445476,-0.006802682251218939,-0.003146445289925137
2017-02-14,0.0041647756071405695,0.0011129901542927811,-0.007227393713498453
2017-02-15,0.005079248206200093,0.004447076385095894,-0.004601623025082935
2017-02-16,-0.000788068458575597,0.0053640263872474225,0.00546389800363678
2017-02-17,0.0015311857727728917,-0.0033875467452245678,0.005935847027116248
2017-02-21,0.0058841837128724706,0.000594830851824435,-0.0017458419551227289
2017-02-22,-0.0004608347096306531,0.0013588421410561935,0.0016652324471930768
2017-02-23,0.0005532073717651187,0.008735465586520608,0.0029928358179065473
2017-02-24,0.0011972560796815745,0.00638973004234078,0.011104124890769729
2017-02-27,0.0014718216525069217,-0.004845398633643638,-0.005900543567469496
2017-02-28,-0.002939317154382337,0.0009234436519076628,0.003709905025967908
2017-03-01,0.014188661672522862,-0.0014258642418293332,-0.016756391525276415
2017-03-02,-0.005859427613717494,-0.01243067157641009,-0.0035992515180476303
2017-03-03,0.0005483683417573104,-0.0005953367386810626,0.002604168639362303
2017-03-06,-0.0031054193243224004,-0.006722839768239397,-0.004775564182042946
2017-03-07,-0.0030236405732214644,-0.008053482107396648,-0.003031293533828139
2017-03-08,-0.0021132217143126075,-0.0062187012290060295,-0.00540397894284228
2017-03-09,0.0010590534432071141,-0.005127727710842134,-0.00798157479086492
2017-03-10,0.003495643388344405,0.002183978311645074,0.0035096207359441856
2017-03-13,0.0005958152853435816,0.0001743082536056484,-0.006311493782291233
2017-03-14,-0.0033898581630871227,-0.005403478549159679,0.004806232855613768
2017-03-15,0.008319370985449881,0.018664539100545774,0.01221482000124774
2017-03-16,-0.0016866622248630225,0.004129061134912737,-0.005062968771679666
2017-03-17,-0.002008856926010605,0.0022273151662723922,0.00627610386963795
2017-03-20,-0.0008696792950652066,0.004444860945005402,0.004299036612117613
2017-03-21,-0.012776321523003342,0.008765200923941618,0.00830865973815853
2017-03-22,0.0020408908445166407,0.0024464392887426634,0.00399516760272256
2017-03-23,-0.0010227777029844232,-0.001346492128619703,-0.0014090460875110233
2017-03-24,-0.00032614507497419343,0.001601099219161961,0.0035698843372780065
2017-03-27,-0.0016298539917306565,0.005636868294673025,0.004549759403424503
2017-03-28,0.007416890834599288,-0.004099371444605038,-0.00667058047433533
2017-03-29,0.001481535106759635,0.002436163586164053,0.005969693755300209
2017-03-30,0.002681996325163416,-0.007206910225050822,-0.008076622384461496
2017-03-31,-0.002397972941658111,0.0021102388572973307,0.002907756926505023
2017-04-03,-0.0012480390825011511,0.005306580584065079,0.01008721552279268
2017-04-04,0.0005551492865096819,0.002262289701825848,-0.00542494617332856
2017-04-05,-0.003052487885446431,0.0,0.003057389423699819
2017-04-06,0.002597982145318589,-0.003678334988324705,-0.00148284945643129
2017-04-07,-0.0008790349908589512,0.0023493772325884343,-0.004043181161606957
2017-04-10,0.0006943392508573787,0.0,0.004639477795560065
2017-04-11,-0.0012493044605920156,0.014481863135711759,0.009483278244234894
2017-04-12,-0.004124485394295885,0.006848701913851674,0.005472403462776443
2017-04-13,-0.00665432258344445,0.004753334264967268,0.00308800919620289
2017-04-17,0.008760054265484873,-0.0029363834815018253,-0.003078502751396095
2017-04-18,-0.0027398448834387024,0.004744779460001958,0.013080156163899348
2017-04-19,-0.002188537110739741,-0.008874746300268521,-0.005452847132021654
2017-04-20,0.0081669613397517,0.0018893922713916211,-0.0038706272742817793
2017-04-21,-0.0029162133717315353,0.002869780885113693,0.0
2017-04-24,0.010677503496581142,-0.006785988212145488,-0.004937448704814051
2017-04-25,0.006017637633857209,-0.010125150830952667,-0.012039116820742102
2017-04-26,-0.0007304852583218668,0.0049064144523129904,0.005516356596626526
2017-04-27,0.00077678389758562,-0.003723907331012466,-0.00032781634686829264
2017-04-28,-0.0019177902135800728,0.0031563855415273068,0.0022120936741818475
2017-05-01,0.0024247322199886234,-0.009108209859209682,-0.00831369234141055
2017-05-02,0.00031929596009305783,-0.00016709821486060594,0.005120792628128479
2017-05-03,-0.0010035971801911625,-0.013957360197643709,0.0006573440986479273
2017-05-04,0.0009133733054569326,-0.010086475737808298,-0.0049267601795800475
2017-05-05,0.00401499725987331,0.0018837333588364036,0.000907747121494662
2017-05-08,4.543244803167923e-05,-0.002222050521183294,-0.00544146092313913
2017-05-09,-0.001272534054462815,-0.005995691205500586,-8.295886737241798e-05
2017-05-10,0.0018655836157059902,-8.618815999517082e-05,-0.001160693325665929
2017-05-11,-0.0020437239553395825,0.003964142371969848,0.0
2017-05-12,-0.0015471246222233948,0.0028326337429587234,0.007553108023705235
2017-05-15,0.005058911564867596,0.0026534071191921527,-0.0027182016192002223
2017-05-16,-0.00018143113068813665,0.0043537829852127174,0.0037172509106864204
2017-05-17,-0.017733870141042662,0.018189539837597968,0.014566369739801077
2017-05-18,0.003647902998046293,-0.008181011348557088,0.001135163531613026
2017-05-19,0.006210791093551826,0.0049659454541624015,0.0023499681284209206
2017-05-22,0.005578187756435815,0.004187604636601616,-0.002747877574880042
2017-05-23,0.001954991903165837,-0.006338633249028169,-0.006728048218218041
2017-05-24,0.0024054465320286766,0.003944948993712671,0.0056314399864969555
2017-05-25,0.004662600280012752,-0.0010868426783263718,0.00032410527956416857
2017-05-26,4.537118824110564e-05,0.00887175702052101,0.0017036926479863101
2017-05-30,-0.000946201956847248,-0.003318413164433487,0.0049398928262391895
2017-05-31,-0.0002256213782252381,0.003995366733579031,0.002498168184208005
2017-06-01,0.007804406895304261,0.0008290372396291268,0.00010426539296060078
2017-06-02,0.0031332000418013983,0.0073724269437449585,0.0118407475273834
2017-06-05,-0.0006692803484149579,0.0009867835373715828,-0.006209018516174503
2017-06-06,-0.0028578832935607368,0.011254375087548674,0.005447255640515847
2017-06-07,0.0016572505485470401,-0.005280272412152454,-0.004780324853635998
2017-06-08,0.00035718112371863064,-0.006533241668445489,-0.0026417834564866904
2017-06-09,-0.0011617115281093993,-0.00912454251071615,-0.001524811124720249
2017-06-12,-0.00040267793117931827,-0.0014932827593217013,-0.00032117874921966383
2017-06-13,0.004878912298280413,0.0009970317877492363,0.00016012057719949624
2017-06-14,-0.0010688931101362487,-0.00547811789275976,0.015436434423070189
2017-06-15,-0.0020068823202907815,-0.004172926066378535,-0.0015833915891525496
2017-06-16,0.0002681857629160955,0.00016758836001962152,0.001982575756738436
2017-06-19,0.00817454291377695,-0.007625239321596311,-0.0014246143478577888
2017-06-20,-0.006557390439781874,-0.0021109516115493943,0.00895664924004369
2017-06-21,-0.0004013848369821549,0.0028769363429739236,0.0020419408135932127
2017-06-22,-0.0005802921185937837,0.0033749707830614817,0.002195288582571564
2017-06-23,0.0017041387526961493,0.004288615406013774,-0.00046931065772104485
2017-06-26,0.00031356087998979376,-0.008959220397639522,0.003756326026565393
2017-06-27,-0.00796632516171869,0.0038019343183648413,-0.010681329067839807
2017-06-28,0.008842338903249924,0.0007575454013519778,-0.003310240843795942
2017-06-29,-0.008630919922809288,-0.00487806411784153,-0.008380709819103438
2017-06-30,0.0016691572550868727,-0.00253552275635216,-0.0023126301201773503
2017-07-03,0.002207000288311889,-0.016353163532217163,-0.0032203599959831353
2017-07-05,0.0017519907435894488,0.003704025486608087,0.00024148904781307046
2017-07-06,-0.008970936947375385,-0.00042907160833882685,-0.008273532334520328
2017-07-07,0.006336596052644472,-0.010217244173899132,-0.0059940559207005695
2017-07-10,0.0010345678197103414,0.0016481821948142183,0.001467291495514278
2017-07-11,-0.0007642418841816712,0.0012990519121256483,0.0017082405914183862
2017-07-12,0.007509089206735542,0.0035460648934033667,0.0069041147542545644
2017-07-13,0.00169608244019126,-0.0018098688846157618,-0.006292176547082584
2017-07-14,0.004544213742052161,0.008202356680584888,0.001218055779388827
2017-07-17,0.00013320988069809303,0.004453235312239068,0.0027562033709433997
2017-07-18,0.0007539989726519369,0.006991215691223296,0.008733392201889956
2017-07-19,0.005273156035575655,-0.0002539901713813908,0.00040061667889101926
2017-07-20,0.00030827030179292336,0.001354979930841882,0.0028847180401878614
2017-07-21,-0.0007048450476236923,0.008626558617128355,0.004234610924729321
2017-07-24,-0.00035274892027548077,0.00041921366315400554,-0.0038986581292860256
2017-07-25,0.0023819148842589843,-0.0032687905257637873,-0.01301887931931378
2017-07-26,0.00030831203818726394,0.008072646310579579,0.0016180101747376163
2017-07-27,-0.0011879941322313625,-0.0007507202198243634,-0.004928231539461647
2017-07-28,-0.0011451794149395234,0.00751316068954333,0.00592766166546177
2017-07-31,-0.0005732850861833727,0.0004971211979458712,0.0012102727624869747
2017-08-01,0.002250307615750735,-0.0008281447132181263,0.007021125374583992
2017-08-02,0.0005724813964911313,-0.002072109381170417,0.000561572798368104
2017-08-03,-0.0017598641800400383,0.0015780299800982611,0.010344073175272861
2017-08-04,0.001674608417361334,-0.007794965092940864,-0.008492006183643985
2017-08-07,0.00162809173004419,-0.0011700742821817434,0.0011205383409016445
2017-08-08,-0.0019768615717801197,0.0029286123995055924,-0.003597800939596274
2017-08-09,-0.0005720174115761978,0.012097421498902916,0.0054564827067120625
2017-08-10,-0.01374163808440143,0.007419021877765664,0.008539605390110117
2017-08-11,0.001339762237712705,0.004745944156777204,0.00047456786198818435
2017-08-14,0.009811226731124778,-0.007085289845225606,-0.005141078741210836
2017-08-15,8.845603536311586e-05,-0.007709931316675078,-0.0042141368590287165
2017-08-16,0.0015897299703375722,0.007356582616572016,0.0036734495827197566
2017-08-17,-0.015563573543068698,0.00508734802014188,0.007476873585590793
2017-08-18,-0.001836362151955595,-0.0015511047050799087,-0.0002360940524808175
2017-08-21,0.0012114495762223232,0.0037612352656932746,0.002447705267503153
2017-08-22,0.010128117507294254,-0.00448031151993189,-0.0038603229055484967
2017-08-23,-0.003416226240845255,0.003764005301683193,0.00680164147702822
2017-08-24,-0.0023148295446913103,-0.003097719565419932,-0.0036921727308807384
2017-08-25,0.0021864184101043627,0.003679752595251218,0.00386352308905491
2017-08-28,0.0003561570302867967,0.015887278895027057,-0.0006280878291980985
2017-08-29,0.0007567507705936727,-0.0021654043401579948,0.0032219666268429314
2017-08-30,0.004981046485162954,-0.00048221796718150856,-0.0003133873969957124
2017-08-31,0.00588574908862971,0.011740101940391323,0.002977608579266766
2017-09-01,0.001715456694927564,0.0019074699121892635,-0.007648805021391203
2017-09-05,-0.0073781851158883915,0.011105834943620163,0.015857953155046234
2017-09-06,0.0034954701695490975,-0.005099651110527015,-0.006135403020452901
2017-09-07,-0.00022042917006981355,0.010409331674411826,0.010236894259555207
2017-09-08,-0.0015437335128077878,-0.0012487602904230899,-0.002165734105341488
2017-09-11,0.010910062814450283,-0.01390950036975469,-0.011938426196707264
2017-09-12,0.0036703796591126547,0.0029320477853171933,-0.005256488834987305
2017-09-13,0.0006091983886433727,-0.007506297144185381,-0.003943495705744149
2017-09-14,-0.00034809884594555474,0.004378656548724491,0.004117751668887726
2017-09-15,0.001392726639879216,-0.004993697404288455,0.0003939283693261686
2017-09-18,0.0017386788004511988,-0.009320466663927607,-0.00575397165830871
2017-09-19,0.0012146564822843597,0.0020907215740946228,-0.002458048988721817
2017-09-20,0.0005487425376635713,-0.008024393981386213,0.0007158142660532718
2017-09-21,-0.002829334929744687,-0.007603967161635139,-0.00055618030016924
2017-09-22,-0.0001309846836826667,0.004564701313993336,0.0028603639072251053
2017-09-25,-0.0014845597962472867,0.010467388330802407,0.00625978409757999
2017-09-26,0.00034983204300309545,-0.01116196421162674,-0.00181087409520575
2017-09-27,0.003889935297949343,-0.009420139990778287,-0.015067910969368992
2017-09-28,0.001175782863383379,0.001885519931214219,-0.002963242965239976
2017-09-29,0.003566040700692108,-0.005155038524977895,0.002249007117722801
2017-10-02,0.004203572511663811,-0.006662322551317712,-0.0018309499051851752
2017-10-03,0.002028058240304942,0.0004968550936175209,0.0009653000454445948
2017-10-04,0.001378311759012929,0.002813840376879373,8.040378096207945e-05
2017-10-05,0.005934915046094336,-0.0053643767904709705,-0.003777483402081061
2017-10-06,-0.0009407442936461008,0.004729503075844965,-0.0028241775409452163
2017-10-09,-0.001754333636090455,0.0081757826666502,0.0031557392470982215
2017-10-10,0.002529174811183088,0.002621229439913275,0.0016132838317932663
2017-10-11,0.0016248314302143019,0.0031862694835504968,0.001932790602000578
2017-10-12,-0.001536824807818249,0.000814386133850542,0.004259364101509178
2017-10-13,0.0011115289885588187,0.0075677460313676725,0.007202669318874477
2017-10-16,0.0015805223972200633,-0.006864791440930884,-0.0007148258938795005
2017-10-17,0.0006397310808610168,-0.006830966568647456,0.0012722340646873498
2017-10-18,0.0008947516482464835,-0.003766470931119148,-0.006591779377384865
2017-10-19,0.0005107761966780533,0.005917656213846323,0.0017590472333979257
2017-10-20,0.004979038458779783,-0.006373059753138954,-0.010613600502715537
2017-10-23,-0.003641546294094966,0.0015623915833617996,0.0017741582623713725
2017-10-24,0.0014025339625944877,-0.003858794818776823,-0.006199311945459307
2017-10-25,-0.004795704750953922,0.0001648120231156902,-0.00477998188097839
2017-10-26,0.0009384121189479622,-0.00840541125580585,-0.0033383377855756846
2017-10-27,0.008520743183237256,0.004736970715121469,0.00661637387000491
2017-10-30,-0.003633153141714085,0.0019023633137824625,0.009575265780865205
2017-10-31,0.0011447761020713099,-0.003797565383496959,0.0003210077468811523
2017-11-01,0.0017363539184920285,0.003646328400454868,0.00445260276746029
2017-11-02,0.00042277774478960417,0.0006605716344769696,0.004408933433335038
2017-11-03,0.0033384288573443666,-0.004703355749991034,0.0027131539724905007
2017-11-06,0.0015160284402853108,0.008539203746006141,0.003740990133112021
2017-11-07,-0.0004204815492031555,-0.003616953850285376,0.004203016765188972
2017-11-08,0.0014724891603821177,0.0034650455582678763,-0.0022109347009068303
2017-11-09,-0.0036129333943540898,0.004110828013571766,-0.0028490739379054553
2017-11-10,-0.0005901141810240595,-0.008187996581421442,-0.015079785861410455
2017-11-13,0.0011811474439678005,0.0014860093226882753,0.0020957289875300766
2017-11-14,-0.0024438447980261735,0.0020608359165059653,0.006753773867142598
2017-11-15,-0.005111096394288639,-0.0012339083538733808,0.010862863043419546
2017-11-16,0.00853400512490543,-8.23831309511025e-05,-0.008691447464660995
2017-11-17,-0.0026943571348431172,0.012026351450757033,0.007412764660114979
2017-11-20,0.0013086490899485437,-0.012616010451388715,-0.0003950868594718715
2017-11-21,0.00666081364154536,0.0016487064682373376,0.0031656875407437557
2017-11-22,-0.0007118617250140291,0.009217308019892956,0.0032349942855844915
2017-11-24,0.0020950942494426528,-0.002527909692056296,-0.0027524865949950517
2017-11-27,-0.0002925164039366823,0.004169409233999888,-0.0014200599494528232
2017-11-28,0.009913949014249246,-0.0001628614521104188,0.001342863145771922
2017-11-29,-0.0003724887462510651,-0.0062698205225436565,-0.009858754443235362
2017-11-30,0.008370224454624875,-0.007702412605330111,-0.003345578819983208
2017-12-01,-0.0018493316671335247,0.004046225185331043,0.013494409570265153
2017-12-04,-0.0010703972880473644,-0.00337195530112111,0.00047420257937291765
2017-12-05,-0.0035440047680789233,-0.007096885692240984,0.004975951625216579
2017-12-06,-4.1463157116616856e-05,-0.002077792558461522,0.003458292494838311
2017-12-07,0.0033086938048352277,-0.01315900587216201,-0.007832605003083581
2017-12-08,0.005441923693643824,-8.434894941455884e-05,7.956069456405146e-05
2017-12-11,0.003239044819036474,-0.003966924437765251,-0.0020527354632636774
2017-12-12,0.0017162207037724198,0.0011863349471583629,-0.00039509021083894424
2017-12-13,-0.0002445496725942409,0.008633065001213636,0.007516994621303841
2017-12-14,-0.003958675755573959,-0.002013911785324396,0.004240442208829354
2017-12-15,0.008399339101889058,0.0021020768465358497,0.0037540752005418287
2017-12-18,0.0062168766969596945,0.004614893860962033,-0.009116004512955467
2017-12-19,-0.0036345835573873275,0.0007516606979649509,-0.01297346277416389
2017-12-20,-0.0007698691158466442,0.002670670135530351,-0.011073142207664755
2017-12-21,0.0020277684001805962,0.0014150005810633637,0.005828387828148207
2017-12-22,-0.00020231674345516648,0.005236513137702126,0.0013641752598629875
2017-12-26,-0.0011633256799434832,0.006862859144246114,0.0029658289135170435
2017-12-27,0.0005699228195417128,0.0037776687734956127,0.013025391908496609
2017-12-28,0.0018725833948578519,0.005072364396301321,-0.0008678239561982215
2017-12-29,-0.0034532256027651753,0.006512031434223742,0.0015791970211160855
2018-01-02,0.0073381200362745425,0.012131014811884722,-0.010799341379631455
2018-01-03,0.005949302792654931,-0.002636850395774437,0.004781604759195313
2018-01-04,0.004385116122522792,0.00512737855482448,-0.00015913933711186878
2018-01-05,0.006409083649344449,-0.0010361649479244672,-0.002855468598290112
2018-01-08,0.0020696717392552078,-0.00015961279955856167,-0.0006362963183248471
2018-01-09,0.0021050241315769824,-0.0046284750854691525,-0.0133728392315563
2018-01-10,-0.0017041943069605603,0.002405158456580736,-0.0012102337901264137
2018-01-11,0.007384638010525135,0.003279242310744168,0.004120081965719002
2018-01-12,0.006621349983576108,0.012117319941670202,0.0016891671892691473
2018-01-16,-0.003641416801127284,0.0016540570729914883,0.004176160417765695
2018-01-17,0.009666974333981893,-0.008099385028916384,-0.0013602375887933338
2018-01-18,-0.0013623047097470753,-0.002219746160232239,-0.009289151336143497
2018-01-19,0.004247952052931714,0.004449368789751107,-0.005254519141859149
2018-01-22,0.00803345580317738,0.0018193589642852004,0.000975316798556003
2018-01-23,0.00227155162265702,0.004974316982453653,0.0043027616025046456
2018-01-24,-0.0004996704993530665,0.012177899643490031,-0.005416085611669064
2018-01-25,0.00046110848411418104,-0.006675468432262743,0.008209319504743684
2018-01-26,0.011639317734373211,0.0007814808358339587,-0.0037088480336516794
2018-01-29,-0.006910459986553152,-0.005621994291566623,-0.006958313395785343
2018-01-30,-0.010667936711623471,-0.004318770545372663,-0.005866834794578835
2018-01-31,0.0009274880584646539,0.006703457836465088,0.005901457671786403
2018-02-01,-0.0010037408540540804,0.003290292152912322,-0.014492717703966651
2018-02-02,-0.021412479867701006,-0.013117887393550687,-0.009279153652533512
2018-02-05,-0.04107578952540558,0.002531843471552664,0.00944925772267613
2018-02-06,0.018493326312300162,-0.010496423649786535,-0.0062127672208207585
2018-02-07,-0.005459370989848167,-0.004705665583148222,-0.009503154413199155
2018-02-08,-0.037165135594063314,0.0015225774502147793,-0.0010943852925164865
2018-02-09,0.015414923719360374,-0.0016803225174144565,-0.0063189968539901775
2018-02-12,0.013724320356953479,0.004808897328354433,0.004409208926912989
2018-02-13,0.003364430883716407,0.0056632293923437604,0.0044743306255077275
2018-02-14,0.013084663147549414,0.017052616317100977,-0.011093373789677452
2018-02-15,0.012956216553734023,0.001169844500285011,0.00339878883821898
2018-02-16,-0.00011953868510650167,-0.003271582663696204,0.005421018594524263
2018-02-20,-0.006057304380485129,-0.013441710167313103,-0.004380442404391616
2018-02-21,-0.005252318064510653,-0.004594377467322608,-0.012268516006235797
2018-02-22,0.0012092369335368058,0.005093103382117992,0.002997926061222289
2018-02-23,0.01642473272380629,-0.0012668539845070992,0.008882433694509029
2018-02-26,0.01152496244778578,0.0024575674654647717,0.0003385222393528231
2018-02-27,-0.012764307090440963,-0.01043890649807222,-0.001438729814445816
2018-02-28,-0.011104804258144418,-0.0010388975966705294,0.0063562776654166875
2018-03-01,-0.01319485141934662,-0.0022399902343750444,0.006826210140242983
2018-03-02,0.005324184423357359,0.005372018620811936,-0.008129772352123865
2018-03-05,0.011480938258991547,-0.0016747674096407872,-0.0027037319179412656
2018-03-06,0.0025181782102547956,0.010784458146907872,0.0009320853534517948
2018-03-07,-0.0004384370686768557,-0.006401624645603676,-0.0011005371498081784
2018-03-08,0.004666447932727413,-0.0023862794212923255,0.005762303947766556
2018-03-09,0.017309064161411758,0.0009568071147663115,-0.006572048207809211
2018-03-12,-0.0009755392416405106,0.0,0.0057675238127599116
2018-03-13,-0.006601609071825609,0.0019117242474055995,0.005059246756711877
2018-03-14,-0.005268949113018784,-0.0006360457292980959,0.008809462787482625
2018-03-15,-0.0009489559240053458,-0.006364323323672649,0.0
2018-03-16,0.0010287412894027792,-0.0024019459414951205,-0.003576267994815252
2018-03-19,-0.013360307277536454,0.0021669685053569143,-0.0031716635361381806
2018-03-20,0.001763090282094426,-0.004484705499084418,-0.004019209663711387
2018-03-21,-0.0023197005303440266,0.01745640608927701,0.00109312548449636
2018-03-22,-0.024852598828579042,-0.003953194075975608,0.009909203723499127
2018-03-23,-0.02129346375860597,0.012938539529958382,-0.0007483854254822786
2018-03-26,0.027527010439589494,0.005250357853935794,-0.0038280813737473496
2018-03-27,-0.017328367576826764,-0.0061584106879087885,0.010693042926291474
2018-03-28,-0.0028002301642671146,-0.01380496145836152,0.002644816334442579
2018-03-29,0.014415385156972382,0.0004771936450476133,0.004863401210219553
2018-04-02,-0.023133001032825895,0.011686153191860393,0.0019728530292633106
2018-04-03,0.012686158301937756,-0.007543604183229413,-0.007712420183167645
2018-04-04,0.011524740279359458,0.0011876001018218396,-0.002066997120668823
2018-04-05,0.007224505504289436,-0.005140323544257752,-0.007456957911179174
2018-04-06,-0.02200922188278842,0.004689954877408642,0.010935721732318049
2018-04-09,0.004065034724343164,0.0034021703240154633,0.0016511870896591674
2018-04-10,0.016486505263208384,0.0023655815524343815,-0.0018134242269554068
2018-04-11,-0.005296647694225665,0.007787899955785216,0.003551371792554825
2018-04-12,0.008379511627740088,-0.011630613197024187,-0.007324860009105261
2018-04-13,-0.0027834167544287247,0.006555000660688037,0.002321476470676709
2018-04-16,0.008127868467832977,0.0014123209845888773,0.00033092899665532194
2018-04-17,0.010749855942397302,0.0009402393572395251,0.002728797415818107
2018-04-18,0.0005643560325587771,0.0007827669207129961,-0.007998551346585892
2018-04-19,-0.005476082076661615,-0.001955416527053,-0.008146533360395725
2018-04-20,-0.00809710982886902,-0.007601890535287481,-0.007207021084058907
2018-04-23,-0.00044909820427452285,-0.007975949843974872,0.0002529590154536354
2018-04-24,-0.013638520193640757,0.004855919415812648,-0.00455803607947336
2018-04-25,0.0025665962012013654,-0.006496075996334616,-0.0066969799684190034
2018-04-26,0.010282118503819992,-0.0035085115107064135,0.006998563616125164
2018-04-27,0.0010625986255674569,0.004241008034887361,0.007712963595859934
2018-04-30,-0.008165732882071564,-0.007251025196090666,0.0017663607358742173
2018-05-01,0.002140419510481495,-0.007063145351023148,-0.0036011618299115478
2018-05-02,-0.006818794804203776,-0.0004849855228984401,-0.0010976304395484693
2018-05-03,-0.002357549095643341,0.005095004008440096,0.004480732684933653
2018-05-04,0.013266556605967539,0.002092067418605348,0.001514950007223126
2018-05-07,0.003109146705396748,0.0002408766587147504,-0.0015967994669920937
2018-05-08,-4.057952959957145e-05,0.00016052535213439967,-0.0009261310563897229
2018-05-09,0.009707911307426986,-0.0020868008225221057,-0.005981902717412391
2018-05-10,0.009372233355162018,0.0068366320405601755,0.008052265378466927
2018-05-11,0.002441417330749429,-0.0014379318160805399,0.0025227240281773256
2018-05-14,0.001117808564676137,-0.004080017089843735,-0.005283932414301806
2018-05-15,-0.00685938669984143,-0.01614583132241265,-0.011382694494494805
2018-05-16,0.004256477958131111,-0.0015512935679184991,-0.0038378896776625204
2018-05-17,-0.0008397172780280071,0.0005724073456552237,-0.005051737765136455
2018-05-18,-0.002480967105938592,0.0004086552101045804,0.008605344004026794
2018-05-21,0.007341532288339669,0.0005718461950008358,0.000511433965042718
2018-05-22,-0.0028675942043522307,-0.0005715193738216051,-0.0015349280765890594
2018-05-23,0.0031154422592798436,0.001061982268841355,0.007259654208320976
2018-05-24,-0.0019113420933223324,0.00856859323093273,0.007970187961172659
2018-05-25,-0.002513045905587097,-0.003074660285441455,0.0062247522273612965
2018-05-29,-0.011558124692407912,-0.000162297242228715,0.02190274577988416
2018-05-30,0.013190502376629665,0.001461160009810003,-0.006708486790572232
2018-05-31,-0.006469450338784655,-0.00218857312515075,-0.0016468995185351387
2018-06-01,0.010530967443934447,-0.004955325896935703,-0.00528347562397391
2018-06-04,0.004415082510737189,-0.000979631964080463,-0.007232085003990196
2018-06-05,0.0013859002403922016,0.003922495029546447,0.0023449176328378396
2018-06-06,0.007988660714371765,0.0005697980927446,-0.008103516251226295
2018-06-07,-0.0004710458302412679,-0.00048810250152531154,0.009685483000045458
2018-06-08,0.0031401469798510995,0.0012209142530825723,-0.0030031751506708337
2018-06-11,0.0012910279073001796,0.0017884823744616085,-0.0018404996660577044
2018-06-12,0.0016804543126314186,-0.0033271415316106223,0.0002516508024146269
2018-06-13,-0.003979260402029894,0.003012561044629436,-0.0005031749804416119
2018-06-14,0.0028985402589645215,0.0015422908372948463,0.008300381811215507
2018-06-15,-0.0008593661639602068,-0.01653429211330959,0.0009143048268724918
2018-06-18,-0.0023844449774635956,-0.0018954650937899054,-0.0009134696371739803
2018-06-19,-0.0038005009271077084,-0.0025596363391253707,0.005819814958198055
2018-06-20,0.001809092665974621,-0.004470206141435118,-0.008762665758936028
2018-06-21,-0.006242373296859505,-0.001746208886931222,0.005254015171483939
2018-06-22,0.0017780703511440787,0.0024156041546103957,-8.262500111733129e-05
2018-06-25,-0.013842425654194468,-0.0037393797734436296,0.002239918534359342
2018-06-26,0.0021994270541561,-0.0052547940330739396,0.0014072266617701779
2018-06-27,-0.008299726544251818,-0.005701830395735019,0.009423883955564483
2018-06-28,0.006091905918975238,-0.00303593021413906,0.00024580091429671214
2018-06-29,0.0025312313773915296,0.003637288959023266,-0.003438698153878428
2018-07-02,0.0011624715279818787,-0.010029518972628937,-0.0007821926131764689
2018-07-03,-0.004043134903996437,0.01013112932642235,0.005356084053518284
2018-07-05,0.008561451403125364,0.003371272825408722,0.0028693093612139897
2018-07-06,0.008329328185217477,-0.0015959885471287238,0.003269014326002573
2018-07-09,0.008853151341435384,0.0024398528860691826,-0.006436008000725857
2018-07-10,0.0034869205718546237,-0.001846422307055895,-8.195496907992261e-05
2018-07-11,-0.006832206786908768,-0.010846724226159843,0.00385394649887405
2018-07-12,0.00856959248295297,0.004165231777556899,-8.164702298896209e-05
2018-07-13,0.0008574105418919231,-0.004401901762097649,0.002532451209744435
2018-07-16,-0.0006230738778737477,-0.0005101399394812356,-0.00415539727324743
2018-07-17,0.004286455378458953,-0.01080394929383155,-0.00188213786261604
2018-07-18,0.001823511469005279,0.00025798744076199753,-0.0040169603049748925
2018-07-19,-0.0037956712585281993,-0.004298856594405098,0.006337973038063938
2018-07-20,-0.000932913924775125,0.006476124823511453,-0.012269413764748549
2018-07-23,0.0019067781909145598,-0.004804371742649027,-0.012338010230679486
2018-07-24,0.004699442066068205,0.0003448354786839136,0.0034373174161124176
2018-07-25,0.00916197622259074,0.005515334234738045,-0.0015872946507344832
2018-07-26,-0.002949602496349013,-0.0077991400388178755,-0.0019248196114858285
2018-07-27,-0.006493197248143345,0.0005183138095208317,0.0016766945387558518
2018-07-30,-0.005761778127456596,-0.0015540041641225466,-0.003431851332547309
2018-07-31,0.005056354131041552,0.002939873181190933,0.005459561350913633
2018-08-01,-0.001238584448117419,-0.007328204929526905,-0.008146654672108511
2018-08-02,0.005076397174749836,-0.005384772884042377,0.001434869925194926
2018-08-03,0.004896049875930286,0.003492853105171001,0.004974159412107104
2018-08-06,0.003759516598094814,-0.0051339744804317355,0.0005866949611754713
2018-08-07,0.0027901691927154637,0.0022740706959851753,-0.005197687680708163
2018-08-08,-0.0005337431368577228,0.002792628802213759,0.0010115650006652377
2018-08-09,-0.0012580591941410146,-0.0014794690881722028,0.008418125535086585
2018-08-10,-0.0067969607521375375,-0.0004357279352805721,0.007262733925449183
2018-08-13,-0.0037673890501728202,-0.01508416880379293,-0.0020718552294662906
2018-08-14,0.006444333605412966,0.0009738014451408095,-0.0022425285564847686
2018-08-15,-0.007361708508470288,-0.016626844065553037,0.005826610146314692
2018-08-16,0.008111694551341087,-0.0008094609704913935,-8.284992878981878e-05
2018-08-17,0.0033333519064953077,0.009270916232611892,0.001241812193240932
2018-08-20,0.0022150941360465914,0.0049942495470025605,0.0066953281037474
2018-08-21,0.0021718719624614913,0.002928336094692563,-0.0033664615622168714
2018-08-22,-0.00030430095133704427,0.002211997942183075,0.003954405983239484
2018-08-23,-0.001445392134385659,-0.009446452957847074,0.0015590690914235594
2018-08-24,0.00628493839553701,0.01746886601762876,0.001966547395360063
2018-08-27,0.007531647630810712,0.00376657902932398,-0.005724248900754292
2018-08-28,0.0005640653863190348,-0.007941321771505638,-0.006003982785769191
2018-08-29,0.005481213295156495,0.004574213948543848,0.001323780514376205
2018-08-30,-0.0040699789693834365,-0.004903656511020316,0.0021488184971829583
2018-08-31,3.725840939816649e-05,-0.0011439392301669793,-0.002308911240422429
2018-09-04,-0.0013869477879844272,-0.005109698001402485,-0.005782002754711413
2018-09-05,-0.0028157069127294765,0.0034534613352918964,-0.0026654998511088657
2018-09-06,-0.0029369427480627763,0.0019414156485668688,0.0036754013023221344
2018-09-07,-0.0024167885117527543,-0.0027302937827557994,-0.008489427177129083
2018-09-10,0.0018925571454944112,-0.000706542689065337,0.0036930533544188293
2018-09-11,0.0037782259095746618,0.0006186451072049959,-0.007609554980619326
2018-09-12,0.00011325116129690116,0.008390716640166218,0.0023588926352007267
2018-09-13,0.005682766252291138,-0.003591101333891067,0.0015132560484034663
2018-09-14,0.0005238614484295301,-0.006504970809317334,-0.004785209124031797
2018-09-17,-0.005647631538647557,0.005220350246058381,0.0
2018-09-18,0.005453741754332331,-0.0014963310274801467,-0.010459446738609657
2018-09-19,0.0011226039904805862,0.0038786565809445506,-0.005967484753341079
2018-09-20,0.008034312269235677,0.0034246522572403126,0.004631719739282225
2018-09-21,-0.0007041676365657779,-0.006825928084458366,-0.00042707776749517645
2018-09-24,-0.0033388041330602025,-0.00017619740455376842,-0.002561749973630789
2018-09-25,-0.0012285935329816589,0.0015863250483771907,-0.0010277610222003686
2018-09-26,-0.0029307412139700784,-0.005279352979018381,0.007028110541537735
2018-09-27,0.002777974238108216,-0.008845643281780058,0.0006805997877945558
2018-09-28,-0.00011227981058004044,0.006336448595585464,-0.0026365759806550315
2018-10-01,0.0037071341438781324,-0.001685016298391906,-0.007341447267376622
2018-10-02,-0.00011207056574935592,0.011548397044346626,0.00611298017868056
2018-10-03,0.0008583394026271396,-0.003951915050342092,-0.01737108816893762
2018-10-04,-0.008201393624617803,0.0005290529796950771,-0.007053475971222745
2018-10-05,-0.005638267404658892,0.002819877382429281,-0.008595594463577494
2018-10-08,-0.000264827385640376,-0.011072074713894375,-0.003361902096835623
2018-10-09,-0.0012855839175850425,0.0005331220730910857,0.010119130065137094
2018-10-10,-0.03229443786006214,0.00248666770063255,-0.00272366991568862
2018-10-11,-0.021048637070913312,0.025691013434101517,0.012159443232944822
2018-10-12,0.013508078777473509,-0.004750349180877911,-0.0034818757204704287
2018-10-15,-0.005481201663164681,0.006682258271583086,-0.00043719642288941873
2018-10-16,0.021291928542103822,-0.0017241116227775244,0.002271943793753506
2018-10-17,0.0003492626076107008,-8.63742311474347e-05,-0.005928931179181585
2018-10-18,-0.014048831803423867,0.001122698440194414,-0.0003508953739365106
2018-10-19,-0.0007872626933813631,0.0007764317521294917,-0.0021939925345666467
2018-10-22,-0.004136436481051886,-0.002586010225269386,-0.0013189177682818576
2018-10-23,-0.006012577498132332,0.005876763551604158,0.0031697863850659314
2018-10-24,-0.029847348699673537,0.0023198236435848507,0.007549466843605801
2018-10-25,0.017925998381623787,-0.002228717024418514,-0.004181878743369505
2018-10-26,-0.017690809790892215,0.0031786521678458524,0.006036258795547589
2018-10-29,-0.00516880689694621,-0.003939360261170033,-0.002260849849635038
2018-10-30,0.015298871931441527,-0.0043847864976440665,-0.004968235459259729
2018-10-31,0.010478758883758044,-0.005613139108367582,-0.005080769401582419
2018-11-01,0.010370162450245912,0.01285276342099273,0.0009268997697191583
2018-11-02,-0.006205913237882887,0.00017151910256396619,-0.012431955884446122
2018-11-05,0.005684264178476672,-0.0024003324100665413,0.003927915353976852
2018-11-06,0.00632900928778346,-0.002835798085983776,-0.0006223168401019441
2018-11-07,0.02112146216037125,-8.619558903444346e-05,0.001334915531362224
2018-11-08,-0.001704204380622354,-0.0021546152083956605,-8.930219418989971e-05
2018-11-09,-0.009234717159996353,-0.011228151978489587,0.007466057230673284
2018-11-12,-0.019307427252836296,-0.007162820324765118,0.006528563258024533
2018-11-13,-0.0016775241631891147,0.0003518677181439944,-0.0006139055581417807
2018-11-14,-0.006840086555518932,0.008267391966898296,0.000614282669686883
2018-11-15,0.010351131884332121,0.0011339606953078007,-0.0004385159872010158
2018-11-16,0.002551308893257609,0.00740616997802257,0.005787702010560114
2018-11-19,-0.01658122384042282,0.0004324115306661991,0.0027896355417307284
2018-11-20,-0.018397264085604603,0.0,0.00034794298941598356
2018-11-21,0.0033365420929631906,0.0016426250921932617,-0.00034782196720095637
2018-11-23,-0.0064457768243258995,-0.0007768338236752159,0.001043578649550625
2018-11-26,0.015660638872199373,-0.0011228924348919422,-0.0022581047673592147
2018-11-27,0.0031328855452059656,-0.00596681464067883,0.0011319836078749201
2018-11-28,0.02336049242699323,0.0037407596049732206,-0.004869702882785321
2018-11-29,-0.00206104028713594,0.0031201301691909933,0.003932050187956948
2018-11-30,0.00663206984010789,-0.0017279847238081958,0.00374207895576939
2018-12-03,0.01234794285374341,0.007529883500850154,0.007100427451957048
2018-12-04,-0.031019604637822606,0.00609912432039339,0.016741791201030587
2018-12-06,-0.0025337510598594237,0.0001707363609755319,0.003140358639001306
2018-12-07,-0.023224201961425384,0.00810992789134457,0.00186136854983876
2018-12-10,0.001197352691685305,-0.003471894702593792,0.00413841108238322
2018-12-11,0.0002886239734825047,-0.001189661703648759,-0.00016854891703499408
2018-12-12,0.0055229757453203465,0.0021269354947484054,-0.0044585603012710084
2018-12-13,-0.00032778806354116785,-0.002207336227265433,-0.002365312652731766
2018-12-14,-0.018451685722297384,-0.0039989894119348834,0.0034725277398766075
2018-12-17,-0.02041693937993516,0.0069195729103175285,0.005823550304896008
2018-12-18,-0.0003857812879538569,0.0023754880187698557,0.005989094448758614
2018-12-19,-0.01595592234811416,-0.006093958623821227,0.013210340326001546
2018-12-20,-0.016432889359305203,0.015413416962360094,-0.0036309617886637335
2018-12-21,-0.019897743497300002,-0.004360924625816387,-0.00016519205593934494
2018-12-24,-0.02753692405732988,0.010950096100037499,0.004970032232807453
2018-12-26,0.050588280302293676,-0.002999441684935489,-0.010715673448916219
2018-12-27,0.009294419479241256,0.007604847107346435,0.0001665013856544384
2018-12-28,-0.0012719509632160841,0.004064011487183938,0.008414082080749008
2018-12-31,0.009000869267444589,0.0015694898830167503,0.0037999452032655423
2019-01-02,0.0007831937072997341,0.0006598089159148834,0.005267033959983403
2019-01-03,-0.02387050300194271,0.009066170423806419,0.011379446442802754
2019-01-04,0.03300650972281849,-0.00808623590052937,-0.011575080868989285
2019-01-07,0.007502982633132982,0.003458482876331992,-0.0029481536588295
2019-01-08,0.009715082070115066,-0.00270804061547536,-0.0026283646205488287
2019-01-09,0.004620330398308337,0.006418158373500793,-0.0015647336058932648
2019-01-10,0.0041772877427146415,-0.005886691481276518,-0.006433411699190761
2019-01-11,-0.0004623163221717519,0.001727170986037363,0.0039014242311758984
2019-01-14,-0.005506695698678454,0.002380897199235621,-0.003720776806947268
2019-01-15,0.01170864926307047,-0.0017200351443329431,-0.0036523741542001664
2019-01-16,0.0022141072348080826,0.003199863787636481,0.0009998764975467367
2019-01-17,0.00746221302025285,-0.001308546962521917,0.0002493815742392602
2019-01-18,0.013447923979041043,-0.008926410300850951,-0.005241350238200604
2019-01-22,-0.013310560116023606,0.0035531343340227117,0.006774522770536251
2019-01-23,0.0014898624239303437,-0.0013997379433262624,-0.0004151225551931592
2019-01-24,0.0009916459793397614,-0.0015666428373899421,0.006565804481739823
2019-01-25,0.008503036626957838,0.01461726258147622,-0.004789420635719965
2019-01-28,-0.0077356374644603765,0.0034999210730881636,-0.0009954155408141707
2019-01-29,-0.0012373021679409346,0.005596580714432919,0.005066604597468105
2019-01-30,0.015817853382651625,0.005726722578225818,-0.0007443276392926634
2019-01-31,0.008334633674270009,0.00048117377030232333,0.008600583804288853
2019-02-01,0.0008468113908710606,-0.002004008016032066,-0.006039893322707268
2019-02-04,0.007130828771784614,-0.004337356751223598,-0.0044642540563820665
2019-02-05,0.004440031969491942,0.002581475453272253,0.0045672183482730055
2019-02-06,-0.0012345159013553708,-0.006758902044908588,0.0004955670776431997
2019-02-07,-0.009808911790399444,0.002430293392984062,0.006610535467074907
2019-02-08,0.0012885979718595397,0.0037982966608789415,0.004268246794160158
2019-02-11,0.0005228278395621455,-0.004911042708701019,-0.003923402739791748
2019-02-12,0.012943080199113721,0.002103577179937588,-0.002543763333896387
2019-02-13,0.0030158840505261075,-0.003956062177902009,-0.003784174490547687
2019-02-14,-0.0022155913475698785,0.005592889654295163,0.005697705240478523
2019-02-15,0.011022965059948708,0.005964900110646543,0.001559956189130407
2019-02-19,0.0017259150381634392,0.015224309695700766,0.002541860771474891
2019-02-20,0.0023096930938928395,-0.0017363346220005127,-0.0028624358293917185
2019-02-21,-0.0036326513312903153,-0.011306137470128319,-0.008938588443511808
2019-02-22,0.005997980087552923,0.0035985360836492397,0.005957915097225541
2019-02-25,0.0014810190287330993,-0.0010358346885893654,-0.002961392687146014
2019-02-26,-0.0007395144790958152,0.001675034536747555,0.00495026188281833
2019-02-27,-0.0005059680871642991,-0.0070871108191714605,-0.011329220924072292
2019-02-28,-0.0023377140650593375,-0.005613959130088775,-0.0034045137525926528
2019-03-01,0.006873068008122374,-0.017017506627186707,-0.009243179444721528
2019-03-04,-0.0038397018550027084,-0.0026255308667169075,0.00783780328627004
2019-03-05,-0.0011679500101378082,0.0013162525939691694,0.0020903842879447243
2019-03-06,-0.0063929496810708475,-0.0009037184460104486,0.0036712747275351454
2019-03-07,-0.00804231725419069,-0.0008222882461903502,0.006485124918675034
2019-03-08,-0.002016846737748712,0.010945553273622899,0.004212807424798015
2019-03-11,0.014583385271611071,-0.004884390198699684,-0.0029611745123853117
2019-03-12,0.003554374253172732,0.006053709964792153,0.007012315905031707
2019-03-13,0.0068110334351696444,0.006992949727453013,-0.001883987980002444
2019-03-14,-0.000347826501834847,-0.011547098821608426,-0.007223316395996937
2019-03-15,0.00487279001283869,0.004574769560006908,0.0066143293064107045
2019-03-18,0.0035787704521312858,0.0005692420438265788,-0.0005747829487412481
2019-03-19,0.00030676967782539144,0.002763299214570525,-0.0022190096041924123
2019-03-20,-0.0035651120529029967,0.006484057947534483,0.010460137967598149
2019-03-21,0.011432570808032727,-0.004026413261163153,0.0022006900307121047
2019-03-22,-0.019010843089279583,0.002344768069306058,0.015535458726315898
2019-03-25,-0.000896742363366787,0.007663119616744263,0.001601571194204121
2019-03-26,0.007219893350739692,-0.004963137418149799,-0.0007195774341977046
2019-03-27,-0.004649681175286968,-0.005229296137734152,0.00920218552286678
2019-03-28,0.0038927131003956283,-0.014152850613865509,0.003488693550136146
2019-03-29,0.006437359874724269,0.0009023839948698598,-0.0009481403951168144
2019-04-01,0.01152035794994477,-0.003934131206699276,-0.014204086446679698
2019-04-02,0.00034301463964148127,0.0037028271386223555,0.0018491264224400616
2019-04-03,0.001865326042947535,-0.0014756542074283452,-0.008667633113534468
2019-04-04,0.0023947088362774593,0.00254513588527594,0.002833803149750791
2019-04-05,0.004815202763118753,-0.0010645913747292512,0.001291584239653698
2019-04-08,0.0008680039093944547,0.004344964459018774,-0.0035478680235941917
2019-04-09,-0.00531590562354034,0.0052240582686200465,0.0031559223434709516
2019-04-10,0.0034491667851686003,0.003085645543724258,0.002419983478958887
2019-04-11,-0.00018910167817598467,-0.012790430232882732,-0.005874237410515848
2019-04-12,0.0067629033016300966,-0.0009839698252590567,-0.007122536664588175
2019-04-15,-0.0006755405267706571,-0.0018879040751599296,0.00252736469895809
2019-04-16,0.0007134423523089684,-0.008963785785923273,-0.006261045260741116
2019-04-17,-0.002438980396049839,-0.0019085831288392363,0.0004089908091604588
2019-04-18,0.001881011891552431,0.0007482870651696061,0.005234836055680425
2019-04-22,0.0009759236955539929,0.0,-0.004801112275436781
2019-04-23,0.008627119712570908,-0.002076929420084306,0.0021260696783220734
2019-04-24,-0.001970919492388701,0.0029137401441747812,0.008158580077552102
2019-04-25,-0.00037277015928194324,0.0008300695036758121,-0.0014566079136654198
2019-04-26,0.0045849592115903,0.006635175033447016,0.00340376094164907
2019-04-29,0.0012617502827378946,-0.004449212353194509,-0.006380723801739263
2019-04-30,0.0006298590457449738,0.0030621129817147708,0.005121036222618169
2019-05-01,-0.007295920071194728,-0.0066006224629272525,0.004124859226304567
2019-05-02,-0.001977433788877603,-0.0038205903541769226,-0.004761714045848797
2019-05-03,0.00949494103765991,0.005919618726200282,0.002838442837631794
2019-05-06,-0.003961978288871459,0.001326117121353887,0.0027490805765946202
2019-05-07,-0.01620968317385585,0.003310996887363693,0.0076617054941308105
2019-05-08,-0.0019647927079922134,-0.0024750055657883907,-0.004321983446771593
2019-05-09,-0.0030670368280643068,0.002398422606480155,0.004099828436098241
2019-05-10,0.004671615695758691,0.001897717514232511,-0.0013611305684682051
2019-05-13,-0.024535034846650983,0.010211626950944463,0.007855595624022493
2019-05-14,0.008681187257542078,-0.001711902564663248,-0.0029428093536914
2019-05-15,0.0059168559434030765,-0.0005716127335255727,0.0061423821573811654
2019-05-16,0.009166939354666281,-0.007190107507202059,-0.003330052558715102
2019-05-17,-0.0060556509053767416,-0.007077611679961793,0.00222770367834757
2019-05-20,-0.006816206985565509,-8.290208125960596e-05,-0.002063930353568777
2019-05-21,0.008473105259429348,-0.002320944800343727,-0.001590823791541407
2019-05-22,-0.002737216225565553,-0.0009970317877491253,0.005735668297770058
2019-05-23,-0.011703730928947609,0.007734533613593886,0.011247946432549671
2019-05-24,0.0017358528975133236,0.0010729131367257505,0.0008616909288132746
2019-05-28,-0.008972329748313412,-0.0038747008151563955,0.0071997485557406815
2019-05-29,-0.00687756451558208,0.00033105118696652447,0.0030299335626471358
2019-05-30,0.00277788003730417,0.0067841455794739325,0.00859819940102291
2019-05-31,-0.013382852999707873,0.013476862164072179,0.012519727202016773
2019-06-03,-0.0029654962192670054,0.014432812396575123,0.0066889290953833225
2019-06-04,0.02201317412709014,0.0003197259638094696,-0.01140143209351141
2019-06-05,0.008460458290866057,0.00255692921232642,-0.005651407015999199
2019-06-06,0.006503743985516008,0.003267681746441209,0.003225983712342728
2019-06-07,0.009978951479170828,0.0056402851919619135,0.008651707035269851
2019-06-10,0.004694545145036866,-0.00995334973762696,-0.00941257810995777
2019-06-11,-0.00018825316923343216,-0.0011968524989021123,0.0006130893933724568
2019-06-12,-0.0018846206424451006,0.00519253494403471,0.0007660731150023192
2019-06-13,0.004455824736916636,0.006119340633088832,0.003443279930782861
2019-06-14,-0.0015038040109385253,-0.00031596300165459557,0.002516681120286357
2019-06-17,0.0009035514642186104,-0.0006320654488249922,0.0017492027691348166
2019-06-18,0.009967921463011509,0.005060083591572395,0.005011959738691951
2019-06-19,0.002643960772456211,0.006057242183997058,0.0014351092208944038
2019-06-20,0.00932326091327984,0.025177896911959374,0.002640644404509951
2019-06-21,-0.0011776251842293695,0.006635612181659978,-0.010986128859355793
2019-06-24,-0.0012897993246342443,0.014850786310930397,0.007456735588967867
2019-06-25,-0.009886999165833132,0.0019411266395166216,0.0030968120443712888
2019-06-26,-0.0009685693836424258,-0.009165393111099984,-0.00639998622480642
2019-06-27,0.0035088575878592376,-0.000977700846950591,0.007046897152467757
2019-06-28,0.005529175066617764,0.0027100317696175935,-0.0006771100329403534
2019-07-01,0.008508456762250205,-0.019369383559800002,-0.0023391138734741856
2019-07-02,0.0029104515747913062,0.021359735486276676,0.007713807815845408
2019-07-03,0.0076772208520314855,0.001649060899963084,0.007128730138586281
2019-07-05,-0.0012760111996223955,-0.011150231525253074,-0.013262815337017675
2019-07-08,-0.005000392415803301,-0.006432617734537516,0.0013590720875138462
2019-07-09,0.001247422793281494,0.0035037454291328984,-0.00037647024683018504
2019-07-10,0.004652763112794167,0.015787490178783115,-0.005507515128340912
2019-07-11,0.0020056911090984286,-0.008443584154164463,-0.013350292809243713
2019-07-12,0.0049135590938891305,0.006254723814186791,0.0011530608722740698
2019-07-15,0.00025358462347346844,0.0,0.005759388585654612
2019-07-16,-0.003258985788493707,-0.008462554430785363,-0.00297760251793433
2019-07-17,-0.0067564254449294925,0.01646531748539748,0.010797856334170852
2019-07-18,0.0036573030735795875,0.014117951186161548,7.574777163998903e-05
2019-07-19,-0.005356836205783755,-0.014727392803034478,-0.0023486461575815687
2019-07-22,0.0024181507865466134,-0.00014876383044060137,0.0018987248390309741
2019-07-23,0.006871042131917582,-0.005652618252780628,-0.005457192301797309
2019-07-24,0.004610004252130873,0.005086339018351538,0.004343893341184568
2019-07-25,-0.004877927433507456,-0.007070008058076338,-0.004780353444421626
2019-07-26,0.007152772809291719,0.001648937368628589,0.0023634001118812975
2019-07-29,-0.001802362034511007,0.006659678193005059,0.00030397430803685843
2019-07-30,-0.002420023295036211,0.003344956160896251,0.002433637442385672
2019-07-31,-0.011331909991559641,-0.013112972808538625,0.00804022538130389
2019-08-01,-0.008385883399676719,0.02402219643390402,0.019860923497277083
2019-08-02,-0.007311568230156773,-0.0038120684590625675,0.009241251804486206
2019-08-05,-0.029500480284975206,0.013981852270352535,0.017288292510803993
2019-08-06,0.012879341962158453,0.008128386897085838,0.007992991584030662
2019-08-07,0.0006810184087386872,0.015189695160357397,0.0003570163840191931
2019-08-08,0.019514649919833316,0.005034686098196239,0.0021423421636856954
2019-08-09,-0.00697382196845131,-0.0033161732510501585,-0.001994949704997029
2019-08-12,-0.011729515171931437,0.009698502260031328,0.020849643874567336
2019-08-13,0.01549724617962589,-0.005959518154781018,-0.0034272877922937317
2019-08-14,-0.030112169287055512,0.0068415942238304606,0.022529195036300464
2019-08-15,0.003146792460271275,0.0066549698650941735,0.011119688684899431
2019-08-16,0.01465258925100077,-0.006402214255277094,-0.008010082591056733
2019-08-19,0.012291357623386512,-0.011696303286335752,-0.014302489448299371
2019-08-20,-0.007747252816660333,0.007795380191040424,0.010343965391720555
2019-08-21,0.008108124795789928,-0.003164420123660472,-0.006664854253733754
2019-08-22,-0.0003722857035154403,-0.0025395077899371676,-0.006640874326219959
2019-08-23,-0.02566493948767523,0.019589847185487175,0.016434448178731964
2019-08-26,0.011086936213212661,0.00013875475282665306,-0.004042503491288207
2019-08-27,-0.003932583693316283,0.00957073902105865,0.01540912627656077
2019-08-28,0.006946930354639891,-0.002816539407023644,0.0012876713377063531
2019-08-29,0.013006071716291423,-0.007164566813753437,-0.003789197929433774
2019-08-30,-0.00040931093394080964,-0.0025672712303844714,0.0002713896434771712
2019-09-03,-0.0055472157290265,0.013913043478260834,0.0012927936294362397
2019-09-04,0.010707416654562207,0.006243592878966586,0.0014941732159621246
2019-09-05,0.013223681512077645,-0.024001119491110168,-0.01810996165166001
2019-09-06,0.000730829744999939,-0.008523132778435305,0.007115205071137387
2019-09-09,0.0002557182104259148,-0.0037344897557421985,-0.017765305890942718
2019-09-10,0.00021923716984129094,-0.008557937047107611,-0.017528266454900354
2019-09-11,0.007193056138357079,0.006063676329913781,-0.0017770123950722194
2019-09-12,0.0029369368217393443,0.002056360685188219,-0.006550439373425809
2019-09-13,-0.0002535186438566983,-0.008279177519783909,-0.021358969071137324
2019-09-16,-0.0032897725760849816,0.008348294532203537,0.01274338158984989
2019-09-17,0.002720373874248727,0.0019813102518067005,0.005423539924639176
2019-09-18,0.0006151226935735554,-0.006285306153149484,0.004243676288360643
2019-09-19,-0.00021703358012215013,0.004050828215713009,0.0030083891657608497
2019-09-20,-0.005352081583094637,0.011820485442912032,0.013210361567856488
2019-09-23,0.0006907512209293198,0.005596383832365381,-0.0002109267891327038
2019-09-24,-0.008283416175709712,0.005286918308423871,0.0120538462318045
2019-09-25,0.006118181678119949,-0.018545379403875573,-0.014627442335845897
2019-09-26,-0.0019723673452829438,-0.0002820880237280887,0.0064327401479051805
2019-09-27,-0.00560856448020941,-0.005148429100112373,0.00245812927294331
2019-09-30,0.004940127220983914,-0.015525325955691782,0.0024521016899987647
2019-10-01,-0.01203251794940885,0.005472814807717441,0.0030110336045352515
2019-10-02,-0.017637363346654777,0.011673634369571584,0.0024425580780320644
2019-10-03,0.007937734135854635,0.004530648552570016,0.009122055475907942
2019-10-04,0.013874768554499095,0.0,0.007383228710569734
2019-10-07,-0.0042904689890285175,-0.008527071931805796,-0.008287831156161718
2019-10-08,-0.01552680006274143,0.00874259511120079,0.002693566830215266
2019-10-09,0.009319755828039344,0.0009160434363713055,-0.005648118550590886
2019-10-10,0.006803712533776318,-0.008729359144837523,-0.014894809937359255
2019-10-11,0.010433449302324815,-0.005539370732339566,-0.012376856129329816
2019-10-14,-0.0009182466512464016,0.003999125640758994,0.007262816813148998
2019-10-15,0.009673357210900901,-0.006970593591764218,-0.01208803487125687
2019-10-16,-0.001566838817074534,0.0057302703836425994,0.0012161102728360795
2019-10-17,0.0027001648855533578,0.0014243781997433924,-0.002429735570918523
2019-10-18,-0.004111805995713813,-0.0010667370445437419,0.0
2019-10-21,0.006978940895539187,-0.004770136663166058,-0.007522616471087873
2019-10-22,-0.0035193898964832604,0.002932997222985456,0.005847474079033077
2019-10-23,0.002949113428498462,0.0023537934253772264,0.0010046710065976239
2019-10-24,0.0016339736121870896,0.007115918371069618,-0.0020077960727495903
2019-10-25,0.004168164392692297,0.0023316740895991117,-0.004884942623100463
2019-10-28,0.005811281182415584,-0.008600036764796815,-0.009096109808824915
2019-10-29,-0.0006460118128220893,-0.0027730332148816483,0.000655578933671741
2019-10-30,0.0035191190620433854,0.005490226541611021,0.014634356888503897
2019-10-31,-0.003220631464084356,0.009998499224238566,0.013490237160982188
2019-11-01,0.009513647281249815,0.000912763389017579,-0.0030786007857388498
2019-11-04,0.003982984852918037,-0.002876007780098777,-0.013161315078933145
2019-11-05,-0.0012752280788340675,-0.016180006273117664,-0.011246284407038898
2019-11-06,0.00053230281392036,0.004290245395359271,0.006051279698421119
2019-11-07,0.003544663714006635,-0.015521486102876958,-0.018118278675980815
2019-11-08,0.002437108043017,-0.006364394703267995,-0.004207610468868306
2019-11-11,-0.0019379529179964772,-0.002401934875323586,0.0006672945834198529
2019-11-12,0.0019769894633254737,0.0026995120660886496,0.004592550317527033
2019-11-13,0.00042280471880995485,0.004002059820052306,0.006488941884956079
2019-11-14,0.0013383752044178188,0.004203521155341949,0.010329873235227938
2019-11-15,0.007456532450032416,-0.0025259154943226836,-0.001088144970839866
2019-11-18,0.0006285827685830192,0.0029664162029099383,0.0018148708066882957
2019-11-19,-0.0004888653871293336,0.0005050304911609071,0.008332739084347285
2019-11-20,-0.0035254171144626367,0.0005046655432805469,0.010347612184476773
2019-11-21,-0.0015412050037962866,-0.005477043362080103,-0.00625877367835892
2019-11-22,0.002210093930768542,-0.0018840181654777854,0.0012883093250595223
2019-11-25,0.007597150158809685,-0.004791662812458131,0.002930993018962269
2019-11-26,0.002014791005306771,0.004814733391401704,0.005844521122663204
2019-11-27,0.0047156412498468026,-0.005299919828770094,-0.0029057782091382878
2019-11-29,-0.0038306651243358303,0.006203971517371398,-0.0021318349291541416
2019-12-02,-0.008141353952499264,-0.0005078146228696401,-0.013332811411574719
2019-12-03,-0.007020474763629214,0.00957984896245434,0.020967124394047687
2019-12-04,0.006401651414010168,-0.0013658431498282386,-0.009985136520198057
2019-12-05,0.0018525826498079212,0.0005758841931267078,-0.004863956067528097
2019-12-06,0.008896278346458342,-0.009928092682104261,-0.005534929643219
2019-12-09,-0.0030431192205450097,-0.00029060665275248976,0.0021688220429454397
2019-12-10,-0.0009364917186805988,0.0028347098739491816,7.180275963958316e-05
2019-12-11,0.002603869429658845,0.00688553265084435,0.007861062399601382
2019-12-12,0.008795332781496912,-0.003527249493396556,-0.016458093226942916
2019-12-13,0.00037759572439743927,0.004478873140076667,0.011568070070012704
2019-12-16,0.007068416316865278,-7.198680622300113e-05,-0.008990375028455677
2019-12-17,0.0002047103388955751,-0.00021575647831872935,-0.001378941194867589
2019-12-18,6.760957494167386e-05,7.200752478642158e-05,-0.008211837946126122
2019-12-19,0.004155638217108848,0.002589559770448613,0.001599688638148855
2019-12-20,0.005088321420699593,0.0010044438566789715,0.0013191364371689662
2019-12-23,0.000980045373947691,0.003081942822633188,-0.0014638293524523727
2019-12-24,0.0,0.009431992518777577,0.0028581490900905226
2019-12-26,0.005115874232709983,0.007857298625196796,0.0024117301710371297
2019-12-27,0.0,-0.0003511943393945671,0.0010937272175599588
2019-12-30,-0.005494399731875599,0.0021077991140190377,-0.0036411399471669714
2019-12-31,0.002575941898136147,0.0018929327941459295,-0.009794030675411625
2020-01-02,0.00885721034497644,0.0073478173310379535,0.011292768095605199
2020-01-03,-0.007304744639549554,0.013268521727000326,0.015400570833021154
2020-01-06,0.0037468302528167463,0.010489502076611812,-0.005678707480049616
2020-01-07,-0.0027579190335613735,0.003935150508558971,-0.004915618521339149
2020-01-08,0.0051599815169576235,-0.007501524641443713,-0.006611011359643815
2020-01-09,0.0069112252864020896,-0.005651653463197515,0.0035107289944771303
2020-01-10,-0.0028657692017113323,0.006026192495848015,0.008890749455376268
2020-01-13,0.006616812707315622,-0.007419483430124996,-0.0030341397519093594
2020-01-14,-0.0013278664961151598,-0.0008915435213457945,0.005144259852336797
2020-01-15,0.002226809906942462,0.005834242779070742,0.00663159541886027
2020-01-16,0.008358137053794845,-0.0015695082440052577,-0.003150668434384274
2020-01-17,0.003387646982457415,0.0018454259925253513,-0.00854838720490636
2020-01-21,-0.002065300766856848,0.0010915790702048511,0.010505579935574438
2020-01-22,0.000263055392801137,0.0003406555206315609,0.003513745154874126
2020-01-23,0.00098509516813583,0.002248122121045526,0.007001817036936808
2020-01-24,-0.009120409819480702,0.005845572586286041,0.008088789148287256
2020-01-27,-0.015892500348948957,0.006825312844883635,0.015554456527115512
2020-01-28,0.010833495038815588,-0.008926785569624784,-0.00783126323022243
2020-01-29,-0.0009986304050088046,0.005417872354848807,0.009779085271806043
2020-01-30,0.003131617699560385,6.732120695107646e-05,0.00013822471051083696
2020-01-31,-0.017934689232760204,0.005792420039608892,0.009130026365576027
2020-02-03,0.007271305370059933,-0.006495688802043542,-0.0008102809667003275
2020-02-04,0.01541072561239143,-0.01300895070524588,-0.013466872537080565
2020-02-05,0.011308878006822454,0.0012293105482077404,-0.010935035156462214
2020-02-06,0.0033997773532983278,0.005388399719282511,0.004507352381552199
2020-02-07,-0.005083098519554019,0.002645857569860688,0.012478038889307541
2020-02-10,0.0071726528253843735,0.0025712490701368385,0.00276923051118394
2020-02-11,0.0018209186081059592,-0.0034419552752806837,-0.005040664287911278
2020-02-12,0.006426724847596654,-0.0008127480224853212,-0.005065619372400687
2020-02-13,-0.000967354153675104,0.00569345014846645,0.0038364135382400466
2020-02-14,0.0016787033383098837,0.004178427664004669,0.004376900128962857
2020-02-18,-0.0027394522589492265,0.012818816524224008,0.006849007346753755
2020-02-19,0.00481535250362608,0.005831221275388376,-6.856514219877319e-05
2020-02-20,-0.003923860320555361,0.004084659090851872,0.007833160286779384
2020-02-21,-0.01036496418452093,0.015025216397275942,0.009341002593279413
2020-02-24,-0.03344291179273784,0.008985128746405113,0.01492872297125114
2020-02-25,-0.03004324451936924,-0.017874260693127697,0.005324173954931899
2020-02-26,-0.004420051877654041,0.004370503298157802,-0.005295977250787232
2020-02-27,-0.044324715250283475,0.00019483522153040944,0.010848897417996328
2020-02-28,-0.006035187619034099,-0.03649347478693177,0.022583346420754102
2020-03-02,0.04463785952476074,0.005526297603759334,-0.00735771454666434
2020-03-03,-0.027582845807828993,0.031434333360162325,0.01552527211970367
2020-03-04,0.04144306310297963,0.0017545277375516921,-0.010618519238407509
2020-03-05,-0.03349776943276328,0.021600945458936538,0.024892359680205978
2020-03-06,-0.01677177005723962,0.00038096105467699815,0.05204348951932358
2020-03-09,-0.07716239002849168,0.0016502348575044845,0.027103272041024917
2020-03-10,0.051320949148459416,-0.02110133630677158,-0.05125813020627046
2020-03-11,-0.04958123604943954,-0.0035603512879937016,-0.03679764313349665
2020-03-12,-0.09671762799783978,-0.0398882588306293,0.0061963186318814145
2020-03-13,0.09342958583375771,-0.03051623730778741,-0.022602783098769952
2020-03-16,-0.1173877993089526,-0.011446115323986206,0.06476533862714273
2020-03-17,0.06547092260322485,0.0135554799295321,-0.06668315005777703
2020-03-18,-0.054663498662901655,-0.019921988429849713,-0.05641227645100677
2020-03-19,0.0008631604094053724,-0.018905499074657994,0.02722511165558994
2020-03-20,-0.043569041154549515,0.014995707221804766,0.07519605023343323
2020-03-23,-0.030701349404211764,0.044179590424960224,0.04120876684036512
2020-03-24,0.09536374520935609,0.048530353360380474,-0.01861389490297538
2020-03-25,0.012827179598445815,-0.01368964099270864,-0.002271240611358305
2020-03-26,0.060100651545476724,0.012822223412266576,0.004921100067977413
2020-03-27,-0.030719434297521997,-0.006460489804721581,0.026693311372943285
2020-03-30,0.03233684692356609,0.004400644787818209,-0.008228526690950533
2020-03-31,-0.014850721217921858,-0.03184668568859872,-0.008117346425625449
2020-04-01,-0.04505541102946076,0.009456223354449733,0.014010866209638762
2020-04-02,0.023391630872892977,0.0163934225377782,0.0063454589968399144
2020-04-03,-0.014777095054830491,0.0049374590529023266,0.0023794372935317387
2020-04-06,0.06802040408307475,0.027710521817620126,-0.002610980453043421
2020-04-07,0.0005339930620029687,-0.005354484768834378,-0.010472809898478097
2020-04-08,0.03394051230485595,-0.008907968786563414,-0.007275351890791537
2020-04-09,0.01484550845118271,0.026123560972308058,0.0018168611194646633
2020-04-13,-0.00970007263726358,0.017140343933811808,-0.009129507360036149
2020-04-14,0.03053035327040754,0.007868093580683189,-0.00024421815779007705
2020-04-15,-0.02176898442373354,-0.005101958505246418,0.02648883302227789
2020-04-16,0.005054007769542235,-0.0008649946516461338,0.011356692437625382
2020-04-17,0.027599166543175624,-0.019417471147623044,-0.013404343384788464
2020-04-20,-0.018019106382606287,0.007126124562213176,0.00804485106611974
2020-04-21,-0.03055702421686335,-0.006825274631933054,0.012592062431322493
2020-04-22,0.021996329603937825,0.019670860003665247,-0.010217395171686294
2020-04-23,-0.00019482903279799402,0.00995486708021609,0.0053087281891712745
2020-04-24,0.014507323224371538,-0.004285520778353313,0.0023469874096209153
2020-04-27,0.014453714658069217,-0.006640444141094992,-0.018613931164769615
2020-04-28,-0.004622925715630832,-0.004456556273727319,0.011511934834449677
2020-04-29,0.025772778929008977,0.005533445721913166,-0.0051894893284374355
2020-04-30,-0.008721313306158884,-0.018116569301821484,-0.011676633154290128
2020-05-01,-0.02725577903817289,0.00617125761149806,0.008562826488264896
2020-05-04,0.0031560832165693498,0.003504803873276119,-0.004703368163603727
2020-05-05,0.009208073246398607,0.004241037483481591,-0.006401293757595128
2020-05-06,-0.006729027913844998,-0.012855591040204617,-0.016135831290154834
2020-05-07,0.011826894296204538,0.015350754880484763,0.016706391065002713
2020-05-08,0.01671969477462021,-0.006010293229887331,-0.01300070175955903
2020-05-11,0.0001485879018101599,-0.006233636774804485,-0.0078058702398410285
2020-05-12,-0.02012479280695134,0.0038890673962401756,0.010263768740094381
2020-05-13,-0.01772910855815324,0.00962264814750724,0.006996978828770928
2020-05-14,0.012058385605634436,0.008850059782004704,0.009786653312108706
2020-05-15,0.004506297785289437,0.0056438144895878395,-0.002571972142852652
2020-05-18,0.030565633268963888,-0.007564144999551381,-0.02195464568401584
2020-05-19,-0.009443742617065487,0.00965020617044443,0.003742023020952834
2020-05-20,0.016311938096191803,0.0023742810342795018,0.0029931161050804622
2020-05-21,-0.007182403799839476,-0.0145763375976391,0.0024975217525631255
2020-05-22,0.0022514026147588684,0.005916836449104457,0.006015970569443363
2020-05-26,0.012852106097132054,-0.014214859559966153,-0.013409424427433647
2020-05-27,0.014579925160241647,0.0018024320171106112,-0.0018366737368267216
2020-05-28,-0.0019710812628602747,0.003350344766475555,-0.003680106628847324
2020-05-29,0.004488200967390332,0.0073584122707384125,0.00714074936226794
2020-06-01,0.004361240403651712,0.004603768848692402,-0.006732693662778622
2020-06-02,0.008221589636639326,-0.0064768271714218395,-0.003634812984372404
2020-06-03,0.013202171634368653,-0.01845018380928054,-0.013297907091735728
2020-06-04,-0.0025430555223887596,0.010526269495827023,-0.014478218086196981
2020-06-05,0.02556849899634739,-0.02027532426346157,-0.007123922229621771
2020-06-08,0.012124928544261504,0.010822142733466267,0.0038440028154531625
2020-06-09,-0.0071008131400315255,0.00964183116931494,0.011357407516251028
2020-06-10,-0.006235677092776171,0.014324773012967418,0.014827650560201189
2020-06-11,-0.0576359003210265,-0.007214084989501601,0.018901146054383755
2020-06-12,0.01205120316920727,0.0014163170663434865,-0.009640417014078473
2020-06-15,0.009118706379926067,-0.0017832572551969017,0.0005538095646451247
2020-06-16,0.019560577437430338,-0.0004928345355281749,-0.015333517530011553
2020-06-17,-0.0045878830430885476,0.0019106166939522051,0.00412748471114166
2020-06-18,0.0009080070273066454,-0.001968455156468263,0.010587944287075102
2020-06-19,-0.005895991633106057,0.011032995719469696,0.000801337969428273
2020-06-22,0.0066325716511561605,0.006462217682632332,0.0001226836611498694
2020-06-23,0.004531822585940759,0.008419646377624934,-0.006834068051753128
2020-06-24,-0.025575690307986676,-0.0034839130582626776,0.010725383802808075
2020-06-25,0.010576996924945403,-0.0006027175913517757,0.0028824904025925857
2020-06-26,-0.023435402135464467,0.004463149702982783,0.010703601705865928
2020-06-29,0.014593295215081348,0.0005404803669293301,-0.003146345495314784
2020-06-30,0.013335423131136226,0.004440918278166173,-0.0048564240262204406
2020-07-01,0.006844890993641162,-0.004481089931769877,-0.0019425758173221563
2020-07-02,0.005045705654582067,0.0021606086958432247,0.0010400656344620174
2020-07-06,0.015516076273042856,0.005988741319838731,-0.004095062942780836
2020-07-07,-0.010369026715220997,0.006310260659329048,0.014056022072241436
2020-07-08,0.007424654315821844,0.006211565862881185,-0.003994961564111166
2020-07-09,-0.005096905580273758,-0.0027044004055614135,0.01592154735499407
2020-07-10,0.01003845169912565,-0.0025938951172596036,-0.005024322686997262
2020-07-13,-0.009047528563268736,0.0012411575864292868,0.003306885152125627
2020-07-14,0.01338341661375364,0.004663568910189042,0.001437681588968065
2020-07-15,0.008872776655362236,0.0008813320073604025,-0.004667058772708121
2020-07-16,-0.002909078798839393,-0.009451688651900159,0.004749925857177262
2020-07-17,0.002645849819587376,0.008238009985450212,-0.00209476029708755
2020-07-20,0.008323890182675875,0.004820170160796611,0.0024585437753648076
2020-07-21,0.002080340265494307,0.012050997596656066,0.0005980985735536404
2020-07-22,0.005692769544468179,0.015202340363078104,0.0029885946755678905
2020-07-23,-0.011953584214663748,0.008825301770064575,0.011681565850102826
2020-07-24,-0.006470390495492362,0.008578870839228259,-5.899510078943848e-05
2020-07-27,0.0072926787552445305,0.019753770786684832,-0.0037117850593344492
2020-07-28,-0.006195787697668709,0.00834113103275036,0.006918261987399754
2020-07-29,0.01209635156338229,0.0075102306547618625,-0.0017024900534076126
2020-07-30,-0.0036491949021512093,-0.007400261112960993,0.00658843120135022
2020-07-31,0.008366521129880455,0.00908793109962347,-0.0006431392725938512
2020-08-03,0.006297862681278854,0.0011325390830079218,-0.005035086367108255
2020-08-04,0.004205524510400016,0.021277725496816835,0.00953253105693963
2020-08-05,0.0062324573665542005,0.009283241730161151,-0.008743189775402782
2020-08-06,0.006718038685429972,0.013274069532868138,0.0055865824605838554
2020-08-07,0.0005204697155269944,-0.01588530528005727,-0.0066664605212855
2020-08-10,0.003188504760734956,-0.003458957447482258,-0.004473371742862553
2020-08-11,-0.008075266022945282,-0.05369440853432972,-0.011885251189049928
2020-08-12,0.013699281154502918,-0.004668202325739945,-0.009095152943717433
2020-08-13,-0.0017093166177266639,0.023618065792215592,-0.010689330500949557
2020-08-14,0.0,-0.0043092158240957135,-0.003906997764269504
2020-08-17,0.0032311568330256613,0.02169391289315903,0.0025127111456386686
2020-08-18,0.0020928930438246507,0.009008003623491856,0.007152235302415377
2020-08-19,-0.004242036374147107,-0.03156545548841261,-0.006251555734518854
2020-08-20,0.0031631977518171706,0.006913929262821528,0.009039199528124486
2020-08-21,0.0035708923635295875,-0.008010905834894388,0.005992108713252842
2020-08-24,0.010162514933741429,-0.005658401286623649,-0.0016245279918455369
2020-08-25,0.0034914614050272075,0.0012154763574758753,-0.007653455510480134
2020-08-26,0.010214724220013016,0.011808847672626355,-0.003826090315585118
2020-08-27,0.0020035238945814715,-0.011561927956646234,-0.017009048030334872
2020-08-28,0.006498510831544291,0.0173802350530341,-0.0007447065799883745
2020-08-31,-0.003507873847460763,0.002386259791001155,0.006641251571229301
2020-09-01,0.009345503891205587,0.0011902895553947967,0.01143806441455486
2020-09-02,0.014566944814678795,-0.013131628719242117,0.009519699176694374
2020-09-03,-0.03461685209897203,-0.00810423703378893,0.0028419973835402956
2020-09-04,-0.008003692560777043,0.0027602959130217375,-0.018989001240392933
2020-09-08,-0.027475810831084746,-0.0019269219593246456,0.006144740687358041
2020-09-09,0.019727380633969505,0.00970825655471863,-0.0026869573436920646
2020-09-10,-0.0174883937173248,-0.0032231430104036063,0.005082452864567433
2020-09-11,0.000750133696855837,-5.486005292487661e-05,0.0021325524664621565
2020-09-14,0.012997230334693688,0.007892586821005798,-6.0636787328260944e-05
2020-09-15,0.005145557992001226,-0.0023927480714920346,-0.002432805592847531
2020-09-16,-0.0040313552691954024,0.0028345831622316187,-0.0029862840092529375
2020-09-17,-0.008737156833541149,-0.005489995652194879,0.003057215211940578
2020-09-18,-0.011633515588007626,0.0013117087099276947,-0.0031086817284887713
2020-09-21,-0.010852755447397944,-0.020087296599797022,0.005073839122884616
2020-09-22,0.010109999439925854,-0.004846314367596194,-0.0007896734219001722
2020-09-23,-0.023167394461078517,-0.021606497297661065,0.0013389746640448674
2020-09-24,0.0027546267069065156,0.003718800733685912,0.0038299902043874567
2020-09-25,0.016013464191114934,-0.0028499771605223767,0.0
2020-09-28,0.016750323233092113,0.01006056066236427,-0.0028463766442978766
2020-09-29,-0.005702874725629359,0.008432402483858015,0.0011539379211236156
2020-09-30,0.007697312173183146,-0.006004867330144381,-0.009585569846782827
2020-10-01,0.006338569936459315,0.008920516455577454,0.0016497675697757508
2020-10-02,-0.00930247833590292,-0.0008953758525005462,-0.0037344660780821437
2020-10-05,0.017475442368866334,0.004872915921881216,-0.019538382792319897
2020-10-06,-0.013970767950215013,-0.011760774579356315,0.005389081559808995
2020-10-07,0.017158180175529614,-0.0004512229536247636,-0.00729321421482132
2020-10-08,0.008849910553842433,0.0035549310375408982,0.005400038694175935
2020-10-09,0.00889866628040048,0.018161347296547614,-0.00018724645389789352
2020-10-12,0.016134356144126505,-0.002871682500567352,0.003185745121719652
2020-10-13,-0.006394587625780823,-0.015728823528417535,0.007160960427111895
2020-10-14,-0.006248747624734485,0.003094772946095059,0.002287050242444355
2020-10-15,-0.0011889094662124178,0.003646120384284801,-0.0017271359622232918
2020-10-16,-0.0008460081538379516,-0.0034652086045857677,-0.002779644592649566
2020-10-19,-0.015110008771463512,0.0005047466985432791,-0.003780276825509521
2020-10-20,0.003946886809877315,0.0048209014703402,-0.009515988660316221
2020-10-21,-0.0018069664605477875,0.007531414803434444,-0.0034534966653736454
2020-10-22,0.005494777736224865,-0.009800687777642758,-0.010397440243754441
2020-10-23,0.003411323174064229,-0.001062475196895396,0.0061127740553905685
2020-10-26,-0.018416344707945398,-0.0005037860400700644,0.009303432969685055
2020-10-27,-0.003303326366159376,0.0026323226696718383,0.006709265619262439
2020-10-28,-0.03443059926469527,-0.01614344386479838,0.0009341840932202139
2020-10-29,0.010531032888023484,-0.004144728133141373,-0.009707641012923318
2020-10-30,-0.011245827051063695,0.004561020978312902,-0.00986529377337897
2020-11-02,0.011640623584635135,0.009704919089013941,0.007490108249259331
2020-11-03,0.017638711080768976,0.005676996717700833,-0.005801028432280031
2020-11-04,0.022516391711691286,-0.0005588578456844351,0.021692255698365637
2020-11-05,0.019581219038528275,0.022983923404670703,0.0017377948175545388
2020-11-06,-0.00012443680509277577,0.0014213621387162423,-0.012084865790976562
2020-11-09,0.012463037463536608,-0.04427097823171633,-0.02101478322207251
2020-11-10,-0.0012891892433222196,0.0033127817282887495,-0.005767271225905923
2020-11-11,0.00703861229594871,-0.004326595410341194,0.003609031523286177
2020-11-12,-0.00924818888286505,0.006060679556170845,0.01701837558002528
2020-11-13,0.013586086179285584,0.006819714153532219,-0.0013262307755599334
2020-11-16,0.01212732289774876,-5.650127239831271e-05,-0.00240264470375795
2020-11-17,-0.004985062516429606,-0.0036691725592956637,0.006528393101592922
2020-11-18,-0.01213260621928014,-0.005722348480656891,0.0028959060293407557
2020-11-19,0.004185580112398002,-0.0018804594035273237,0.0051489307535641515
2020-11-20,-0.006693097261667447,0.0030257979459697992,0.008870153964468441
2020-11-23,0.0059113288499264005,-0.0196938167555728,-0.004582146449298663
2020-11-24,0.016198743963515838,-0.015328336846880064,-0.009952209036628301
2020-11-25,-0.001647979770914354,-0.0004717367343725076,-0.003078098811105656
2020-11-27,0.002851399019520251,-0.010146901518740647,0.0097049895047292
2020-11-30,-0.004489496572339324,-0.006674981596057172,-0.0012483394968082484
2020-12-01,0.011002884889388609,0.0210595460814611,-0.014744486942163681
2020-12-02,0.002111312807567378,0.00752153069206285,-0.007936378047012749
2020-12-03,-0.0002967968543464705,0.007873502810363364,0.008063970663615416
2020-12-04,0.008607894584208742,-0.002835427586930339,-0.014665526725038402
2020-12-07,-0.00185392537826079,0.014914066598165077,0.009020491821268184
2020-12-08,0.0028891210098087594,0.003487910186290799,0.004725350953511898
2020-12-09,-0.008878217030699243,-0.017094017094017144,-0.0033049791407053775
2020-12-10,-0.000474397142810834,-0.001913054093070632,0.008863674467686433
2020-12-11,-0.0012760450094089215,0.0018586706605219216,0.0035393408211927824
2020-12-14,-0.004576032313584388,-0.005507636250083436,-0.0027707631548918865
2020-12-15,0.013820766226221748,0.013990959829817351,-0.0033474572477054654
2020-12-16,0.0015308072770392478,0.005519095329445722,-0.0026614310798444007
2020-12-17,0.00543862966434272,0.010520363984510617,-0.0026461881799071385
2020-12-18,-0.004005800736470833,-0.0016974258370123785,-0.002997132718399742
2020-12-21,-0.003082379913873834,-0.003173869592184575,0.003965364475515765
2020-12-22,-0.0019721632488095553,-0.007903112071065643,0.005161308619020977
2020-12-23,0.0007999619270502301,0.00664787877129025,-0.006909481536475637
2020-12-24,0.003996124272092727,0.003985267471422693,0.003956643276024963
2020-12-28,0.008698127561126201,-0.003629142996869339,0.00044540424440198123
2020-12-29,-0.002104606908159057,0.003642361648136694,-0.0012709817474911844
2020-12-30,0.0013473813987934236,0.007655178894261816,0.0021635590739867983
2020-12-31,0.005382756075321016,0.003714145601823482,0.0014599675542004142
2021-01-04,-0.013558892588705573,0.022258360658879317,-0.0012044489398307379
2021-01-05,0.006577442516699783,0.0029616260665272787,-0.007426876832158147
2021-01-06,0.006065864837615065,-0.01624105266038789,-0.020528389229386934
2021-01-07,0.01494160696637059,-0.00233462025122122,-0.008813429138637918
2021-01-08,0.005624837242649283,-0.03420993723985433,-0.003228132249652349
2021-01-11,-0.006534688321883864,-0.0019614419353504164,-0.0016514124885387282
2021-01-12,8.622291427951012e-05,0.006473960214956609,-0.0007950825051046273
2021-01-13,0.002498733058776459,-0.004307374345463466,0.011261858279114412
2021-01-14,-0.0033807681704830506,-0.0005190998467168306,-0.00936754153965369
2021-01-15,-0.0071296423609958914,-0.012407628760563338,0.003967701089918174
2021-01-19,0.0079046917566572,0.00847307255811236,0.0032276783794311648
2021-01-20,0.013587723603113444,0.016282289539807593,0.0009844792811037895
2021-01-21,0.0009355377383415409,-0.0006271772092728556,-0.007018305791405166
2021-01-22,-0.003567916362062773,-0.007873145210082533,0.003236786180640827
2021-01-25,0.004063616710733298,0.0008626173693986328,0.011785864882074115
2021-01-26,-0.0014999513148309385,-0.0024705999829396363,-0.001887260031290361
2021-01-27,-0.02426293619047959,-0.006335623059913753,0.0025428693622524534
2021-01-28,0.008395180310052375,0.0009273614616172043,-0.005528199763480401
2021-01-29,-0.02002115221613654,-0.0004053281700162614,-0.006015800218157175
2021-02-01,0.016432524197803167,0.009385291185094458,0.0011592207205257665
2021-02-02,0.014373681372711777,-0.012167796413785958,-0.006446893353408867
2021-02-03,0.0009979155780912574,-0.0015106298641213156,-0.008873763938245238
2021-02-04,0.011193491031142644,-0.021530474690833024,-0.002672057626748159
2021-02-05,0.0040000312183055,0.009872160109213546,-0.00837368269745753
2021-02-08,0.007378237655340181,0.010070118005137685,0.0043911044083053685
2021-02-09,-0.0008076653245079335,0.0032649110578624185,0.0007395864790420426
2021-02-10,-0.00039009258608035946,0.0036611162023989507,0.006653951961974602
2021-02-11,0.0016173592078922994,-0.008685078696598514,-0.0054746696640415315
2021-02-12,0.0050944666360643875,-0.0030372306060941767,-0.012419653866064695
2021-02-16,-0.000941920075295144,-0.014353488272303538,-0.015226581379095383
2021-02-17,0.00022203085625349672,-0.011352850687983307,0.00635071501737805
2021-02-18,-0.004268573928410957,-6.0088418961767864e-05,-0.0040472662429037465
2021-02-19,-0.0018372705340002904,0.004148551901348441,-0.013291775946912332
2021-02-22,-0.007864304278500156,0.014969164015496528,-0.007608011021527528
2021-02-23,0.0012653847908312699,-0.0023007456922117253,-0.002883945284181899
2021-02-24,0.011060439102534403,-0.0007095264939214196,-0.006559559823530292
2021-02-25,-0.023989478644294793,-0.018816524708764826,-0.016330790185155486
2021-02-26,-0.005490667469908894,-0.024182906697045592,0.03305908470248786
2021-03-01,0.02440052397097392,-0.0017304170540851649,-0.013207746132880005
2021-03-02,-0.007735080203826072,0.005447934683729505,7.121953998812103e-05
2021-03-03,-0.013198369021886536,-0.011021541189334294,-0.010846061049724631
2021-03-04,-0.012319559782167477,-0.009836893780889033,-0.006449664182860526
2021-03-05,0.018334495104702864,0.0006288110395962221,0.0019477575079291931
2021-03-08,-0.004905128270595971,-0.010368190918767173,-0.007775025878995923
2021-03-09,0.013990352479249735,0.02127113294736649,0.013857675509277856
2021-03-10,0.006181938543587284,0.005098279923459348,0.0020032668639424767
2021-03-11,0.01055669897199385,-0.000866011298261804,-0.007213251688072964
2021-03-12,0.0014092096256519415,-0.00018572795011984056,-0.021220869393732578
2021-03-15,0.00579549035732585,0.004396503999798185,0.0058794938751929315
2021-03-16,-0.001124887592695245,0.0009248406787658592,-0.00401784220924406
2021-03-17,0.003268556879676199,0.00714498527693741,-0.007483807933567399
2021-03-18,-0.014702581987544372,-0.005810023730399405,-0.010126008343772863
2021-03-19,-0.001778376456502917,0.004183119739068708,0.0061975363313302445
2021-03-22,0.007905845701626335,-0.0014702614866924923,0.01120578744858114
2021-03-23,-0.007346687258259488,-0.007300628474884996,0.009026910786790188
2021-03-24,-0.005536891224178886,0.0034608341081703298,0.005382199777390406
2021-03-25,0.005623645446763081,-0.003633653726877295,-0.007885488218029146
2021-03-26,0.016313969883483104,0.0028434090575977233,-0.003499996320511567
2021-03-29,-0.0006045485710756138,-0.011896005111092234,-0.008487915038005278
2021-03-30,-0.002556542091371572,-0.017091823816998808,0.005239765340630864
2021-03-31,0.0039684261511212515,0.015167857324082767,-0.005579950598018302
2021-04-01,0.010595768477654088,0.012628087827510459,0.01659745781597155
2021-04-05,0.014423291969302143,-0.0003704010382533651,-0.0043635090181518565
2021-04-06,-0.0005627439727031724,0.00802867506459215,0.006792511821363645
2021-04-07,0.001259533793732892,-0.002818323186048577,-0.006964171933349528
2021-04-08,0.004869529639689896,0.01075202788807239,0.008254728426436264
2021-04-09,0.007189557986247985,-0.00753747660190629,-0.0036222231442678554
2021-04-12,0.00044961578879632036,-0.006063609158189043,-0.00043675067359882913
2021-04-13,0.0027217586165353413,0.007086479573175097,0.007494330092344903
2021-04-14,-0.0032152321460499067,-0.004344315528953313,-0.0031781532333521323
2021-04-15,0.010734253382399084,0.016162763416190717,0.01673465237420313
2021-04-16,0.00350517612549206,0.006047777218550321,-0.007766344205414444
2021-04-19,-0.004926708559240378,-0.0027652942409929215,-0.002872187649593072
2021-04-20,-0.007334735116387603,0.0035565515706876827,0.0046089617329427846
2021-04-21,0.00939463920845185,0.009911155680072392,0.002006664888539955
2021-04-22,-0.0091766683970812,-0.006483147356353358,0.004364553587452358
2021-04-23,0.010660171212516056,-0.003831414124593202,-0.0023507297997944487
2021-04-26,0.0021666471581462954,0.002644245538133694,-0.0014278910132158318
2021-04-27,-0.0003123748745106347,-0.002517371003141977,-0.008723127263298713
2021-04-28,-0.0004693083154341249,0.002944390689552989,0.0006489604011237216
2021-04-29,0.006674437013358903,-0.004133978948338446,-0.0029552796995109265
2021-04-30,-0.006604050009559881,-0.0033690142851713345,0.002313577443308734
2021-05-03,0.0022679720459977126,0.012978352341882271,0.0005995944724435098
2021-05-04,-0.006086736898553213,-0.007329692780131181,0.006785960236225241
2021-05-05,0.00018331605408183904,0.004142168530566259,0.0016491388941788365
2021-05-06,0.008137534604131913,0.01667957921247054,0.001646751176840322
2021-05-07,0.007137752349810622,0.00899681760120985,-0.004931543070888722
2021-05-10,-0.009793020702334676,0.0030305045955998366,-0.010126902174073749
2021-05-11,-0.008770751682659061,0.000174300035968189,-0.005659945503508346
2021-05-12,-0.021346235369821054,-0.009933813872024522,-0.010507576109579198
2021-05-13,0.011885002992591653,0.004107329913244362,0.0015484627133943718
2021-05-14,0.015351684670303234,0.009115862292308208,0.009351522841613669
2021-05-17,-0.0024024528193543615,0.011639321781340195,-0.0021157842967853835
2021-05-18,-0.008638082192087282,0.001946172546249958,-0.002558543357829457
2021-05-19,-0.0026402930133344604,0.000685616890880425,-0.0024188640552000873
2021-05-20,0.01066901361877326,0.004567270124640199,0.008228713648723351
2021-05-21,-0.0007598332757897674,0.0004545724551812125,0.0032063416698215885
2021-05-24,0.010092485803147033,0.001761036294059215,0.0037042658533434913
2021-05-25,-0.002102076536331987,0.009072814229376336,0.00926356403866091
2021-05-26,0.0018205595256373108,-0.0017420486873281904,-0.0017211029884910412
2021-05-27,0.00044123611302993027,0.00039409662496781017,-0.004022020207423371
2021-05-28,0.0019462630453102037,0.003770176937892389,-0.0015868018203948342
2021-06-01,-0.0007770270356546316,-0.0026909461441234628,-0.00022428959871190202
2021-06-02,0.0016848393677708629,0.004890446350902078,0.0023153809402816083
2021-06-03,-0.003803711995623793,-0.019578228541437537,-0.003754058086936629
2021-06-04,0.009064595487645377,0.010783359066451448,0.013694972195212873
2021-06-07,-0.0008492788152399955,0.0040076283608136976,-0.003073824819672666
2021-06-08,0.00015453788430597193,-0.0030920774052216604,0.007026709290020472
2021-06-09,-0.0015713016099004884,-0.0019175027218333307,0.008828658575572579
2021-06-10,0.004618208534319823,0.004294325821970535,0.0059991276457944664
2021-06-11,0.0017459082280610883,-0.011252390785353672,-0.0016134924500730286
2021-06-14,0.002512425836167065,-0.005860923791407013,-0.007659190666099658
2021-06-15,-0.0020968882037851744,-0.0037777095572453234,-0.0012040123653855872
2021-06-16,-0.005483596713868,-0.016891711518855712,-0.0008507936779346137
2021-06-17,-0.00036078528219629646,-0.030740427140865334,0.014972095213678482
2021-06-18,-0.01327414996987708,-0.005547261946798776,0.01880615547800546
2021-06-21,0.014001207902228918,0.012247646651096789,-0.01674355257597626
2021-06-22,0.005306821804609063,-0.0041928539145718036,0.002442604344637722
2021-06-23,-0.0010761956093543468,-0.0006616578066259704,-0.0025757463011687465
2021-06-24,0.005720429019528517,-0.0006019387497473438,0.0016050796319591054
2021-06-25,0.0036985298272671496,0.0033124733437563947,-0.010383194221652903
2021-06-28,0.002084106694234311,-5.999463986816611e-05,0.010280939877907569
2021-06-29,0.0004402115082509095,-0.010505462725200698,0.0016728856513377188
2021-06-30,0.000915447008016379,0.004853503869870712,0.004453917112795747
2021-07-01,0.005641577873686687,0.0034413575356286863,5.4996741965185336e-05
2021-07-02,0.007605948241573568,0.006558341503640763,0.006034247353387867
2021-07-06,-0.0018808078486224344,0.004961455343207799,0.011721089500468462
2021-07-07,0.0034420247359261413,0.003806801143447114,0.00885964481960344
2021-07-08,-0.007962446172918969,-0.0006518168637834609,0.003917482225884283
2021-07-09,0.010550523838498638,0.003320562334123478,-0.014063189475852833
2021-07-12,0.003621537174061995,-0.001241101031467462,-0.0012959774203299412
2021-07-13,-0.0033845192099489774,0.001301782371024407,-0.007653782491900851
2021-07-14,0.001373456814108609,0.010755182911599048,0.011362397684924197
2021-07-15,-0.003217110696072112,0.00017547964957964624,0.011030243311779042
2021-07-16,-0.0077800944219394985,-0.00970365108457183,-0.0018855562934834147
2021-07-19,-0.01495196539155852,0.0011805498135817327,0.021928005065063205
2021-07-20,0.0141292037391334,-0.001297100524211059,-0.009639339052205043
2021-07-21,0.008404835717802595,-0.0037192566567244567,-0.01266671475838832
2021-07-22,0.002127541295930735,0.001955450591350383,0.00945310211485495
2021-07-23,0.00999068415420945,-0.0031344183025339145,-0.006688818499545057
2021-07-26,0.002547087747585941,-0.0023730060647713103,-0.0029629402079084377
2021-07-27,-0.004440139964200895,0.0016650735799190741,0.010671379293813343
2021-07-28,-0.0005450950937707644,0.005046252863966982,6.639696937171813e-05
2021-07-29,0.004313521037317525,0.011105233370970247,-0.005546126064170931
2021-07-30,-0.004887287626523351,-0.007886842666167015,0.004704174424499996
2021-08-02,-0.002034006554942014,-0.0012366429443513294,0.008919038220300157
2021-08-03,0.008078026249269898,-0.0007074766626713469,0.0005310151237098992
2021-08-04,-0.004783487501943462,0.0002359625041987723,0.0020558963713619427
2021-08-05,0.006243375001552032,-0.0039520921003340925,-0.0050972542944629495
2021-08-06,0.001723174253929649,-0.024991124040327772,-0.016701063782183834
2021-08-09,-0.0009583739768010968,-0.017735654639032372,-0.0035858803640600456
2021-08-10,0.0012549874710794384,0.00030919522248562537,-0.004618151150338923
2021-08-11,0.002407582819367926,0.01378497662510525,-0.0006140717745890534
2021-08-12,0.0029169937146562575,0.0002438615008097944,-0.0016384894344243506
2021-08-13,0.0019799194581351376,0.014325811995228088,0.0157957042473984
2021-08-16,0.0023903221756997883,0.004988291568599701,0.0024237324203333355
2021-08-17,-0.0065944201244445555,-0.0014950364679763295,-0.00040296849171927995
2021-08-18,-0.010753885808502672,0.0007786122169375354,0.003358567432419468
2021-08-19,0.001411280902492873,-0.002932408589264246,0.007365628636473609
2021-08-20,0.007913112182980075,0.0005401616803368814,0.000664860795641653
2021-08-23,0.008856379484034838,0.012177557387281546,-0.0006644190494636826
2021-08-24,0.0015806461737639665,-0.00047414113127741686,-0.007776696898642688
2021-08-25,0.0018453128211262104,-0.006937433805443538,-0.008306215887506574
2021-08-26,-0.00584067956707679,0.0011344784228162208,0.002768784489389997
2021-08-27,0.008873260570296804,0.015029547921398434,0.006804234406077914
2021-08-30,0.004590981109783954,-0.0049356385559711224,0.002609565027377858
2021-08-31,-0.0017078111935342477,0.0020076547129428413,-0.006806882714069262
2021-09-01,0.0010599045351902259,5.8898619200498104e-05,0.0016750089545658486
2021-09-02,0.0029847585489044537,-0.0026517204262498373,0.00436508817004988
2021-09-03,-0.00038400178598174683,0.01069422486613747,-0.009093847510644237
2021-09-07,-0.003696876712845798,-0.01958371853465668,-0.008436292900365516
2021-09-08,-0.0009638184100130287,-0.0025044029033459703,0.006806183033438495
2021-09-09,-0.004485988514984496,0.004423489287242344,0.012100598487048364
2021-09-10,-0.007728083090642768,-0.005058656845151166,-0.008816846287889812
2021-09-13,0.0023438316676971382,0.0033497597913456634,0.006065389215637262
2021-09-14,-0.005188338391182601,0.006438546534438316,0.012122990603457007
2021-09-15,0.008349432764747977,-0.005864266379652205,-0.003507703897296821
2021-09-16,-0.001723991320304652,-0.02264197706190263,-0.004581911043112785
2021-09-17,-0.009802756010166225,-0.0015850424237688898,-0.004803976857363668
2021-09-20,-0.016335855158491563,0.0071441542310690664,0.01240207172808172
2021-09-21,-0.0009740084702577478,0.006669036185550814,-0.0008604997816961113
2021-09-22,0.009649186234273133,-0.0037340107339023376,0.005964269511035347
2021-09-23,0.012082103607071737,-0.011546389089901132,-0.02259676273294209
2021-09-24,0.0016633264172312145,-0.00128427290155253,-0.009773229232125535
2021-09-27,-0.002832783905422409,0.00208203509820426,-0.0036757570334202683
2021-09-28,-0.019985306431978267,-0.009716428402719801,-0.015577459264543903
2021-09-29,0.0015745574182137734,-0.004504756024632184,0.0017351773930236458
2021-09-30,-0.012667304992098338,0.01797665363761114,-0.00013852582169870953
2021-10-01,0.011967841037439753,0.0022530453929923144,0.0084157424972231
2021-10-04,-0.012302103408776466,0.0046783175745395145,-0.0025459136185367326
2021-10-05,0.009715566698596634,-0.004656532835140448,-0.009656119055040824
2021-10-06,0.0044467854094842885,0.0026733243283083574,0.005641164101786611
2021-10-07,0.008603969697209779,-0.005271739220885419,-0.010457716300310449
2021-10-08,-0.0018844279595571223,0.00042636491147840516,-0.0069990086752209635
2021-10-11,-0.007279773801900147,-0.0018875818465466931,-0.0025371333551450492
2021-10-12,-0.0020021807352802456,0.004514430828637339,0.017099957828470735
2021-10-13,0.003209703114539497,0.017794197805277356,0.009726200853398037
2021-10-14,0.016798517448990413,0.0024464685904206362,0.0037160697565454814
2021-10-15,0.0077933526563720434,-0.015892846243722114,-0.005827495951258532
2021-10-18,0.0030491236188998627,-0.0024799108302698825,0.004688922670881057
2021-10-19,0.007782475965287583,0.003213671993580469,-0.013794639292558308
2021-10-20,0.003885339272010846,0.008763958748792211,-0.0067501468413270205
2021-10-21,0.002452130435977029,-0.0008987052245035265,-0.0011909928538518244
2021-10-22,-0.0010072355120047671,0.006116967151190034,0.011012573638771839
2021-10-25,0.005185078417305977,0.006914158513320778,-0.0015261508470200136
2021-10-26,0.0009550185335038819,-0.00739951491266011,0.008268717007335225
2021-10-27,-0.004342092040822254,0.002624060476058121,0.018194577890378483
2021-10-28,0.009776636187456944,-0.00023788536339730548,-0.0033842020817823615
2021-10-29,0.0017795117736238986,-0.008507900517562339,0.0030562910926976716
2021-11-01,0.0021083095192351298,0.005220584505493342,-0.007199655600144128
2021-11-02,0.0038765646013703137,-0.0021490007233168074,0.004438439380764603
2021-11-03,0.006027999811175633,-0.008315382622616663,-0.010333286634652383
2021-11-04,0.0046810875823362075,0.011340951773961994,0.01051002454642247
2021-11-05,0.003401219796051569,0.0130629437586407,0.014955683914009255
2021-11-08,0.0012073224111819325,0.003591619309376348,-0.0018755221437596337
2021-11-09,-0.0035018285619098366,0.0049281100201232775,0.013018758664684382
2021-11-10,-0.008051379048360952,0.010858781500706183,-0.01828330603343331
2021-11-11,0.00032822954896283285,0.005602086369596027,-0.0014844924594704656
2021-11-12,0.007434467710933923,0.0018952552280546708,-0.004392311981748609
2021-11-15,0.00046548179608163487,-0.0015477459282561279,-0.012557110121561799
2021-11-16,0.003815949768981808,-0.007233864736584827,-0.0025430223103189986
2021-11-17,-0.0024105755924718197,0.009137183945092442,0.007924900371027777
2021-11-18,0.0034619394538797366,-0.0032091550635745536,0.0037602396612805844
2021-11-19,-0.001875492433953796,-0.007646325240812324,0.010558099785664687
2021-11-22,-0.0026446062886227306,-0.022420457120115533,-0.011728272383551896
2021-11-23,0.0013026068694341753,-0.008652404091134991,-0.014458750191005176
2021-11-24,0.0024624113259998914,-0.0009565020521100642,0.016055291830243235
2021-11-26,-0.021759739061396166,-0.001615539860939763,0.02526853760732184
2021-11-29,0.012081100769094855,-0.0013785494630753625,-0.008037999019666509
2021-11-30,-0.019146192874702317,-0.006721853018899604,0.015202423273394938
2021-12-01,-0.011502003253294868,0.003987937535404162,0.006168375173746687
2021-12-02,0.015257017714226606,-0.005536820827328315,0.0012475975919854498
2021-12-03,-0.008845281256342097,0.008412002804647267,0.011931744756270346
2021-12-06,0.011946844149447466,-0.002460563224478851,-0.013734831333949704
2021-12-07,0.020553913947175984,0.003549490636251651,-0.008080161222039806
2021-12-08,0.0028108900524830283,0.0005395140531609943,-0.01728481274881255
2021-12-09,-0.0068103488440339754,-0.006111378376110088,0.00559352769973942
2021-12-10,0.009539157624064876,0.004219899491422874,-0.0024125972746509294
2021-12-13,-0.008871427886061656,0.00252130006200435,0.014779198244666336
2021-12-14,-0.006806549302045606,-0.009341302746070368,-0.002383090000541377
2021-12-15,0.01563080713562437,0.004291534360497673,-0.0096214323334467
2021-12-16,-0.009035545289205138,0.012097561477355745,0.00038861315464955304
2021-12-17,-0.010376734223898954,-0.002140821851282393,0.011331837497829733
2021-12-20,-0.010815600463285002,-0.0042312675861405635,-0.007491907099895667
2021-12-21,0.017747168340574992,-0.0004188884251822289,-0.0038080181456807694
2021-12-22,0.010101249402665546,0.009400024100517657,0.004627122558564567
2021-12-23,0.006162941397658717,0.0022540179789249937,-0.008677001490879799
2021-12-27,0.014261235258873572,0.002367247994286892,0.002423739290608573
2021-12-28,-0.0007519735692003149,-0.004310065233419702,-0.003963126721994392
2021-12-29,0.001208752131100832,-0.0002965076609273698,-0.01092432781741437
2021-12-30,-0.002824599813778139,0.0071772153754725565,0.008385918217537869
2021-12-31,-0.0027413440217683993,0.00683158799329231,0.001961106577012428
2022-01-03,0.006138908700220158,-0.015383743445999576,-0.02625022597261728
2022-01-04,-0.0004097902011926946,0.007366515057776857,-0.004157890376499718
2022-01-05,-0.019154079821298797,-0.00300766493835114,-0.005427926633369551
2022-01-06,-0.0013468817195366745,-0.012244126909514819,0.002588983967005687
2022-01-07,-0.003464255903202318,0.004551137683908024,-0.007188733048136053
2022-01-10,-0.0013067051393855778,0.0030402057039400354,0.0024602384530973964
2022-01-11,0.00876094519615278,0.0120646549718888,0.006662063730847212
2022-01-12,0.0029876259859644705,0.002642622730480104,-0.0038312762248526866
2022-01-13,-0.013785165095360097,-0.0033969884760131075,0.008880257899534838
2022-01-14,0.0003041461912602905,-0.0028796749096049457,-0.01510959539560619
2022-01-18,-0.01753132750780728,-0.001650255097062403,-0.014073851759711098
2022-01-19,-0.010506484998004662,0.015880526897095182,0.006922984432432111
2022-01-20,-0.01100334078523768,-0.0024988838330701757,0.006167265241838971
2022-01-21,-0.019646559454319146,-0.0032624385581478954,0.011906844716139009
2022-01-24,0.004172086468982261,0.005494198734739664,-0.008215846692008144
2022-01-25,-0.012142451782650499,0.0031971345443269072,-0.0016147436945651572
2022-01-26,-0.0022530459283391924,-0.016166464916677392,-0.012093548574851343
2022-01-27,-0.005068210082417646,-0.012898211138547944,0.018362389309339866
2022-01-28,0.024512157343531626,-0.0029832934474428585,0.00034971964511010256
2022-01-31,0.018288657097609073,0.005924537392067553,-0.0051701181999829204
2022-02-01,0.006526559868176074,0.0008328835308379912,-0.003319322134975433
2022-02-02,0.009534240864432109,0.0036259919505645666,0.0033867902608033518
2022-02-03,-0.023241879945730237,-0.0014214062993387344,-0.0078055367049819635
2022-02-04,0.0047005575444716285,0.0015420788696549614,-0.014742945074989744
2022-02-07,-0.0032967461074910887,0.007402581993851909,0.0006478057621077671
2022-02-08,0.008098854159067637,0.003056870675416823,-0.006685888218731728
2022-02-09,0.014668702519186949,0.0033991784238243117,0.0018817901441037233
2022-02-10,-0.01757139578501543,-0.0037965605384254753,-0.01589255559650482
2022-02-11,-0.019942965209155505,0.019054878321533186,0.014827887837244313
2022-02-14,-0.003259481111687723,0.005350715998122091,-0.012441254664301127
2022-02-15,0.016054572618517282,-0.009499848975192515,-0.011352571674121403
2022-02-16,0.0011948284284444277,0.010284254451501385,0.005926728867112763
2022-02-17,-0.02126216696922978,0.013668073780773726,0.007437980967965885
2022-02-18,-0.006395279414508792,-0.0007334549100845855,0.010527420974259405
2022-02-22,-0.01094445312605663,0.0020890378623359407,0.0026043390952223966
2022-02-23,-0.018003642196794734,0.0045072272703239324,-0.0137817932012535
2022-02-24,0.015368568481507694,-0.006450131470019049,0.0006586503741681238
2022-02-25,0.021840163978443572,-0.003330678220184624,0.0007308891627382241
2022-02-28,-0.002510109647307246,0.010365345791119474,0.0219187881585563
2022-03-01,-0.014999102723780466,0.018163415997793697,0.01156164822188721
2022-03-02,0.018363865441317184,-0.010406339832951472,-0.03418246757530308
2022-03-03,-0.005017352093483085,0.005953415398956663,0.01018538747405695
2022-03-04,-0.008088206630846528,0.015929145881701023,0.017263798299001154
2022-03-07,-0.029521522721040916,0.014862865283030269,-0.007629474262358715
2022-03-08,-0.007546233514364675,0.027358997610294145,-0.010059690064404325
2022-03-09,0.02665263826138453,-0.029711176156992036,-0.009798915299208621
2022-03-10,-0.004454229203481597,0.0031212277978962533,-0.014367626600607197
2022-03-11,-0.012757027056451431,-0.007027884128157469,0.003346689999857544
2022-03-14,-0.007302798534166488,-0.015073711931138378,-0.023348756123311776
2022-03-15,0.021938873104943468,-0.01870545038411886,-0.001745748136398273
2022-03-16,0.02236135266278172,0.006260803404375848,0.009807899002290066
2022-03-17,0.012234214814448308,0.004888644573449508,-0.007454008656426092
2022-03-18,0.011050625072772213,-0.008789852082788041,0.012212997170000461
2022-03-21,4.8731937832613426e-05,0.007640798069546317,-0.02315666284464213
2022-03-22,0.01161239775323386,-0.007250775291250955,-0.012811754624459382
2022-03-23,-0.012877994789460168,0.013659661796972422,0.021914991957958874
2022-03-24,0.014864425273457105,0.007260367097212672,-0.007832764209750653
2022-03-25,0.005072379553794137,-0.004095451209537915,-0.013872923365696344
2022-03-28,0.0068968483471756326,-0.018203790082975457,0.008549791390425332
2022-03-29,0.012649429628841968,0.00044678784846130526,0.0075523878957430846
2022-03-30,-0.006222020889031787,0.008038419372069505,0.007801750925935824
2022-03-31,-0.015368159770175027,0.000387595883929448,0.0024285689314138548
2022-04-01,0.0027700502201435384,-0.006365867342034592,0.003806832631686019
2022-04-04,0.008478934902726554,0.004846769455083555,-0.006949943566068595
2022-04-05,-0.012361415763982864,-0.006264842571455875,-0.022592433210105733
2022-04-06,-0.010128942675689201,0.002343216670796844,-0.008094113875155573
2022-04-07,0.005043305633042117,0.003784886240234764,-0.007532387547003583
2022-04-08,-0.002424194790700551,0.006265969312183373,-0.010830681648286156
2022-04-11,-0.01732566710755501,0.004959463770487282,-0.01582476555555845
2022-04-12,-0.0036596876894394725,0.007676751619003053,-0.0013807879909674137
2022-04-13,0.011292505522047414,0.004788537865617837,0.002033270390566777
2022-04-14,-0.01214816029014898,-0.003303550666205468,-0.020045386969400614
2022-04-18,0.0001740683296729273,0.0030971927027434454,-0.004969265107261256
2022-04-19,0.015971392367099213,-0.015112904376299419,-0.0074905225704571254
2022-04-20,-0.0007578195723551007,0.004894947496407287,0.020125729278441806
2022-04-21,-0.01482716384331384,-0.0035576001936850066,-0.007398012305902646
2022-04-22,-0.02729397459873939,-0.0097220932450649,-0.006294183392141828
2022-04-25,0.0054637028010582345,-0.017970993150090764,0.010000955263528288
2022-04-26,-0.028593199909103806,0.001525017044941901,0.010066754009102619
2022-04-27,0.0025879703536952903,-0.00755702425744631,-0.01282565667671609
2022-04-28,0.025056706125445194,0.005398323510093839,0.0014893857106736963
2022-04-29,-0.03672986641885556,-0.00011297696546286318,-0.012973044108171128
2022-05-02,0.006284588503031818,-0.018540493535693647,-0.01733393228567004
2022-05-03,0.004329894188109806,0.00264926246698316,0.006742136223205186
2022-05-04,0.030334803532544363,0.009822544372671826,0.005509592467972224
2022-05-05,-0.0351220818101593,-0.003811138551277793,-0.027398457995226777
2022-05-06,-0.006281268616519786,0.0016558743678838361,-0.014735096249927082
2022-05-09,-0.032266783587047154,-0.014479496708730832,0.008797561517469799
2022-05-10,0.002569201587421688,-0.008445202872691127,0.009069509668004017
2022-05-11,-0.016110799408743604,0.008167128516088473,0.019272467259237036
2022-05-12,-0.0007755168442923344,-0.015333925720196762,-0.001865470693186766
2022-05-13,0.023596149271555955,-0.00810956630229509,-0.014780577253709737
2022-05-16,-0.0035757808105120192,0.009538483763206873,-0.0010348943844171732
2022-05-17,0.020008810889540207,-0.006279296383541522,-0.012083789268934941
2022-05-18,-0.03960559116001283,0.0005314848929158789,0.021317587088003354
2022-05-19,-0.006688030621568752,0.014697234801531733,0.002394980291356097
2022-05-20,0.00025146280515464525,0.0006980112537449124,0.0113504739947492
2022-05-23,0.018965182787242574,0.004650369455528214,-0.016454829497737355
2022-05-24,-0.0072091086786865155,0.007521859850632806,0.01973238665538779
2022-05-25,0.008338492017132548,-0.006029994959596108,0.003954595696936236
2022-05-26,0.019879470472662808,-0.0018488983177334939,-0.004525306779072702
2022-05-27,0.025076550298606115,0.00052102106703944,0.0024413035948824824
2022-05-31,-0.005552831941742609,-0.009893009276743081,-0.021162636289558168
2022-06-01,-0.008375500897719768,0.006369033199590923,-0.0011426684157613831
2022-06-02,0.01899089108938168,0.012309182073779512,0.000516157708102094
2022-06-03,-0.016186455281313905,-0.010152017266979896,-0.0021498181163911445
2022-06-06,0.0027287700811484683,-0.0044037229040009285,-0.018443952200894898
2022-06-07,0.00977605580374652,0.006518420844169315,0.010800276244663287
2022-06-08,-0.010937536984529483,-0.0009251975242893229,-0.008860555138944015
2022-06-09,-0.023519008497266514,-0.0031832564859568535,0.0033305259300957513
2022-06-10,-0.029341838901643214,0.013412283666592417,-0.0062017613093181545
2022-06-13,-0.03854608507415003,-0.026412288230091452,-0.031379179408438485
2022-06-14,-0.0024967149725714233,-0.008003209616781914,-0.012613526427038169
2022-06-15,0.014318842248147723,0.013050939388113303,0.018656272942787933
2022-06-16,-0.032853023738187215,0.011243181594596585,0.007939711897203106
2022-06-17,0.0026107068704559477,-0.008222816311715064,0.003222010383570728
2022-06-21,0.024500689617060978,-0.0037367862070599722,-0.01695211524779494
2022-06-22,-0.0021085257728319373,0.003985188163408093,0.027500475937776825
2022-06-23,0.010506534559993508,-0.006129257292171064,0.00821478679086618
2022-06-24,0.03113449275087743,-0.0009984622015154487,-0.013842919001357812
2022-06-27,-0.0037500735145181707,-0.0011170700540719114,-0.008528498308679744
2022-06-28,-0.021608606558303323,-0.0016480211262837052,0.004659602144079011
2022-06-29,0.0004921190270161802,-0.0007663579045243951,0.015608282737019863
2022-06-30,-0.007893858750778415,-0.006077047294322124,0.008781665718671894
2022-07-01,0.010263127444917863,-0.0008310541616338707,0.01026688422478328
2022-07-05,0.0017689626754220367,-0.02120964335120412,0.007857136108736729
2022-07-06,0.00361731166055268,-0.015842188833696924,-0.016791191282503393
2022-07-07,0.014674078858143424,0.000555053276362516,-0.00879983732457057
2022-07-08,-0.0005873732367174256,0.0004315313201161963,-0.011076263366949113
2022-07-11,-0.011307276339375338,-0.005360507452973451,0.01724451611997946
2022-07-12,-0.009228764677378543,-0.0037167247224720867,0.005942202988406642
2022-07-13,-0.004657271794004991,0.004787690503602615,0.01146617245779713
2022-07-14,-0.002640831199070881,-0.014047055610919013,-0.008158537964361723
2022-07-15,0.018909773248152018,-0.0020084561635671516,0.005628164337738939
2022-07-18,-0.008276746528970258,0.0009433945063559435,-0.010418354405842933
2022-07-19,0.027144986366987256,0.0023874693093759447,-0.005394776303846216
2022-07-20,0.006405651185537042,-0.009402031234323593,0.0026244534121464547
2022-07-21,0.010112308065316267,0.014110421925231709,0.0172758332024463
2022-07-22,-0.009111033029740923,0.00249575020790771,0.01681112575930155
2022-07-25,0.000991164589947191,-0.0027385476219622396,-0.009784847003339037
2022-07-26,-0.011990718387203891,-0.0011858106875901608,0.0007667242734972213
2022-07-27,0.02619329018389349,0.010184984698782484,-0.005618184264045145
2022-07-28,0.0126406080090673,0.012185323455280006,0.007961169461405015
2022-07-29,0.014652132831288522,0.0028110896821249565,-0.0027178721363834146
2022-08-01,-0.0030094669101428106,0.0056672312077465925,0.02408367349993945
2022-08-02,-0.006461117097347979,-0.005938288400823777,-0.021159729300334496
2022-08-03,0.015618108465211167,0.002438243761313297,0.01574471431203417
2022-08-04,-0.0007874582883522496,0.016539989487255546,-0.0003352374128253732
2022-08-05,-0.0020747174750403996,-0.011246066300201418,-0.02380323481647162
2022-08-08,-0.0008947523442103256,0.008470017618367853,0.01614130523766666
2022-08-09,-0.003951016983708255,0.0030595386607856767,-0.003886934990403268
2022-08-10,0.02094458478832828,-0.0025119508170524663,-0.006531172239134686
2022-08-11,0.0,-0.0026382206776995876,-0.023309531513809323
2022-08-12,0.017121490812027185,0.00919802099904432,0.010140611417077006
2022-08-15,0.004278526842741659,-0.012867030834262327,-0.0008651516363034073
2022-08-16,0.0017497612901118398,-0.001750096754401964,0.004157347337878647
2022-08-17,-0.0068347832398716335,-0.006468335614034371,-0.010437218681625171
2022-08-18,0.0030840451690150594,-0.0026164156896926194,0.0014817731831129333
2022-08-19,-0.013797544878676571,-0.007320625681104476,-0.016102081177218563
2022-08-22,-0.02107593214309278,-0.006637179344595956,-0.003361936617420347
2022-08-23,-0.0023687214878674867,0.0069908740848763085,-0.005503270604106603
2022-08-24,0.0030338056524266133,0.0029489200401788818,-0.007318714017827688
2022-08-25,0.014571763352551947,0.003062787136294043,0.013936105061287396
2022-08-26,-0.0342726995408843,-0.012152705301765265,0.007537774415835363
2022-08-29,-0.00660384105116385,0.0006182375550920494,-0.008273448924334237
2022-08-30,-0.01086328058804975,-0.008340578885610683,0.0024850147081947327
2022-08-31,-0.007868297521174461,-0.007725314789180926,-0.009560583451829752
2022-09-01,0.003084214912320471,-0.008790162100319021,-0.018308661072028998
2022-09-02,-0.010486851147027632,0.008804709144487166,0.005657378533018731
2022-09-06,-0.0033568097702684208,-0.0058394619355668365,-0.024768788837635114
2022-09-07,0.017926851005342748,0.010168638866495439,0.015815452805479913
2022-09-08,0.00653565394642186,-0.006002292729855863,-0.010257729461958465
2022-09-09,0.015431631686693148,0.005283756568463582,0.0022212320319034973
2022-09-12,0.010996698364042157,0.005068186218703863,-0.008217310966832536
2022-09-13,-0.04361396965795228,-0.01301133993119441,0.0023272393628310795
2022-09-14,0.003735697941014582,-0.003847613448870524,0.0034363702291881904
2022-09-15,-0.011165294302444395,-0.018679143196684067,-0.0006478909763629748
2022-09-16,-0.0078622648378609,0.005549107201315628,-0.008335450928648624
2022-09-19,0.0076717691110277375,0.0007700871329356929,0.002334763206481627
2022-09-20,-0.011266373359512305,-0.005706587274526553,-0.009970119443972303
2022-09-21,-0.017600051293409913,0.004642973675810236,0.016753010747408092
2022-09-22,-0.008440656659299606,-0.0005776772692025478,-0.02554844881730156
2022-09-23,-0.016619992028552133,-0.01727683040546535,0.004084685814419897
2022-09-26,-0.009686809481464498,-0.011633219026207842,-0.019110542443576573
2022-09-27,-0.0028244937176615803,0.002049841746687875,-0.02633108678571927
2022-09-28,0.019642316267700854,0.02078665233491006,0.033481770684912204
2022-09-29,-0.02085278646969113,-0.00019392836526865853,-0.005175452710818651
2022-09-30,-0.015237836794786075,6.462244018679009e-05,-0.012911085553620083
2022-10-03,0.0264391095526475,0.024309785681440932,0.015889320218344327
2022-10-04,0.030357890414544952,0.014328122056449066,-0.0027931438314990897
2022-10-05,-0.0017279693628494686,-0.005538266375543777,-0.00956145695407562
2022-10-06,-0.01053073572402874,-0.00112629171222689,-0.005558065361131237
2022-10-07,-0.028079082746776396,-0.010962851258976669,-0.009708066688510097
2022-10-10,-0.007469940362002325,-0.015201476317757034,-0.015545914901582414
2022-10-11,-0.006589398735099783,-0.002058091550185215,0.004425448737274573
2022-10-12,-0.003103503661658902,0.00534932850905423,0.004906924799221946
2022-10-13,0.026187307033936458,-0.006923532232980256,-0.009566268981016646
2022-10-14,-0.022515049555770883,-0.012458897998479546,-0.008250148232030408
2022-10-17,0.02540701037333659,0.0028762090057179446,-0.004870049871444571
2022-10-18,0.011780437606810246,0.0021509701146735782,0.002345175059004223
2022-10-19,-0.006921453365661412,-0.013398358104674823,-0.018205873514522408
2022-10-20,-0.008209955188993368,-0.0015822103586343728,-0.01709340865361486
2022-10-21,0.024029900097511048,0.017827646105301076,-0.01802258962494474
2022-10-24,0.012183600601364697,-0.003243594030472474,-0.00826455293698991
2022-10-25,0.016260518521186595,0.002277944142005106,0.029112584866491042
2022-10-26,-0.007463065012339842,0.006363608620383543,0.014407655239052408
2022-10-27,-0.005354322835560588,-0.001548523944967184,0.010470219250360513
2022-10-28,0.02333709203516987,-0.010210687443231947,-0.006873346517907941
2022-10-31,-0.006799565215005465,-0.008161399648159207,-0.007128542944862981
2022-11-01,-0.0040289064664573715,0.010203429757038585,0.009345640989878667
2022-11-02,-0.025514651338263028,-0.006972548399621914,-0.004340419659651595
2022-11-03,-0.010653187585354051,-0.003806036048150885,-0.005396716920309519
2022-11-04,0.014640838899364406,0.030696289684813083,-0.016800892519581834
2022-11-07,0.009600412765037758,-0.003962389674382338,-0.009976610271947184
2022-11-08,0.005441807794737352,0.023099074133724695,0.010934970163446911
2022-11-09,-0.02042514157770625,-0.0050172660211307285,0.003287358833879983
2022-11-10,0.05473001854513271,0.030444387121793204,0.038474224936271506
2022-11-11,0.00956764122103304,0.006606324071935177,-0.003664212878352724
2022-11-14,-0.008029482849888248,0.002187655661719301,-0.002452095225362383
2022-11-15,0.008259551511557328,0.0035168677995043307,0.016180471626700443
2022-11-16,-0.007591078989815481,-0.0022961020109516506,0.021867967351352213
2022-11-17,-0.0028890398179746146,-0.007267423593311895,-0.010551815320303248
2022-11-18,0.004415135590119856,-0.006893636502166456,-0.006877683188809103
2022-11-21,-0.003516546954743127,-0.005589952950737276,0.004215578796184838
2022-11-22,0.013316506660823846,0.00117372396636517,0.014191354978378756
2022-11-23,0.0062576067197523955,0.006231840940288613,0.017441713256548308
2022-11-25,-0.00010805064211028004,0.000858470616118101,-0.0033898106593640565
2022-11-28,-0.015819349710005204,-0.007903495498554403,0.0028184659112509003
2022-11-29,-0.0017586433580097927,0.004940425418036076,-0.01172605341998978
2022-11-30,0.03077273904588096,0.012781920270785507,0.007354189937120559
2022-12-01,0.0001334935370240764,0.01838479961277617,0.03194611646494239
2022-12-02,-0.0014417952733114525,-0.0034556830535615868,0.012575403569017762
2022-12-05,-0.017807645009628392,-0.017158885635801036,-0.014006737665544833
2022-12-06,-0.014455149661288691,0.0027373742314797944,0.012879828864801324
2022-12-07,-0.0019335872198888993,0.009039101712364994,0.023562689617389054
2022-12-08,0.007887866362978446,0.0008416965556858891,-0.0027408961096825335
2022-12-09,-0.007304321910652889,0.003544160110315664,-0.026014043898333505
2022-12-12,0.01427309669515675,-0.008260534556326027,0.0031975476681267434
2022-12-13,0.007390772266262058,0.017081132038632596,0.009655862512305324
2022-12-14,-0.006036969957014304,-0.0024330212847030186,0.004271398562046169
2022-12-15,-0.024594444414284267,-0.01635930934057528,0.0039015904042705163
2022-12-16,-0.011923022543398054,0.008708721678036602,-0.01117062923981571
2022-12-19,-0.008619120876744768,-0.0028178306902848504,-0.016805167679106114
2022-12-20,0.0015236523521302558,0.016594482836064905,-0.017756937730860733
2022-12-21,0.014956951343287228,-0.0016560135809358112,0.002513190185282399
2022-12-22,-0.014060195697412015,-0.012085358459954287,-0.00019266703135178975
2022-12-23,0.005601374388193969,0.002998321039039853,-0.014660792461290373
2022-12-27,-0.003978786473762708,0.008430011409881644,-0.019772804594212712
2022-12-28,-0.012269062671548037,-0.004505807286929064,-0.005891476868380874
2022-12-29,0.017736838948101186,0.005598251568726287,0.011350948252951687
2022-12-30,-0.00275340963529902,0.0046786689817972515,-0.011124590847427007
2023-01-03,-0.00384217590827296,0.008370656531798915,0.019084119399037425
2023-01-04,0.007200120454534886,0.0094119059589024,0.013700113905258382
2023-01-05,-0.010921615644304272,-0.012451461859522062,0.004180962245905695
2023-01-06,0.02274415185318457,0.01870749684189077,0.018396386365665318
2023-01-09,-0.0007291265322558749,0.0022451175785793698,0.005324403664013433
2023-01-10,0.007128223436783321,0.0036760446135073455,-0.01655044042571141
2023-01-11,0.01276236724330504,-0.000686793935011365,0.016252067437035
2023-01-12,0.003741797980411521,0.011568000967502767,0.019681874857872206
2023-01-13,0.003892385282293187,0.012001783992939385,-0.009372711652113508
2023-01-17,-0.0015289885340274978,-0.00654507834469964,-0.006463562216106888
2023-01-18,-0.01624420709117491,-0.0028717524486322477,0.02423108615991376
2023-01-19,-0.007199782192957915,0.015868520044824974,-0.006259415575556093
2023-01-20,0.01839620241189066,-0.003335405556458948,-0.016211368195410136
2023-01-23,0.012180125026270305,0.0018964337632443318,-0.004708037832937828
2023-01-24,-0.0010594631746158045,0.003618515163479552,0.014380281226777702
2023-01-25,0.00035332593155668057,0.004603959599926544,0.0024250019558464952
2023-01-26,0.010682921050805039,-0.009055266877154966,-0.00465213308316248
2023-01-27,0.002850903405671623,-0.0013929904624704337,-0.0025236568012021454
2023-01-30,-0.012497794683488217,-0.002566715270248765,-0.003654845653522254
2023-01-31,0.014204192192725618,0.0036362115419990015,0.007994888065325334
2023-02-01,0.010951916694662334,0.012596814339808304,0.012021019383632758
2023-02-02,0.014330174557842357,-0.02075193653580043,0.0012940685533264773
2023-02-03,-0.010680639925991664,-0.024957770292002968,-0.014955602502891074
2023-02-06,-0.005780557227305416,0.0020754098721176284,-0.007403778995997645
2023-02-07,0.012902785728538424,0.000920425708082595,-0.008025908101006451
2023-02-08,-0.0109560531774483,0.002471594120761589,0.0047592609813769116
2023-02-09,-0.008560069639174994,-0.007912418174625069,-0.009473435411241349
2023-02-10,0.0024324326635825066,0.0019071943211166342,-0.011189642867844518
2023-02-13,0.011546175273450698,-0.005076170279846859,0.00841513349691092
2023-02-14,-0.00036909015060671013,0.0007537389032514774,-0.002301979910963148
2023-02-15,0.003349025456542254,-0.00996466725346834,-0.00932512536997987
2023-02-16,-0.013903294605944527,-0.0008192368783922488,-0.014168127186497514
2023-02-17,-0.002585584871851121,0.002986790669610162,0.007776103405000123
2023-02-21,-0.019854481692990533,-0.003737004613899475,-0.019437277715628976
2023-02-22,-0.0012541399397555386,-0.005626488586046308,0.009164637401823716
2023-02-23,0.00502294646918533,-0.0005304511136865475,0.009771971647491995
2023-02-24,-0.010701704605942663,-0.00719467575637045,-0.013001210915702832
2023-02-27,0.0034592677568467955,0.003920334893926292,0.0027731237579244894
2023-02-28,-0.0037756274576508098,0.00455596886271592,0.004543222282212378
2023-03-01,-0.0036530284652561695,0.005772150633673867,-0.010743055480232133
2023-03-02,0.007470254364366102,-0.0005855636445488699,-0.008867452919889551
2023-03-03,0.015841807608893088,0.010723085619275707,0.02422634894332254
2023-03-06,0.0012119997280239936,-0.005043830646819902,-0.007753936048388921
2023-03-07,-0.015468116918647246,-0.017480480627863337,0.006132983543927217
2023-03-08,0.0015573968130628835,-0.00047445044105887124,0.0009828708188717172
2023-03-09,-0.018305829576684363,0.009849316056938173,0.0024555425232366535
2023-03-10,-0.014339943615825024,0.021562856843419187,0.03448573289686507
2023-03-13,-0.0016917234731705921,0.022948211912439564,0.0022731517457819095
2023-03-14,0.016606677225964983,-0.005791064746217711,-0.016441662549477987
2023-03-15,-0.00616746345476793,0.007804133170404848,0.01931016073446723
2023-03-16,0.01710747807197399,0.002020092008242713,-0.00782248845943978
2023-03-17,-0.010938213646114026,0.02912021467748982,0.015008694389693211
2023-03-20,0.009030938679911227,0.0003808677357699519,-0.008796864557668038
2023-03-21,0.013080429579236386,-0.018875115806276432,-0.008592637985913809
2023-03-22,-0.016581493095400468,0.01702060989813825,0.013333456309140956
2023-03-23,0.002377366543649062,0.012538176085624908,0.0
2023-03-24,0.0066646785360418015,-0.011252350246951037,0.004229122436615329
2023-03-27,0.001650208550495913,-0.009256722051406152,-0.02349076928236149
2023-03-28,-0.0017573050048148575,0.008189093257242153,0.0018212885981765403
2023-03-29,0.014221948189602429,-0.00496077000653139,-0.0020089978307237244
2023-03-30,0.005967092576016242,0.009039576549164652,0.004601226864426877
2023-03-31,0.013966406291816114,-0.005212246135594234,0.014980570831784723
2023-04-03,0.003962019182578436,0.007204410308019105,0.004703164861472153
2023-04-04,-0.005641404213734935,0.018640958960437715,0.004971619753715739
2023-04-05,-0.002423786360508662,-0.0007979247786651378,0.010454658240903525
2023-04-06,0.003818122075426311,-0.007134091065472581,0.00258680483726903
2023-04-10,0.0010904115152881033,-0.007399886547073353,-0.016124541486115418
2023-04-11,0.00013300976372954132,0.006320556237305208,0.0020603814382602614
2023-04-12,-0.00398493693331281,0.004885138866613126,-0.0010282776771577407
2023-04-13,0.01296297760066345,0.013515672558895409,-0.00785808454424164
2023-04-14,-0.002054005062350539,-0.017710313033589165,-0.009147025883395332
2023-04-17,0.0034039872709070718,-0.0044537552497120325,-0.011895388971898568
2023-04-18,0.0006835824985116368,0.003880780603893852,0.0035633348063914827
2023-04-19,-5.2585995897080906e-05,-0.004778520212877502,-0.0009596644284328715
2023-04-20,-0.0056501934604870074,0.00393825919904689,0.008549108127663185
2023-04-21,0.0005815108029632032,-0.00988766926809792,-0.005619476524817535
2023-04-24,0.0013209162381375705,0.003039335460481629,0.009674490498199129
2023-04-25,-0.015801169402869242,0.005086318131183543,0.014704426882001354
2023-04-26,-0.004449196023147306,-0.0054373863086726315,-0.010658219960024251
2023-04-27,0.019841530606869995,5.410039265330013e-05,-0.009922590548991472
2023-04-28,0.008553126879513373,0.0002706525128974846,0.01613099388617978
2023-05-01,-0.0006803322510181564,-0.004491351825477108,-0.028834702278205615
2023-05-02,-0.011210464602602666,0.019296640909943763,0.024919819253571562
2023-05-03,-0.006966677679063893,0.008479075840785555,0.005581765690646279
2023-05-04,-0.007309057471670766,0.00703295344911492,-0.009878322700116127
2023-05-05,0.018353452674516157,-0.015647950479605433,-0.003326042010008079
2023-05-08,0.0005538517627989847,0.0012269055761324754,-0.01401449101076302
2023-05-09,-0.0043249131214746495,0.007086162362163639,-0.0035775190390789913
2023-05-10,0.0043702011681778785,-0.001428442843921074,0.009703706171943827
2023-05-11,-0.0013973978936930864,-0.008582755587748347,0.010572024489778675
2023-05-12,-0.0013470111869166024,-0.0017100802429794726,-0.008368957557828183
2023-05-15,0.0034642138393450317,0.0021412620336231925,-0.010357756509973504
2023-05-16,-0.006614630787382114,-0.0124993937971285,-0.0030042658690830892
2023-05-17,0.01193802368280461,-0.0034618889303412725,-0.002916084638911798
2023-05-18,0.009778543857551947,-0.012972911279784505,-0.007409093754218943
2023-05-19,-0.0015838072277036819,0.0098988291245512,-0.00707106874455643
2023-05-22,0.0005460353360262626,-0.002341497915543389,-0.0035607557358995345
2023-05-23,-0.011175193612537715,0.001200731149241463,0.0028789917424847378
2023-05-24,-0.007490581812544805,-0.008068450017086337,-0.004949164463261657
2023-05-25,0.008712077103911753,-0.009618027091793824,-0.002486803126575454
2023-05-26,0.012995025123665016,0.003995567330169925,0.00807727644605083
2023-05-30,0.00031091001834648857,0.006190554546333882,0.009991325340793056
2023-05-31,-0.005440348678956486,0.0015382006614657051,0.008716592643535304
2023-06-01,0.009585990494109353,0.00789813034647624,0.003923396426850578
2023-06-02,0.014681454290253582,-0.014747450675273721,-0.010957980077847762
2023-06-05,-0.0019326608831609082,0.006020416015011243,-0.001862825558682779
2023-06-06,0.002063375235697773,0.0010980396887689814,0.005893951608819892
2023-06-07,-0.0032798086833629725,-0.012010543410059138,-0.014843701543187038
2023-06-08,0.005994741768315048,0.013211240429905624,0.011696827649563257
2023-06-09,0.0016734314418302976,-0.0026845203333208945,-0.0013717435215400142
2023-06-12,0.009189182256430284,-0.0008788640365902101,0.002943720776658054
2023-06-13,0.006597076683583003,-0.007367558613950331,-0.009880663525498434
2023-06-14,0.0007726188332233264,0.0005539277015322863,0.008002730445896056
2023-06-15,0.012823584878264072,0.007030581691497284,0.009606142752229152
2023-06-16,-0.0036876176127298432,-0.0015392159510752013,-0.0038833538355032005
2023-06-20,-0.00461455271108413,-0.010350739592973501,0.006920199846304875
2023-06-21,-0.005478657998556291,-0.0014464228474878604,0.0024196434490941776
2023-06-22,0.003639304841781321,-0.009916979914319946,-0.012070195578521847
2023-06-23,-0.007500483752829856,0.0027572461643308177,0.009969831344148972
2023-06-26,-0.004129238202438601,0.0017396047357047806,0.0010644607500178704
2023-06-27,0.011081647026494057,-0.004593535884055422,-0.002610265473272144
2023-06-28,0.000447359545218573,-0.002307409851291853,0.004264785568014462
2023-06-29,0.00383057934583797,-0.001071764681377263,-0.01804853489142544
2023-06-30,0.011850915051790478,0.006663323502016594,0.011794943044505013
2023-07-03,0.0019149368110598086,0.0011218766110339118,-0.005669042106034139
2023-07-05,-0.002230108179420154,-0.00353003237800964,-0.009502442996395133
2023-07-06,-0.008154256709097862,-0.002980200124891419,-0.014143355864502105
2023-07-07,-0.0023275854480244718,0.007500997402107412,-0.00601860972973467
2023-07-10,0.002680518018674416,0.0007836956455820054,0.0013117507524078587
2023-07-11,0.0064115664177326614,0.0037476125602418087,0.0051408032253650315
2023-07-12,0.007870750960061956,0.013541420874312982,0.011131052375394246
2023-07-13,0.008151039586945963,0.0007146999149643118,0.010512692957731495
2023-07-14,-0.0007987635300369389,-0.0031866482531699436,-0.005888833201916466
2023-07-17,0.0034885795311241363,0.0007165567329587841,0.0004937434362874971
2023-07-18,0.007580638536690332,0.011456278139590825,0.004538994262936136
2023-07-19,0.0021565872305577827,0.00016335645500209495,0.011296896911632714
2023-07-20,-0.0065272493994060765,-0.005063389149303599,-0.012141843625904425
2023-07-21,0.00012038473310749254,-0.0030645332195952113,0.00029479470174842426
2023-07-24,0.00423495507539684,-0.00428147332668416,-0.0036369566179977886
2023-07-25,0.002947510283582311,0.005567859975791123,-0.0018743274813285415
2023-07-26,0.0002390207429359137,0.0048791150253855164,0.0009882273062318259
2023-07-27,-0.006783625411780125,-0.01571197400361901,-0.019452772632884474
2023-07-28,0.009739547481553368,0.007981390400291666,0.0051357045795881184
2023-07-31,0.0019292568041056057,0.0026944104889450315,0.002404761686528145
2023-08-01,-0.0030900266494521267,-0.010364679607279714,-0.016386962709632136
2023-08-02,-0.013853881214951125,-0.004765602229612864,-0.010699090277193068
2023-08-03,-0.0028291030071163625,-0.0003341470787491252,-0.023071320164168463
2023-08-04,-0.00489822953203789,0.003620414278603157,0.01771236141520438
2023-08-07,0.009016105054681978,-0.0022753962847783527,-0.009841683180036198
2023-08-08,-0.004322706927920805,-0.006341080194621318,0.011613360923978133
2023-08-09,-0.006645933153589523,-0.00475820704444585,0.0051709645260134
2023-08-10,0.0005861304925030009,-0.0010686044760203073,-0.01646217682115847
2023-08-11,-0.0009273607675043261,0.0,-0.0023018677178686664
2023-08-14,0.005642281565967799,-0.003040588549344525,-0.0022017684299369122
2023-08-15,-0.011464164243238706,-0.002654474343068869,-0.00609486295209738
2023-08-16,-0.007395579637415217,-0.005776029417432049,-0.007824526729221626
2023-08-17,-0.008094218640854134,-0.0015378724223797935,-0.004262280479777614
2023-08-18,0.0009231629789387963,0.00017112823031739666,0.003531877373872172
2023-08-21,0.006607248332004989,0.002737670236275802,-0.013330756124238285
2023-08-22,-0.002798929138186468,0.0016495566176504273,0.007673994686410834
2023-08-23,0.010779827127641806,0.01016464068195777,0.02477762108145809
2023-08-24,-0.013294146633620718,-0.00022482031744353037,-0.006594187115106842
2023-08-25,0.00662442569339694,-0.0012932863561120334,0.0032660648121065616
2023-08-28,0.006580988515406672,0.0028713533365909427,0.0010502866479549233
2023-08-29,0.014206476254668976,0.009768091768254772,0.01038629048305606
2023-08-30,0.004168260820671232,0.0025018747942815445,-0.0010384898007238519
2023-08-31,-0.001279374600147598,-0.0016637258183913595,0.00446948907661926
2023-09-01,0.002126687955021689,0.0004999240959600026,-0.015578550708375882
2023-09-05,-0.0043645866833534885,-0.008161685723844458,-0.014022464365479714
2023-09-06,-0.006902396567250779,-0.004534245193468567,0.002459904510575317
2023-09-07,-0.0029753023893525077,0.0010684498647577367,0.0027731224364371254
2023-09-08,0.001369968832937385,0.0003370270596214642,0.003829394252250262
2023-09-11,0.006570668489345621,0.001853109993606994,-0.007205747560623532
2023-09-12,-0.005363175067421011,-0.005156651253074851,0.005763941900856384
2023-09-13,0.001171345841989524,-0.0023100098564432514,-0.00021227292359116134
2023-09-14,0.008650980312684853,0.0005082241752882855,-0.00721807614151726
2023-09-15,-0.012466640966890319,0.006603816566220333,-0.006094362730682756
2023-09-18,0.0011008132475296417,0.005887647601878543,0.0057013857178800365
2023-09-19,-0.0020038119977089375,-0.0009476457412548323,-0.00738041161848213
2023-09-20,-0.009354275714581584,0.0007253927124595272,0.0031249676193947362
2023-09-21,-0.016388767323236242,-0.007248413758109917,-0.025674054316680794
2023-09-22,-0.002412487023260579,0.0032013033173832195,0.008048507280218109
2023-09-25,0.004156601988868358,-0.005150588926742139,-0.024609059221828766
2023-09-26,-0.014675925133344925,-0.007990985893820302,-0.003475818716946688
2023-09-27,0.00022902331496132966,-0.012366647894697436,-0.005176253568775491
2023-09-28,0.005833828871336877,-0.004997187509914736,0.00305389093061903
2023-09-29,-0.0023880810896911298,-0.01027534966921384,0.00011273014435309037
2023-10-02,-7.641150324055879e-05,-0.010498705650611395,-0.016739809278969786
2023-10-03,-0.013446311824468427,-0.0028882419805683623,-0.02151171477025826
2023-10-04,0.00735687941766594,-0.00011825651470720455,0.014107429621226686
2023-10-05,-0.0008456629813035077,-0.0018327868021307259,-0.004984774778138856
2023-10-06,0.011925855049715217,0.005153083621109555,-0.012116941926251013
2023-10-09,0.006665586936039469,0.01838544744893622,0.02346989563175339
2023-10-10,0.005161286419234745,-0.0016780958953311886,-0.0013830900793762035
2023-10-11,0.0042329459528192,0.007303045938392039,0.020886491316983946
2023-10-12,-0.006010941114733104,-0.0030496507265770356,-0.0271280234800767
2023-10-13,-0.005269501081431871,0.03214825984540237,0.017892717338870545
2023-10-16,0.010468727379898901,-0.004864928190345896,-0.016094363596811267
2023-10-17,2.486483397312611e-05,0.001854273768354009,-0.011021361300812327
2023-10-18,-0.013380421158768807,0.014470816805260078,-0.00879735868543674
2023-10-19,-0.008476318064338795,0.012274016037125302,-0.02047325319466964
2023-10-20,-0.012453294497442813,0.0027308974274993236,0.005678532345401388
2023-10-23,-0.0017571684112659414,-0.0033770637265356784,0.012013321715614422
2023-10-24,0.007481152245266465,-0.0001093308866343401,0.013176596157558285
2023-10-25,-0.014105886275496138,0.004208823642007475,-0.022261135019311706
2023-10-26,-0.012274792926011746,0.0015784524505007003,0.015338666671081747
2023-10-27,-0.004432804135515167,0.011629799758343662,-0.004249150312622185
2023-10-30,0.012032076935034608,-0.00564054701797434,-0.004503409977654416
2023-10-31,0.006049384413012504,-0.005456562573315948,-0.004882094698695383
2023-11-01,0.011010695382146718,-0.003150642851826202,0.02168242348198901
2023-11-02,0.019001268439116537,0.0033240729584831374,0.022796623076078326
2023-11-03,0.009247579592722044,0.003638921283475316,0.00677845878430694
2023-11-06,0.0019276868857684981,-0.007792560392528847,-0.009699869619547608
2023-11-07,0.0028233935569330626,-0.0041451308444239165,0.014750084269337105
2023-11-08,0.0008222742812977746,-0.00996764391222027,0.01703390430956353
2023-11-09,-0.007543483644620319,0.003982968433291267,-0.023001556486188734
2023-11-10,0.015602990452870946,-0.010909752197912126,0.00559985726933987
2023-11-13,-0.001012638930335874,0.005570720464602941,-0.0022726165742955606
2023-11-14,0.019211250106811795,0.008919177105678688,0.022667649044191496
2023-11-15,0.002183181357462871,-0.002635601473798599,-0.014034343407426375
2023-11-16,0.0014040901924166072,0.011286077178189302,0.012426494221327244
2023-11-17,0.0014745013755617098,-0.00010890234740634774,0.004686498919120652
2023-11-20,0.007530544254740423,-0.0016333808174913145,0.00610816791473745
2023-11-21,-0.0026111011376556137,0.01079790063288577,-0.0004412691642152744
2023-11-22,0.0043232297978339496,-0.004262252597287075,0.003533992725586188
2023-11-24,0.0005501292936174185,0.005201596914642392,-0.011775269500105767
2023-11-27,-0.0017447081908475992,0.006737817869841178,0.0167041395411196
2023-11-28,0.0009812729125824315,0.013331852960406732,0.001971540851172904
2023-11-29,-0.0006455484949871027,0.0014794398574642376,0.012570700488820252
2023-11-30,0.0038775337211396366,-0.004167950375202456,-0.011551166153915382
2023-12-01,0.005865419462420585,0.017271494075951965,0.018834268196272097
2023-12-04,-0.005025254440701121,-0.02161342646325959,-0.003979315750318846
2023-12-05,-0.00030968530820052464,-0.0037794459254785195,0.021485551967328487
2023-12-06,-0.004170555258952935,0.0036868953454944897,0.013318269175405018
2023-12-07,0.007825696697670859,0.0016503277504122948,-0.00573695619181791
2023-12-08,0.004250480976861981,-0.01334039111485108,-0.008183129886082052
2023-12-11,0.0038777334914652517,-0.011042895165362276,-0.00211583644185942
2023-12-12,0.004969835494430974,-0.0005446421195114404,0.002968288094720384
2023-12-13,0.013617079553363887,0.022562533466176538,0.023462147559379698
2023-12-14,0.0029366813855327134,0.005862552982469849,0.026013148091879046
2023-12-15,-0.001521739811869982,-0.009166511771857233,0.0011107777386845097
2023-12-18,0.005657015095886786,0.004545487184575592,-0.007968027156907698
2023-12-19,0.0060843764474252104,0.00681394057869511,0.005388329375336731
2023-12-20,-0.01443441457226724,-0.005445982936102989,0.006774998268397336
2023-12-21,0.00974210939292064,0.007070635455129759,-0.006327612477432409
2023-12-22,0.0023258877902165853,0.004434417088942322,-0.004548492023024431
2023-12-26,0.004158030928782308,0.007620733251079592,0.0028432281476113985
2023-12-27,0.0018302916363610588,0.004537842226414179,0.017719448160661067
2023-12-28,0.0001597842237024416,-0.005815437657636813,-0.007262709997730932
2023-12-29,-0.002671320711198022,-0.001566841018672216,-0.00902000186484786
2024-01-02,-0.006387278732337132,-0.002353909884146743,-0.005764290387954563
2024-01-03,-0.007419216610477952,-0.008336809604204354,0.004170360509812898
2024-01-04,-0.003157056430464933,0.0010046128932528209,-0.015194525071693943
2024-01-05,0.0012806810744814268,0.00015845540955172766,-0.009566071801919263
2024-01-08,0.014303165054772249,-0.007816271130823282,0.009866096005099578
2024-01-09,-0.002430533443715688,0.0003193567900841021,-0.0063758648063043655
2024-01-10,0.006596661369332235,-0.00228804710551489,-0.004657237019927596
2024-01-11,-0.00034262027211884316,0.0019733072916665595,0.00561479846976165
2024-01-12,0.0004569596252830266,0.009794068475553752,-0.001964631851917753
2024-01-16,-0.0034020860999547375,-0.009488181898979597,-0.017612836539258048
2024-01-17,-0.005566740175675711,-0.01101595063528893,-0.0015821828748724398
2024-01-18,0.00889244163861358,0.008232882099906247,-0.009295331360479664
2024-01-19,0.012239409393992595,0.00298872590696031,0.003198478924101744
2024-01-22,0.0022783289242640503,-0.003777957126316789,0.005952046090254237
2024-01-23,0.0029709778435742518,0.0038991332271092194,-0.007924129144449954
2024-01-24,0.0008303763263248776,-0.008246890539639895,-0.005857267111979758
2024-01-25,0.0056279083363139915,0.003969986681303217,0.006534652685353359
2024-01-26,-0.0006019149925839962,-0.0006946931881827156,-0.0019154694338057165
2024-01-29,0.0072729944889464715,0.0070584854445867595,0.011516331930926382
2024-01-30,-0.0007086847463925183,0.0013805262268788976,0.009065497850116344
2024-01-31,-0.016291137978011405,-0.0007423479101065222,0.009820503866318608
2024-02-01,0.013158483816063216,0.01040067256889099,0.019616051486373687
2024-02-02,0.010274436907411033,-0.009453300862028224,-0.022088634964353426
2024-02-05,-0.003654126995261797,-0.005513988032274764,-0.020193856622828354
2024-02-06,0.003115270432578532,0.005224693124019186,0.009773885348299816
2024-02-07,0.008215354034992517,-0.0002651978305409086,-0.0048393267126637385
2024-02-08,0.0006772400497132569,-0.0009018470501077624,-0.0058149038665159525
2024-02-09,0.005675892162585905,-0.003876152075832917,-0.0020204583760286
2024-02-12,-0.00045579592919819945,-0.0026119694947860372,0.0011721693961883606
2024-02-13,-0.014094606148282174,-0.013788690196348319,-0.017135039906524985
2024-02-14,0.009516053905970212,-0.0005961123453055439,0.005089540920492297
2024-02-15,0.006764224867034541,0.0067238125229136525,0.005171119603273544
2024-02-16,-0.005114924913420915,0.0036625695484677756,-0.005787684057552922
2024-02-20,-0.005489915329848327,0.006064210073093879,0.000862395494849677
2024-02-21,0.0010075706792862515,5.331256612173263e-05,-0.007108884862029541
2024-02-22,0.02100799946085452,0.00042672195902415666,0.004881808886160854
2024-02-23,0.0004500321866152124,0.005651511902278639,0.01338639439606859
2024-02-26,-0.003663265599371135,-0.0022266895335479875,-0.0029829194490978983
2024-02-27,0.0018491329590921701,-0.0010626830578386315,-0.007051917189040191
2024-02-28,-0.0015453089448685953,0.00180849115899262,0.006348681054539895
2024-02-29,0.003697220887439956,0.005150266749304189,0.007057560593960455
2024-03-01,0.009637480063258153,0.018910791174389097,0.0062308405837920855
2024-03-04,-0.0011878921567055611,0.016174996770490724,-0.0040224265051111985
2024-03-05,-0.010024093723433936,0.006020141664404566,0.01424150843546057
2024-03-06,0.005298857781051103,0.008215401882095241,0.0058682772716045495
2024-03-07,0.009901409908196657,0.005683843351386164,-0.0009374336095177016
2024-03-08,-0.0060643398095610035,0.008452547868211147,-0.0017723398731727125
2024-03-11,-0.0008291589204975081,0.00183502012710135,-0.0005226248727722149
2024-03-12,0.0107021854937841,-0.01094062729637224,-0.008361308414086666
2024-03-13,-0.0015157722244981686,0.00700740378557585,-0.004848306061667751
2024-03-14,-0.002192595472442438,-0.004175139558116325,-0.015356778612298672
2024-03-15,-0.006888125530290834,-0.00319440663913817,-0.0003228110222964764
2024-03-18,0.0062552077879329815,0.0016022835845583838,-0.003012748204538118
2024-03-19,0.005602980373023314,-0.0011498061737871268,0.002805986042422548
2024-03-20,0.008725869221803961,0.011911859798154678,-0.0003227104384802004
2024-03-21,0.0033350241465988084,-0.0010386361790747367,0.002152951192424535
2024-03-22,-0.0013067442657967998,-0.00802096899240623,0.009560579898310495
2024-03-25,-0.002587693116522738,0.0031944066391380588,-0.005000701611754144
2024-03-26,-0.002803711372786122,0.003233961285236564,0.002780387969438136
2024-03-27,0.008728448900388708,0.007240660177973313,0.009917868065686397
2024-03-28,-0.00012476786387227712,0.012900024807739996,-0.0008446847757368481
2024-04-01,-0.001310454585849885,0.010208079384865787,-0.01864143126190554
2024-04-02,-0.006540928796197054,0.014772360490971526,-0.0055103459566073765
2024-04-03,0.0009015807377759089,0.008772374739768773,-0.00021743187104039663
2024-04-04,-0.012317759397395767,-0.005734705223284009,0.0071726706284134245
2024-04-05,0.010626136715951029,0.017114197447370305,-0.013919329769705668
2024-04-08,0.00039880356296140285,0.00622848536623688,-0.0001092575223896608
2024-04-09,0.0012376156128550697,0.005497054993034878,0.009301991503117835
2024-04-10,-0.009679942888165982,-0.009463856185613961,-0.02179343331123096
2024-04-11,0.007214603678599163,0.019433247203493043,-0.004544408306041747
2024-04-12,-0.01363268902076109,-0.013239324939518515,0.00534473180673678
2024-04-15,-0.01269256088124393,0.01871915519396472,-0.015505660323910986
2024-04-16,-0.0017903781594987844,0.0012220152803359419,-0.006637397267543643
2024-04-17,-0.006028709367170371,-0.007368252752093185,0.011098518861103912
2024-04-18,-0.0022826069526333814,0.0034154561341945833,-0.005040276967649304
2024-04-19,-0.008367049022507178,0.003131535140574959,0.0036026228871761656
2024-04-22,0.008679319953373232,-0.02470249054532203,-0.0016831751077800439
2024-04-23,0.012613037535997185,-0.002458663172418052,0.0003373358140441596
2024-04-24,-0.0007313671704261004,-0.0018600907225296837,-0.007076050755867258
2024-04-25,-0.004133616967216813,0.005963468053189924,-0.007013525132987919
2024-04-26,0.010009195067546273,0.003241927353549112,0.0052399629205399645
2024-04-29,0.003488804016081648,-0.002031218037689575,0.008386441834254299
2024-04-30,-0.0158051112673111,-0.019937078844561418,-0.00854141329075886
2024-05-01,-0.003250749237565742,0.00906215232545482,0.007371131675063092
2024-05-02,0.009327622397404145,-0.0030870874411647042,0.004290846305727625
2024-05-03,0.012407790148942777,-0.0007976266365629092,0.01011906123123274
2024-05-06,0.010085484515999665,0.010518361024399514,0.003895758516517356
2024-05-07,0.0014325561983743462,-0.004600326433150892,0.006098269633536768
2024-05-08,4.205819745295436e-05,-0.002941061869504713,-0.00606130615427658
2024-05-09,0.005742188018381,0.015778607960932778,0.004878990006024431
2024-05-10,0.0012340735323754792,0.008112513438038427,-0.005627642176791459
2024-05-13,6.267993846620357e-05,-0.011202103844459854,0.0025521747566850106
2024-05-14,0.004741217245474605,0.008462045119477013,0.005644710892816152
2024-05-15,0.012181897420635357,0.012838750510223873,0.013647374282081959
2024-05-16,-0.0019099983851269542,-0.0038933433506626036,-0.0009770039370637917
2024-05-17,0.0014817444319292772,0.0164977725898805,-0.006738582424816508
2024-05-20,0.0009862390882950933,0.004023937591649318,-0.002954244259327443
2024-05-21,0.0026889964730880678,-0.001469548604570936,0.005157899962544565
2024-05-22,-0.0029070718228139114,-0.01837396956557802,0.0012011029691247899
2024-05-23,-0.00743229074094387,-0.019944570339717638,-0.006433906765965114
2024-05-24,0.006805361909685281,0.0009271136061119734,0.0029632300114899035
2024-05-28,0.000801269597974219,0.010513172896031486,-0.014335808295102503
2024-05-29,-0.007041403135987667,-0.009303812074716977,-0.012101099104148694
2024-05-30,-0.006719170086029735,0.0018967600627461945,0.009664552869787846
2024-05-31,0.008700302732563614,-0.00586417430627717,0.0067899357520646575
2024-06-03,0.001093629306493371,0.008917780500373507,0.01617446766939934
2024-06-04,0.0012162028655882118,-0.008977059834655465,0.011681423469872998
2024-06-05,0.011961020480577123,0.011845603201319,0.007337981720120901
2024-06-06,-0.00022375194593626802,0.007391356612921562,-0.0014999730603107997
2024-06-07,-0.0013022544029885896,-0.03568330143379639,-0.018345605545749044
2024-06-10,0.0032803144169728515,0.009168181127878317,-0.0066667536852044185
2024-06-11,0.00227453559174573,0.0028566106093961263,0.010342130265442284
2024-06-12,0.008327842536671737,0.0026617200115086614,0.0075138242385930365
2024-06-13,0.0018887714508331044,-0.008150148984962247,0.014699669887189959
2024-06-14,0.0008024972793660989,0.012959545903254766,0.008414981779947706
2024-06-17,0.007936006191894052,-0.005191652247571676,-0.009929454179421149
2024-06-18,0.002664345680051028,0.004007271832187298,0.009175666169928931
2024-06-20,-0.002776214411740918,0.012484347826456466,-0.0066602378827871345
2024-06-21,-0.002187419637529331,-0.015493238109986152,0.0
2024-06-24,-0.002690397260372568,0.003957566385821121,0.0040440797350946855
2024-06-25,0.0041564673784393324,-0.004962237629221655,0.0016957055499140505
2024-06-26,0.0011143472014800704,-0.009228168111804491,-0.014285409132942739
2024-06-27,0.0015505503046600033,0.011336925587312363,0.0039718882518735565
2024-06-28,-0.00385607732438642,9.297647872519299e-05,-0.01860559611348933
2024-07-01,0.0022994132768852094,0.002604589701363791,-0.017258852639848832
2024-07-02,0.0064832737191031775,-4.643394389247657e-05,0.007785532548199692
2024-07-03,0.0045191072182784175,0.011273000380832565,0.013133091942191921
2024-07-05,0.005978620488679809,0.013486798057397165,0.008279166959684225
2024-07-08,0.0009611294396640879,-0.012402074526820739,0.0021604282124334517
2024-07-09,0.0010973088781689455,0.0016957473442755777,-0.004420003557550567
2024-07-10,0.009630293767335152,0.0036603361122538036,0.0031402946375316265
2024-07-11,-0.008569087277024323,0.017733403441032136,0.009715117815499053
2024-07-12,0.006179262589975254,-0.0006270969301161999,0.004276305440606087
2024-07-15,0.0030317539696034235,0.0032271131671974818,-0.011496682102973055
2024-07-16,0.005676962094418148,0.019925798233449088,0.014107342166948644
2024-07-17,-0.01396808810976724,-0.004643206403117217,0.00021234029183303527
2024-07-18,-0.00752253962883731,-0.006381186355259194,-0.0076443189088898356
2024-07-19,-0.0066740078597934405,-0.017937829186174925,-0.005884211807585915
2024-07-22,0.01038553060406966,0.00031573231212611574,-0.0029055632395812436
2024-07-23,-0.0016674626247376034,0.003516676143213937,-0.0014031722044128836
2024-07-24,-0.022890653164074015,-0.0035043524704835294,-0.010808443441147064
2024-07-25,-0.0050473084931379475,-0.01564473026582147,0.008194746450497448
2024-07-26,0.011216998471975215,0.010534525866662925,0.007803205513973177
2024-07-29,0.0007395965594849674,-0.0014050562105476505,0.005376952917558464
2024-07-30,-0.005232693606290195,0.009985461488319247,0.0038506436676695177
2024-07-31,0.015760498694380454,0.018110725786084414,0.010229322461601686
2024-08-01,-0.013638131450184554,-0.003442943141866439,0.008624810824892748
2024-08-02,-0.018275527204704156,-0.0019046282784819235,0.03116141049872878
2024-08-05,-0.03002589729491889,-0.012691935106198704,0.005291099763120588
2024-08-06,0.009974656923298797,-0.008000713832612472,-0.02236852232293507
2024-08-07,-0.006938314005207058,-0.0006796279952806517,-0.007039872598151975
2024-08-08,0.023331389094658483,0.015688013635013043,-0.006151873355171755
2024-08-09,0.004285188799177497,0.0024552612171107047,0.009861810691702111
2024-08-12,0.0005104551351824416,0.017144665770273848,0.00363573955770935
2024-08-13,0.01660979257272932,-0.001532358906807807,0.006935054369238136
2024-08-14,0.003191393389286201,-0.008155751250824572,0.006270278590858824
2024-08-15,0.017166997901200798,0.0031388449312386157,-0.008070111580573358
2024-08-16,0.0021047209734306183,0.02238773852658915,0.0035016212500362798
2024-08-19,0.00961809895368071,-0.0016380226467286318,0.0046179764826144165
2024-08-20,-0.0016525581601535277,0.0036699887797402297,0.0079683580740042
2024-08-21,0.0035054996667911453,-0.0013336178629832496,0.0006081506241990553
2024-08-22,-0.008092474602558242,-0.011975011209935604,-0.00992618689744007
2024-08-23,0.010819088013125588,0.011553425520716143,0.006547367067675447
2024-08-26,-0.002457947259893123,0.0031893380775307456,-0.0025409315208848593
2024-08-27,0.0013387498285599708,0.002706671669018279,-0.0017321293432229767
2024-08-28,-0.005716140246252777,-0.007026862307456638,-0.0012248211193961467
2024-08-29,0.00015585948459828636,0.005177980359189593,-0.0032701665895090715
2024-08-30,0.009411361037909849,-0.0071260085162319076,-0.01066366059981283
2024-09-03,-0.020230112266747424,-0.0043235765879541255,0.01635535041989522
2024-09-04,-0.0024824809008882065,0.000607926500195255,0.012890273547761844
2024-09-05,-0.0024689523039261863,0.008332306942507639,0.0056557559226400045
2024-09-06,-0.01665171385704023,-0.007402630408956501,-0.00010054864258079999
2024-09-09,0.011255663603253252,0.004205876079289794,0.004319257812817057
2024-09-10,0.004121550137794028,0.004404097525005923,0.007000593094118601
2024-09-11,0.01023202856404093,-0.001590555949419148,-0.000794697209774875
2024-09-12,0.008597311041893763,0.017567284525531468,-0.004671390018969657
2024-09-13,0.0053129615834723865,0.009943683944142245,0.002696283168204694
2024-09-16,0.0015099493296897304,-8.374817448153493e-05,0.009162470436151482
2024-09-17,0.00046388537768971005,-0.0055309113549146804,-0.004835965318945368
2024-09-18,-0.003245812872388787,-0.007710465405288858,-0.012395671984053336
2024-09-19,0.01744489315466735,0.01554075728197235,-0.003313340828083433
2024-09-20,-0.001962170917778727,0.012710660066880486,-0.0038286687716918566
2024-09-23,0.0024622821621800295,0.0019404068737312041,-0.002123813446747169
2024-09-24,0.002875274615585788,0.01396907347432852,-0.00020250951410627493
2024-09-25,-0.0020317094425079674,-0.001381767735031958,-0.00831217064430656
2024-09-26,0.003976718570456894,0.005086884066794806,0.0023511113907452863
2024-09-27,-0.0012948357474241723,-0.007935830791900744,0.005200573781436457
2024-09-30,0.00435874816733639,-0.007999374253898295,-0.004767899819770438
2024-10-01,-0.00934289399497823,0.010491249392624136,0.0072197770643149806
2024-10-02,0.0001723220180178675,0.00020358719772617384,-0.008426986182200724
2024-10-03,-0.0018937843142178279,-0.0006920058878576718,-0.009420563188393127
2024-10-04,0.00921759212841966,-0.001996030315693287,-0.012301134800818736
2024-10-07,-0.00900043018198482,-0.0033877625757333663,-0.007535423633411642
2024-10-08,0.009465242533024387,-0.007371925565205384,0.0016876029471941667
2024-10-09,0.006833190723668503,-0.005446185963701722,-0.005685059005921866
2024-10-10,-0.0016778351881963083,0.007342892553628744,-0.003917513430714892
2024-10-11,0.005948355420389184,0.010913408354139564,-0.004038994043478739
2024-10-14,0.008184546803957637,-0.001629502157067031,0.0007472080707331408
2024-10-15,-0.007615570001983207,0.003468359323146597,0.01215730280174876
2024-10-16,0.004202992289014995,0.005001609209081437,0.004214400657256867
2024-10-17,0.00014948693241856326,0.00598831083503093,-0.015843122443038427
2024-10-18,0.0038481015725468914,0.010618185005034864,0.0007465886166611035
2024-10-21,-0.0015445041519646097,-0.00019900127714245208,-0.017471114601338322
2024-10-22,-0.0006895873587351442,0.01078732362833379,0.0009757894397617317
2024-10-23,-0.009120395619186095,-0.012050555849465017,-0.002707963834581828
2024-10-24,0.0022587409271226377,0.007693259346016168,0.00640811882613046
2024-10-25,-0.00039432735447808565,0.0020569789010425055,-0.005611900853222496
2024-10-28,0.003118840231961073,3.945407605776552e-05,-0.002713254045980662
2024-10-29,0.0015918299842885286,0.010894858433216914,0.0015238524102048068
2024-10-30,-0.0030105627992764727,0.005505891218995584,0.0029334587415437152
2024-10-31,-0.019675177574395963,-0.015495166963743978,0.0016252924249084977
2024-11-01,0.004343048449908293,-0.0041023758773532926,-0.014098483465378564
2024-11-04,-0.00217181578982073,0.0014259144001700363,0.015521849148241174
2024-11-05,0.0120275362075557,0.002254447895034817,0.005311840684065983
2024-11-06,0.02490099210819019,-0.030386729020158154,-0.027388259923392777
2024-11-07,0.0077859264498365555,0.016076503855530166,0.012527431821894863
2024-11-08,0.004419771959083274,-0.006769426092267161,0.012701310420305756
2024-11-11,0.0008182429163192673,-0.02347155656813127,-0.004865505270993831
2024-11-12,-0.0029979221883971174,-0.008631355179477884,-0.014993409890261877
2024-11-13,0.0005104746743991306,-0.010081225320474285,-0.009485969690896212
2024-11-14,-0.006356892122971636,-0.0026091417886487944,0.005790685938054763
2024-11-15,-0.012904515660289495,-0.0017720694429753658,-0.002657201818531907
2024-11-18,0.004141147827512848,0.019020246289590537,0.0017761263305675623
2024-11-19,0.0036431586635385926,0.008959325127211537,0.005097493120497898
2024-11-20,0.00036850899330853615,0.005632045702723465,-0.0031973603713784104
2024-11-21,0.005047069531684656,0.008339500390982302,-0.0007740817868934213
2024-11-22,0.0033537974598913944,0.012892210445830665,0.0005533962335351195
2024-11-25,0.0032146700674600126,-0.029458856541118794,0.02588767674489323
2024-11-26,0.005607929740500728,0.0019383092584315254,-0.00388190215704165
2024-11-27,-0.003186612321620319,0.002222714763140843,0.006928461496359617
2024-11-29,0.005267475243296849,0.008624546377060671,0.010321671622755879
2024-12-02,0.0028186972381589737,-0.008754403389975018,0.0024025378407415143
2024-12-03,0.00023415630360235085,0.002012776164397767,-0.008629021051076324
2024-12-04,0.006304788903140235,0.003033679807253664,0.010745545306386495
2024-12-05,-0.0016647228341970521,-0.007397709454119217,0.002020151546431981
2024-12-06,0.0019901971691769216,0.0003705687954560499,0.0014854626495688361
2024-12-09,-0.00520737665567772,0.009919751769426055,-0.009217103948183203
2024-12-10,-0.002842345086135234,0.01316431251835759,-0.00470481226644015
2024-12-11,0.007577005268905923,0.009533812345188464,-0.00945445867058392
2024-12-12,-0.005156375520084078,-0.014663722649505995,-0.012147391739655511
2024-12-13,-7.21636595482078e-05,-0.012091578404740733,-0.0102107894053316
2024-12-16,0.003923494715117659,0.002415209844427002,0.002995001136022246
2024-12-17,-0.004194925751983103,-0.0038386247250202787,0.0024330571855983862
2024-12-18,-0.02936356122434547,-0.01918507783771317,-0.012504016444954025
2024-12-19,-0.00037094227666256696,0.0014210967336203417,-0.015141696898900547
2024-12-20,0.01131822701320706,0.010434056495473909,0.0056940279401362925
2024-12-23,0.007158222178795581,-0.004708795377563968,-0.009171760513147609
2024-12-24,0.010288975354557861,0.001992014086009908,0.004228293094316715
2024-12-26,-1.810352834397122e-05,0.006751179863859091,-0.0005689952284604338
2024-12-27,-0.010365188511180512,-0.0068705038771271765,-0.008198588851670019
2024-12-30,-0.011131861386845077,-0.0031896811646235923,0.008036826645942519
2024-12-31,-0.004029652821337271,0.006233636577161361,-0.005353211683776005
2025-01-02,-0.002505332021675799,0.013587714119632333,0.0027481969160827457
2025-01-03,0.012912497829970837,-0.007864039973028869,-0.0031972705718946726
2025-01-06,0.005822896305150982,-0.0012320959587239777,-0.004467971507812862
2025-01-07,-0.01124972570158811,0.005633435188264313,-0.011277433639025336
2025-01-08,0.0013482606828676413,0.005315681488123669,0.0012802569691408028
2025-01-10,-0.015217480788531024,0.009558310004399662,-0.0066254896030014665
2025-01-13,0.0012922697608177547,-0.009951255605703757,-0.00035110152456685473
2025-01-14,0.0012722295692384478,0.005249423200524461,-0.001638824911100123
2025-01-15,0.01829027812037065,0.007488993695735191,0.01723547483074439
2025-01-16,-0.0014862633546441906,0.006910965874952435,0.003227404288386193
2025-01-17,0.00959148471331428,-0.005307269747253374,0.0017232629073911099
2025-01-21,0.009099875306050054,0.01548521901629396,0.00894581535840877
2025-01-22,0.005681034674121621,0.005135652699768123,-0.005229048535015823
2025-01-23,0.005541589175273032,-0.0014148699521492336,-0.007770244648570679
2025-01-24,-0.0030141703032828815,0.006218705580030903,0.004491073475914487
2025-01-27,-0.013917465530759787,-0.0104048052682425,0.011809579129887116
2025-01-28,0.008381189517254528,0.008656417783572623,-0.0006800960902153541
2025-01-29,-0.0043896038452982955,-0.0038404097330004827,-0.002040931703531146
2025-01-30,0.005222298415608062,0.01514551884715587,0.0037496558514584777
2025-01-31,-0.005338866442633705,0.0019763991077348386,-0.006565859853257416
2025-02-03,-0.006560243392713994,0.005337271410283728,0.008142329979631047
2025-02-04,0.006639976940221004,0.00984841707528572,0.0030623668755622724
2025-02-05,0.0041021943712415965,0.006209542410714253,0.016510598975805424
2025-02-06,0.0035996624875900274,-0.0026502562908058414,-0.00044533351300857227
2025-02-07,-0.009719845453654674,0.0017841598670260694,-0.006455157271129219
2025-02-10,0.007153180662952563,0.016938239196991,-0.00302419770744089
2025-02-11,0.0008988623389309947,-0.0036516022155236305,-0.006404887236022727
2025-02-12,-0.0033053386260739614,0.0010471549570203464,-0.013569850707948139
2025-02-13,0.01056210048997741,0.009862831092105617,0.01662278791857097
2025-02-14,3.57001181208183e-05,-0.014871773334245608,0.005299705831346868
2025-02-18,0.0028894998835906627,0.01656090548123368,-0.01177770149599311
2025-02-19,0.002418426871743762,0.000554096378723612,0.0012485976501839247
2025-02-20,-0.0042047499735328175,0.0005168326664386491,0.0037410290089108234
2025-02-21,-0.01701405316138549,-0.0009225433005247696,0.012084673134689083
2025-02-24,-0.004730128615334728,0.005429568123388684,0.0029016588018613287
2025-02-25,-0.004971646784418748,-0.013188334192659745,0.017247198491411986
2025-02-26,0.0006222856769062535,0.0015263333689308212,0.005906955182558793
2025-02-27,-0.0160586290146999,-0.015239958822878874,-0.007068544859671788
2025-02-28,0.015540073897679196,-0.006265820058134697,0.012266103563439046
2025-03-03,-0.01722402000981016,0.013180390342641513,0.004666736384649095
2025-03-04,-0.012050233464300897,0.008697635934455272,-0.012315021066350518
2025-03-05,0.01121706700416314,0.0020813110966888537,-0.007984315678209009
2025-03-06,-0.018139688230989326,-0.005081207410422395,-0.0033074795562896275
2025-03-07,0.005392313943215932,0.0005219558189655249,-0.003208074763439983
2025-03-10,-0.026439365497959555,-0.008755937163287819,0.010431797951324873
2025-03-11,-0.008205452169871452,0.011727541035094546,-0.007138926482597285
2025-03-12,0.004850496076916455,0.004346793335703092,-0.005973544416740473
2025-03-13,-0.013060605893782218,0.017756144523255468,0.008791258280166137
2025-03-14,0.020530501126917455,0.00039975774946587883,-0.005294905032108388
2025-03-17,0.007633414930291238,0.0054135329342379634,0.00499047066491265
2025-03-18,-0.010548228054220066,0.011671955843306048,0.000993263956114765
2025-03-19,0.010505670329288952,0.004107707999658539,0.005181488359977671
2025-03-20,-0.002301975387249633,-0.0012805854303336028,0.000657780824136367
2025-03-21,0.0002500178071955794,-0.008049901213267985,-0.005918371471346329
2025-03-24,0.017548965911448056,-0.004452548665506595,-0.010253654392494371
2025-03-25,0.002380121488352094,0.004400365088198743,-0.00011142784329132294
2025-03-26,-0.011664891183207682,-0.0008259812019960622,-0.006572884748409558
2025-03-27,-0.0027514313926541023,0.013405732882559862,-0.0029158853808534113
2025-03-28,-0.019972785344733457,0.007412123023167849,0.013834248351714207
2025-03-31,0.0060885534346510894,0.014363222998346137,0.009873383257364754
2025-04-01,0.003677673328587261,-0.0019782303576065807,0.008665628699729089
2025-04-02,0.006029472590937113,0.0020516615880092903,-0.0006557814061979306
2025-04-03,-0.047696112100194865,-0.006038278082531101,0.004593748916317031
2025-04-04,-0.057956984441939974,-0.02339226273628292,0.010887293389920227
2025-04-07,-0.004210330212845226,-0.02148580630415131,-0.030156015591577545
2025-04-08,-0.014712202383736384,0.005443793790763651,-0.018878494126144063
2025-04-09,0.09274424088433175,0.03699125081478161,0.00588561414454003
2025-04-10,-0.03414141826610251,0.0244235794430141,-0.02756836976375654
2025-04-11,0.017611932991037138,0.019086664805096243,0.005438511760080811
2025-04-14,0.01004999679248697,-0.005705977012200658,0.007135434882314939
2025-04-15,-0.0028054659796539205,0.005232379352138938,0.0035425799379775746
2025-04-16,-0.0219797923873003,0.0325408102664011,0.005579541139395738
2025-04-17,0.0013864707605040216,-0.004390692094044635,-0.00883251274971708
2025-04-21,-0.023827260045596543,0.03093558529908469,-0.017479717460862965
2025-04-22,0.025234514674518538,-0.014195668551963636,0.005581440460286524
2025-04-23,0.016064704721360235,-0.023978630729734163,0.009713189054378013
2025-04-24,0.021013365171746345,0.014556277018207942,0.010535881854074614
2025-04-25,0.007364405267680452,-0.010841679678267213,0.0073664202348575625
2025-04-28,0.0006126002758108928,0.01424210344049559,0.006299743056893181
2025-04-29,0.006062069485177846,-0.009738925467677184,0.008384578533919385
2025-04-30,0.000490719731188749,-0.007482221012837353,-0.008093232013885787
2025-05-01,0.007081989964380808,-0.02077228754256477,-0.005070476184245387
2025-05-02,0.014337274603110073,0.0017481999132260562,-0.010824079618056648
2025-05-05,-0.005223609283994901,0.029867754776654154,-0.005585378504837757
2025-05-06,-0.008513646380154616,0.02802400275899264,0.003324183927840396
2025-05-07,0.0045173619363769735,-0.014993060801348546,0.004227084545207482
2025-05-08,0.006668002300395992,-0.0196942722998793,-0.011149153446686322
2025-05-09,-0.0013287747057119104,0.007254674259445482,0.0014956730318969047
2025-05-12,0.03329790594197801,-0.028190568373488878,-0.009304638827282607
2025-05-13,0.006568137476504976,0.004258992599597278,-0.004058605009031657
2025-05-14,0.0012420571387623536,-0.021037827999516923,-0.00663639700348817
2025-05-15,0.004906554114887607,0.015963953531585195,0.008790398184825854
2025-05-16,0.006448498184719265,-0.012087047232674286,0.0026724027759035263
2025-05-19,0.0010250356364032154,0.012880671121226372,-0.002896921135510544
2025-05-20,-0.0035477563898868025,0.0186222454642182,-0.007205218594537599
2025-05-21,-0.016719168090048697,0.007378683875855163,-0.017090064904681457
2025-05-22,0.00046653380184813464,-0.008861493387459118,0.005240019153532671
2025-05-23,-0.006753438085567831,0.021906288045034472,0.0016585616190569752
2025-05-27,0.020548516613378753,-0.016949152542372836,0.013956308470620238
2025-05-28,-0.005705560299041457,-0.0022660178699712707,-0.0043159310671734286
2025-05-29,0.0038501102332988424,0.0059247154716217665,0.009254852959610593
2025-05-30,-0.0010324827125681724,-0.006576942326457891,0.001509040988938004
2025-06-02,0.005814246659486599,0.026581051258171673,-0.009306751894302079
2025-06-03,0.005670705726728453,-0.008855551213511115,-0.0017613319827924911
2025-06-04,-0.0006385707590434997,0.006441974072654677,0.016233377272664384
2025-06-05,-0.004674533115084367,-0.00504987891618125,0.0006944270593769453
2025-06-06,0.010218490175914363,-0.013416073696802311,-0.012723914933561842
2025-06-09,0.0010714053893581266,0.004718534884218695,0.0010544275414356985
2025-06-10,0.005696059787051677,0.000293510988597534,0.00514965421038216
2025-06-11,-0.002759716188811656,0.005412290790508978,0.0030276181356017062
2025-06-12,0.003780376262791263,0.0124202002480438,0.011957094124373624
2025-06-13,-0.01113611278301574,0.013100564311248064,-0.009635913445453337
2025-06-16,0.009657797054640538,-0.01425909653729851,-0.010077870245422504
2025-06-17,-0.008518716658253545,0.0005131941200071655,0.012169422336292257
2025-06-18,-0.00020026812925544313,-0.005385627565021256,0.0017342330932796912
2025-06-20,-0.002767434345758435,-0.00041901914110908933,-0.0018467144148218706
2025-06-23,0.010297226876252896,0.0030631724583116693,0.0032372861920171303
2025-06-24,0.010987318260567314,-0.015719378751237634,0.0072606689815168934
2025-06-25,0.0005006094568569264,0.003037305817845004,0.0012585887998062262
2025-06-26,0.00791476920015488,-0.0011070472235482631,0.005028026980781641
2025-06-27,0.004963200394596301,-0.018123728993798327,-0.006367275466922728
2025-06-30,0.004998127778080619,0.01198454729743359,0.009841127808335681
2025-07-01,-0.0004577096405283809,0.008923010663382636,0.0024794901403804026
2025-07-02,0.004438335954132455,0.005527596405484614,-0.006353650804249322
2025-07-03,0.008644694293159061,-0.006822911403597365,-0.00696491023693091
2025-07-07,-0.008014260935438,0.000748780548875283,-0.009543780166357485
2025-07-08,-0.0006659272525614268,-0.010443411868664265,-0.0012769191611515796
2025-07-09,0.005927377148337243,0.004471282664348264,0.010461489807659374
2025-07-10,0.0029289454310712504,0.0022257895319868215,0.0006901380183550465
2025-07-11,-0.0035982919277495196,0.009601575193336043,-0.013794719898497121
2025-07-14,0.0019712323116187758,-0.0036553174266280575,-0.0020980201931749543
2025-07-15,-0.004335232768635233,-0.004155705135267751,-0.007008542048012267
2025-07-16,0.003287368915880995,0.004988096125243757,0.0014113557820520928
2025-07-17,0.005995847339681726,-0.0021735334020257513,-0.00023468981844732006
2025-07-18,-0.00045045363141593686,0.002600924347578637,0.001527400587892025
2025-07-21,0.0017854994324508766,0.015370115792427752,0.00891585161016728
2025-07-22,0.0,0.009484882235462067,0.006046656641725878
2025-07-23,0.008495497832796461,-0.01240118112003663,-0.005547918129852669
2025-07-24,0.0006862602788058059,-0.006118276977772341,-0.0017432856729969748
2025-07-25,0.003977622314242035,-0.0092499926477293,0.006287012746917453
2025-07-28,-0.0002391861596003908,-0.00647361832754334,-0.00647898599264618
2025-07-29,-0.0025963392386786355,0.002750389076383808,0.01688583734321525
2025-07-30,-0.0012157237554113465,-0.017273497289540862,-0.005153377667542758
2025-07-31,-0.0037551708648805304,0.0066454015709211944,0.0005752962460994215
2025-08-01,-0.016470962122335453,0.020299689958884537,0.014216705743845814
2025-08-04,0.01520681534721846,0.005823229257701401,0.0027329316716009355
2025-08-05,-0.00480931311418431,0.0008040912066364925,0.00306610028715526
2025-08-06,0.0074307249013412235,-0.00212110700071233,-0.005773880104192219
2025-08-07,-0.0006019097814852215,0.008437987494967825,-0.0017079226928542468
2025-08-08,0.0076555193703475855,-0.00022357985855403495,-0.004334255583404278
2025-08-11,-0.002048763567180756,-0.014374701087597641,0.0011452834544436463
2025-08-12,0.010675188448601824,-0.0009074665058316222,-0.005034783863102965
2025-08-13,0.0034868027609673558,0.0030492830145867345,0.008280645115827712
2025-08-14,1.697967428815339e-05,-0.006338706734070332,-0.007414177984671144
2025-08-15,-0.002159090388250795,0.0005858183101099534,-0.007124778610459237
2025-08-18,-0.0003550419771108926,-0.0015612675411803556,-0.002893629833597089
2025-08-19,-0.005462027613926335,-0.005473279447945512,0.005803961483316522
2025-08-20,-0.00263539086958553,0.010122175284489776,0.0021926842801767155
2025-08-21,-0.003938158923863289,-0.0034698951143765644,-0.004951475338773381
2025-08-22,0.015301226379067279,0.01070642694476942,0.007406333585417091
2025-08-25,-0.004231235500153252,-0.0024148368614391735,-0.0028719314019302056
2025-08-26,0.003995269868116935,0.007262047243691283,-0.0005759668113196614
2025-08-27,0.0022930716559641517,0.0020187288833615202,-0.0011526898065106206
2025-08-28,0.0035329818913640842,0.007419038046796889,0.006578052840529924
2025-08-29,-0.005766772198780856,0.00964990177666114,-0.007108349971886696
2025-09-02,-0.0073683826898246485,0.023642559312442524,-0.007441692269844258
2025-09-03,0.005112748702196468,0.007831992196408066,0.010977453683596927
2025-09-04,0.008230378801984184,-0.004418882618094533,0.007624006583711651
2025-09-05,-0.0027321748210950014,0.01334594055214322,0.015246979517816728
2025-09-08,0.0025883217033930705,0.011388067271604019,0.013324186739709587
2025-09-09,0.0024308990040147194,-0.002269905468609168,-0.005682975045482874
2025-09-10,0.0028931703086136906,0.0035922056391106683,0.005715455838385841
2025-09-11,0.008154496316399085,-0.0014913797811720864,0.006686166801012305
2025-09-12,-0.00021512504781828756,0.0019715725978484144,-0.004317054959318334
2025-09-15,0.005211519247566576,0.01040483601055886,0.0023346059133946273
2025-09-16,-0.0013168597793354886,0.0020064107533963593,0.0021074817460433604
2025-09-17,-0.001153415450108386,-0.007715171664187115,-0.0025457550613958713
2025-09-18,0.004702235561531376,-0.0040063094596702875,-0.010319503903103877
2025-09-19,0.004663900117003239,0.010607227252210416,-0.0019063043665543677
2025-09-22,0.0048708890864042065,0.01730643093326134,-0.0035946481018321874
2025-09-23,-0.00523774900152274,0.004086375052867464,0.006989986919748725
2025-09-24,-0.003335919207619664,-0.009063049726670935,-0.0038065240277226353
2025-09-25,-0.0047743124159277395,0.004165188877066628,0.0
2025-09-26,0.00588524310440941,0.00577227044053652,-0.0008992227569714073
2025-09-29,0.002810680098553009,0.016496514338703028,0.008211491384939151
2025-09-30,0.003687648119826248,0.008540004081594166,-0.002900657294782727
2025-10-01,0.003576256089057761,0.0015753722020723782,0.0025824205060882566
2025-10-02,0.0011064081694245331,-0.003482825151325697,0.002911843166714778
2025-10-03,8.137255176721148e-05,0.008032937892485048,-0.0018983594551619243
2025-10-06,0.0034129655259655944,0.01884573861512795,-0.007943616283852983
2025-10-07,-0.003563335683556268,0.005159462258136571,0.005751598727438578
2025-10-08,0.0058029445241385424,0.01649095687844504,0.00078505168858789
2025-10-09,-0.0026988789884324627,-0.018452848086064955,-0.0007844358658867234
2025-10-10,-0.02688380259026757,0.010097700011942212,0.016147278371571927
2025-10-13,0.015153735427828607,0.02430104394061705,-0.0005517276718539632
2025-10-14,-0.001410576861690771,0.007141189222626965,0.003201839686079122
2025-10-15,0.0044022921578728,0.017332403569977117,-0.002201168974482637
2025-10-16,-0.006607378691075305,0.02338727694573084,0.007500554510072366
2025-10-17,0.005548263760961403,-0.01881705572696646,-0.0015327124021478067
2025-10-20,0.010495080191700756,0.03640197438905224,0.0038378810014514375
2025-10-21,-0.000129511668173099,-0.06426889260666147,0.004915280160286306
2025-10-22,-0.005056099886587728,0.00010605594835544352,0.0006520902105660031
2025-10-23,0.0056517869375618535,0.004002358382396931,-0.00684339218329888
2025-10-24,0.008276145726866968,-0.0033528327110016187,0.00043761099530681413
2025-10-27,0.01196680788515514,-0.027839530498784404,0.0033889585806603506
2025-10-28,0.002682635737262906,-0.007166030388359279,0.002614960042242709
2025-10-29,0.0004115789981629092,-0.0037872684129753864,-0.010106541960299142
2025-10-30,-0.010618013916404712,0.01964188672951095,-0.005818242889599867
2025-10-31,0.0028789620569129593,-0.005430550723012573,-0.002981636756059336
2025-11-03,0.001961690709285424,0.0017929035935666526,-0.002501007668318511
2025-11-04,-0.011587433611977005,-0.017517195825319742,0.0022289175187513166
2025-11-05,0.0030112163495383815,0.011564369498527016,-0.010896234849946285
2025-11-06,-0.010628332352743741,-0.0012005195756799036,0.008992772278365146
2025-11-07,0.0010547446973221408,0.006119021470095687,-0.0021169421660121035
2025-11-10,0.015529487959131671,0.02734111859838051,-0.00022307598072279777
2025-11-11,0.0022986673135896307,0.003937814406542062,0.004578413087519939
2025-11-12,0.0004935924675808501,0.016110762091908537,0.001778632160005067
2025-11-13,-0.016284044312597223,-0.008083098515826892,-0.008211348599985513
2025-11-14,-0.00025877928916706594,-0.018047911171504505,-0.005705847183706925
2025-11-17,-0.009371590619817738,-0.011463979297139493,0.002475480988416656
2025-11-18,-0.00823466687701735,0.007264932736103624,-0.0003367724376971415
2025-11-19,0.003624286340229599,0.0016294519610446923,-0.002021137432452691
2025-11-20,-0.01516733620827515,-0.0002933255655774847,0.003937879257207344
2025-11-21,0.009950537782298596,-0.0015473311468576778,0.0030258415158348484
2025-11-24,0.014869707886471684,0.01584423909859023,0.005698462679159189
2025-11-25,0.009301775977488491,-0.00031569077041548876,0.0025552091984011316
2025-11-26,0.0069120377563589575,0.007998338908444147,0.004432783281322017
2025-11-28,0.005536426487820378,0.012424331348639184,-0.004744059000273193
2025-12-01,-0.004598918292398113,0.004821066034977672,-0.012449028881072466
2025-12-02,0.0016946482822168818,-0.006440050713598433,0.0004507051873161583
2025-12-03,0.003495109716155298,-0.0009296182229129313,0.0028150161573643473
2025-12-04,0.0008428465334728852,0.0006461951944911615,-0.0053896094053390575
2025-12-05,0.001875187819684987,-0.0017823532991587676,-0.004628567176164111
2025-12-08,-0.0029660867131074964,-0.002639449868615862,-0.0032891320308722216
2025-12-09,-0.000811223469191602,0.005137202012788666,0.0010240871588005351
2025-12-10,0.0064638794826190615,0.004259147967166088,0.003865025196834182
2025-12-11,0.002451954749838059,0.010769830543307712,-0.0013588008368067284
2025-12-12,-0.0107935606535432,0.005594579039939429,-0.009638502232629187
2025-12-15,-0.0014517008859619152,0.0009103412637567754,0.000687217137566698
2025-12-16,-0.0027956700463993567,0.00022745542760316262,0.0054918840682340875
2025-12-17,-0.01098989235725989,0.008588228474273762,-0.0009104494170563138
2025-12-18,0.007548387875458085,-0.0018032036998043566,0.004783698219611443
2025-12-19,0.008922605706582765,0.0011289903434381632,-0.003732371370817167
2025-12-22,0.006297721702520187,0.02308160549906857,-0.0021702608336992
2025-12-23,0.004668670924617757,0.013252341857567629,0.001602565545137935
2025-12-24,0.003335033477966931,-0.004134082564786756,0.00605714188138351
2025-12-26,9.460787358062106e-05,0.011676735474757116,-0.0032942770144204214
2025-12-29,-0.003528597893055596,-0.0435283019531133,0.003761096350085591
2025-12-30,-0.0013911020720053235,0.0007275678386380324,-0.002384513599853033
2025-12-31,-0.007265853666360345,-0.006467991163222386,-0.007967138306742783
2026-01-02,0.0018656933806269205,0.004970859258759619,-0.0014914788747008023
2026-01-05,0.006621071261690981,0.026313174195160993,0.004940770837958519
2026-01-06,0.005929244996783822,0.010813149047262716,-0.0020581239745907087
2026-01-07,-0.003206638474218093,-0.009559953917111952,0.005843287557880883
2026-01-08,-0.00017332413714843398,0.005522515913727544,-0.005012028671745661
2026-01-09,0.006702899305140342,0.007242001159325273,0.006639934676474724
2026-01-12,0.0016136770239001397,0.018722729613168898,-0.002956836465801471
2026-01-13,-0.0020490474772195677,-0.0014210408732292512,0.0017110848175487803
2026-01-14,-0.0048430594091642964,0.010222226854541994,0.005807267281954909
2026-01-15,0.002645935033731117,-0.006127660830587689,-0.00022639839065730083
2026-01-16,-0.0008325157843777076,-0.004818883830700504,-0.005775223201624158
2026-01-20,-0.02034301469097588,0.03783617488689295,-0.01309778921907312
2026-01-21,0.011457810652963252,0.014568979615140476,0.007616725522260781
2026-01-22,0.005203966452220765,0.01846258414950319,0.004352273103921389
2026-01-23,0.000410459655692641,0.013745304981574558,0.0027368782029564276
2026-01-26,0.005143318075213843,0.014628847613605389,0.0047766207621575685
2026-01-27,0.004096664827313745,0.024531942321975864,-0.006225303083100875
2026-01-28,-0.00015637106998900308,0.038773348494905324,-0.00227782965610257
2026-01-29,-0.0020793212376579717,0.0027094717415592218,0.00022828504696126295
2026-01-30,-0.003211874729477593,-0.10274245274560045,-0.0055923802685753365
2026-02-02,0.005438353742200475,-0.04004945911975222,-0.002857087673132419
2026-02-03,-0.008644835724602395,0.06358720612372104,0.0024261962944411852
2026-02-04,-0.005109252342394233,-0.0007044119795716064,-0.002535629238671011
2026-02-05,-0.012378942852334762,-0.026631707613677613,0.010862070479441321
2026-02-06,0.01948321295033506,0.03073229479090611,0.0006858679238135323
2026-02-09,0.004706861750291003,0.02540290594406658,-0.00022846594380865337
2026-02-10,-0.002804613497801367,-0.009913720520981939,0.011540211452241378
2026-02-11,-0.0001414451857935095,0.011310577541873812,-0.005308866386464994
2026-02-12,-0.01549458828079553,-0.03472828959819363,0.013286289696626818
2026-02-13,0.0006385750494271036,0.024878663914389865,0.005491357924107376
2026-02-17,0.0017545444091136009,-0.0311702543391007,0.0016720788760207217
2026-02-18,0.005032057832192294,0.022489929267582198,-0.003783224818010633
2026-02-19,-0.0025667688756069174,0.0027930496262249527,0.0010051136810085293
2026-02-20,0.007132329487871125,0.019714504323102178,-0.00234326001340035
2026-02-23,-0.01007851793166703,0.027015500392687075,0.003690889474135206
2026-02-24,0.007297253323045982,-0.01385890426498504,0.0017830076620006796
2026-02-25,0.008414991558492124,-0.0025072627221415233,0.00011119062150677372
2026-02-26,-0.005615481356488261,0.008575889154321725,0.0040039856883258285
2026-02-27,-0.004590420858804234,0.01313141674919538,0.006092761462318297
2026-03-02,0.00038047977234278996,0.012919896640826822,-0.010041985728733827
2026-03-03,-0.008807626233547694,-0.04461221500318879,-0.0020087470329288593
2026-03-04,0.007127868156814321,0.007818116439543887,-0.003130939101876784
2026-03-05,-0.00534762745316808,-0.012017768242597593,-0.004038136289792882
2026-03-06,-0.013369332601200212,0.01583250339069653,-0.0037166551879634913
2026-03-09,0.008683321639860964,-0.0020696732193965506,0.008704517817570201
2026-03-10,-0.001731439882889374,0.01127967872100144,-0.010646704707862664
2026-03-11,-0.0011078780334262683,-0.003390104145245987,-0.01291340839068622
2026-03-12,-0.015320975109708757,-0.019653925633074443,-0.0019509052494252055
2026-03-13,-0.005567154490291548,-0.012936961278600778,-0.004944299090189008
2026-03-16,0.01001477460783784,-0.0008896876689686861,0.007742240031094472
2026-03-17,0.0027635200973570306,-0.002519392047785618,0.002751976690655411
2026-03-18,-0.013795148509844868,-0.03163716142328721,-0.005603221524256297
2026-03-19,-0.0026791875755300953,-0.041215062676522196,0.006094686132957161
2026-03-20,-0.014519979228690527,-0.0305574415876555,-0.018973545164309047
2026-03-23,0.010853850478142801,-0.02259421410703788,0.006524522404996347
2026-03-24,-0.003391493885852692,0.00022274115430986896,-0.004398700553595147
2026-03-25,0.005444978741605766,0.030089336389747867,0.009649923495799406
2026-03-26,-0.017732708274993514,-0.0375939695290467,-0.008406194693129976
2026-03-27,-0.017010337742954462,0.035093842463368,-0.005458110419310214
2026-03-30,-0.0034823390263478693,-0.0002894276132928697,0.013311577396302177
2026-03-31,0.02860936196039754,0.037893826237359374,-0.0010370374235909585
2026-04-01,0.007949122664680175,0.017499822514495555,-0.0009845240315822235
2026-04-02,0.0011455948159597718,-0.019208815315471695,0.006144305716534015
2026-04-06,0.004444454821595389,-0.004098669687746526,-0.001613075499316885
2026-04-07,0.0006109465244419354,0.009727589667910319,-0.000115328908173562
2026-04-08,0.025245926277871256,0.00629906958171822,0.003231556623465748
2026-04-09,0.0059226779118535244,0.007778530578574028,-0.0025310548322443616
2026-04-10,-0.000672047091481609,-0.0017811851128632927,-0.0024222149147946626
2026-04-13,0.009798277728187976,-0.004049183335572026,0.0030062572663505094
2026-04-14,0.012097291936856491,0.022349346089928224,0.005302600542326452
2026-04-15,0.007989368987907808,-0.010402401583740839,-0.00435730022345171
2026-04-16,0.0021912780019623934,-0.0008627455164704756,-0.006334240050170248
2026-04-17,0.01228178322550555,0.013293051904224695,0.009156184866187411
2026-04-20,-0.0018996458489249912,-0.008611208936292747,-0.00022963453810631584
2026-04-21,-0.006584374898709,-0.028320000717914517,-0.005514192190453682
2026-04-22,0.01027430944096297,0.013245809401008168,0.0019638409282560776
2026-04-23,-0.00403739238129297,-0.00969535708776803,-0.0021904999794685187
2026-04-24,0.007923106689458947,0.005127114447075254,0.0018486527226699856
2026-04-27,0.0016453495794352957,-0.007755303754327758,-0.004959030508279949
2026-04-28,-0.0049277543544711255,-0.0185629131043068,0.0010431324872901548
2026-04-29,-3.0594284145646355e-05,-0.010665781709228828,-0.007757399779093177
2026-04-30,0.009690638349153069,0.014973287523456946,-0.0009334034005974434
2026-05-01,0.002936843819084878,-0.0011330099187530918,0.003575424758808232
2026-05-04,-0.00362258516650793,-0.02001512681908002,-0.007592566362550679
2026-05-05,0.007847086823611571,0.008584306218673232,0.0055319275061957995
2026-05-06,0.014068752947129948,0.030339261182306565,0.007608655134311748
2026-05-07,-0.0031423033438270354,0.001670691560653026,-0.004995488596193698
2026-05-08,0.008177920978619913,0.004841540894531038,0.005020568790332192
2026-05-11,0.0021828604960840714,0.0020287362083613036,-0.006040978524565754
2026-05-12,-0.0012509763822469155,-0.003957209812161522,-0.006662071697279726
2026-05-13,0.005510847708523059,-0.005612899814961714,-0.0022354018549641808
2026-05-14,0.007795828918920167,-0.007642296271595517,0.0014150583516265858
2026-05-15,-0.012054062954770961,-0.02322039069444226,-0.014837436650951163
2026-05-18,-0.0007801166562249051,0.00273187497307803,-0.0011954846098027883
2026-05-19,-0.006363018251886676,-0.016561892782745447,-0.006462397909125506
2026-05-20,0.01034700129968158,0.014337773746013083,0.010720418147265764
2026-05-21,0.0018633212922920528,-0.0009822799906678004,0.003694332918419585
2026-05-22,0.003968654522935822,-0.0076020599640161945,0.005461946601741596
2026-05-26,0.006505773459862363,0.00043495402009452455,0.004959860231603441
2026-05-27,-7.247856648218143e-05,-0.013309202332427494,0.0023501469479183523
2026-05-28,0.005724890988149545,0.010477609933210896,0.005158346091886035
2026-05-29,0.00227699184077923,0.010538571648365469,0.0002332423588726762
2026-06-01,0.0026024877526233947,-0.014048680044494555,0.0005385639234991579
2026-06-02,0.00137682934216099,0.001677776649860796,0.0021058695888718226
2026-06-03,-0.007017487569555558,-0.009904155768766576,-0.003969594883797445
2026-06-04,0.003894049849806125,0.008335974543818736,0.0022271571864720396
2026-06-05,-0.025946051286182326,-0.036545333189379026,-0.005146246614174843
2026-06-08,0.002477858400842914,0.002599431669397134,-0.005172685996755355
2026-06-09,-0.0029130344173057265,-0.01633647245916592,0.005908711034716685
2026-06-10,-0.015715012568198405,-0.04145558180468856,-0.0028195832145171407
2026-06-11,0.016760340465034496,0.03134182597256352,0.012959547140083405
2026-06-12,0.005484909819208905,0.0005694792310315666,-0.00244246934458614
2026-06-15,0.017420654817781323,0.025896360083728753,-0.0005830027566429141
2026-06-16,-0.005880436390790278,0.002723533282284807,0.00548300859771178
2026-06-17,-0.012091355647161683,-0.02270955075927472,0.0016244351727598971
2026-06-18,0.009832548255431117,-0.003808571701190089,0.004864954989466375
2026-06-22,-0.0029210253870163294,-0.0065354381359996605,-0.007608095028768802
2026-06-23,-0.014225285236405316,-0.018903219228002643,0.0012776772165283834
2026-06-24,-0.0009610842775608086,-0.030213064971899906,0.013689031539361851
2026-06-25,2.9623965879022052e-05,0.009674185334065832,-0.00034323285425585937
2026-06-26,-0.005176974399219714,0.011286779419095394,0.00011450913837696142
2026-06-29,0.016038551969942194,-0.013516094115971211,0.0010302875564198732
2026-06-30,0.008516743821379125,-0.0005425733809176769,-0.011778305423644109
2026-07-01,-0.0019655735803734142,0.006026389031102086,-0.006759352683941788
2026-07-02,-0.000904494933786526,0.020318398961908235,-0.00011688874178894526
2026-07-06,0.008439880899278274,0.01057837238078907,-0.0007017741378964049
2026-07-07,-0.005125797185676739,-0.012142502784779907,-0.010532384774988857
2026-07-08,-0.002648901552875116,-0.008053135463158334,-0.0022471836538101586
2026-07-09,0.007923988848610009,0.009961224054354512,0.0015409040991603007
2026-07-10,0.004589588525896193,-0.003093719744077794,-0.00023662743292818256
2026-07-13,-0.007724880328481176,-0.02620621369961662,-0.005919270738271143
2026-07-14,0.0037762898851669835,0.013673600487310367,0.001310059703594657
2026-07-15,0.0039068330233149595,0.0005374505181017231,0.0019028903136051323
2026-07-16,-0.005275256859219479,-0.01984695723728025,-0.00035617704281043494
2026-07-17,-0.010099445895528691,0.009453124418586922,0.0036811987299434357
2026-07-20,-0.0014051567860325909,-0.0021986307389650905,-0.007453757119730509
2026-07-21,0.008296525941036581,0.019613686984128575,-0.002741594665815583
2026-07-22,-0.00122111129468494,0.011499153135369422,-0.0026298279959032778
2026-07-23,-0.012255714577614318,-0.020046439653404247,-0.003235867191303532
2026-07-24,0.0007810514261743506,0.0010228383237773642,0.0009619017029653953
2026-07-27,0.0002502914075004359,0.007340712640850455,0.006006015991534719
2026-07-28,0.0024289711913449974,-0.01404054586409964,0.005850800009034485
2026-07-29,-0.015169784945552323,0.004629481218515252,-0.016500526780552027
2026-07-30,0.016641028679415193,0.016384653740035837,-0.000603464173932089
2026-07-31,0.007128362902576679,-0.014900824749758845,-0.006642578531842247
2026-08-03,0.014199373266344795,0.00045750903333918735,0.0032959594930270786
2026-08-04,0.018064267107503307,0.00659119276681408,0.007665152303669043
2026-08-05,-0.0019464652329111987,0.04137270374924307,0.0021733974049249483
2026-08-06,-0.0016958044280334095,7.699101265035146e-05,-0.0057831880715829564
2026-08-07,0.0061013553364026585,0.022583179330530445,0.0029084603452897984
2026-08-10,-8.441918185875252e-05,0.01021408716277361,-0.00845826958468221
2026-08-11,-0.003138030573832662,-0.003925118140567174,0.001584270596217685
2026-08-12,0.00247028604813071,0.009876351898066904,-0.0009733792969137678
2026-08-13,0.0067308241856227635,-0.014719010607066263,0.005845779578274479
2026-08-14,-0.0018742944717661247,0.006316471789712619,-0.006659363813487751
2026-08-17,-0.004680379883791885,0.009987992274373525,-0.008410489858243442
2026-08-18,-0.006856540446971815,-0.017115101749848094,0.0038107683059835917
2026-08-19,0.0021405566745238414,0.0383640923679176,0.016654282121715935
2026-08-20,-0.008346131194983064,0.003431310265562093,-0.008190822577626156
2026-08-21,0.0038516029292277043,0.019505792504578512,-0.0035219095046445936
2026-08-24,-0.002671561899235786,0.007865686897826407,0.00621567092815023
2026-08-25,0.003120417178061441,0.0032342095547504,0.01102236030514292
2026-08-26,0.0002556641441830987,-0.015768448815633995,-0.00203664305951734
2026-08-27,0.0064612151577627674,0.0030380678748822554,-0.0020408913798588557
2026-08-28,-0.002130525242504455,-0.03244200486764748,-0.003007345761939284
2026-08-31,-0.003322741386779793,-0.0011494563424524484,-0.004343648119223276
